id	english	chinese	partOfSpeech	note	level	academic	ceecLevel
1	a	一(個)	art.	後接母音開頭之字時為 an	初級		1
2	A.M.	上午	adv.	= a.m.= AM	初級		1
3	ability	能力、才能	noun		初級		1
4	able	能夠的、有才能的	adj.		初級		1
5	about	大約、關於；大約、幾乎、在周圍	prep./adv.		初級		1
6	above	上文、前文；前文述及的、上述的	adv./adj.		初級		1
7	above	在…上面、超過、大於	prep./adv.		初級		1
8	abroad	在國外、到國外	adv.		初級		1
9	absent	缺席的、不在場的、心不在焉的	adj.		初級		2
10	accept	收受、接受(提議、邀請)、同意、接納	verb		初級		2
11	accident	意外事故	noun		初級		2
12	achieve	達到、完成、實現	verb		初級	L2	
13	across	在...各處、遍及	prep.		初級		1
14	across	橫過、在對面	prep./adv.		初級		1
15	act	行為、作為；行事、表現	noun/verb		初級		1
16	act	表演者、(戲劇的)幕；演出、扮演	noun/verb		初級		1
17	action	行動、行為、動作	noun		初級		1
18	active	活躍的、積極的	adj.		初級		2
19	activity	活動	noun		初級		2
20	actor	演員	noun		初級		1
21	actress	女演員	noun		初級		1
22	actually	實際上、事實上	adv.		初級		
23	add	加上、增加、補充說	verb		初級		1
24	addition	加法、添加、增加的人或物	noun		初級		2
25	address	地址、網址、位址；演講、演說	noun		初級		2
26	admire	欽佩、欣賞	verb		初級		3
27	admit	承認；准許進入	verb		初級		2
28	adopt	領養、接受、採納	verb		初級		
29	adult	成年人；成年的、成熟的、僅限成人的	noun/adj.		初級	L7	2
30	advance	預先的、事先的	adj.		初級		2
31	advance	前進、發展、進展	noun		初級		2
32	advance	(使)前進、使發展、促進	verb		初級		2
33	advantage	優點、優勢、好處	noun		初級		3
34	adventure	冒險、冒險經歷、奇遇	noun		初級		3
35	advertisement	廣告	noun	= ad	初級		
36	advice	建議、忠告	noun		初級		2
37	advise	建議、忠告、正式告知	verb		初級		3
38	affair	事務、事件	noun		初級		2
39	affect	影響、(疾病)感染	verb		初級	L2	2
40	afraid	害怕的、擔憂的	adj.		初級		1
41	after	在...後面；在...以後；以後、後來	prep./conj./adv.		初級		1
42	afternoon	下午	noun		初級		1
43	again	又、再一次	adv.		初級		1
44	age	年齡、老化；時代、時期	noun		初級		1
45	age	衰老、使變老、使成熟	verb		初級		1
46	ago	在…以前	adv.		初級		1
47	agree	同意、贊成、相符	verb		初級		
48	ahead	在前面、領先、提早	adv.		初級		2
49	aid	幫助、援助；救援物資、輔助設備	noun/verb		初級	L7	2
50	aim	計劃、瞄準；目標、瞄準	verb/noun		初級		2
51	air	空氣、空中	noun		初級		1
52	air conditioner	冷氣機、空調	noun		初級		
53	aircraft	飛機	noun		初級		2
54	airline	航空公司	noun		初級		3
55	airplane	飛機	noun	= plane, aeroplane (British English)	初級		1
56	airport	機場	noun		初級		1
57	alarm	鬧鐘、鬧鈴裝置；警報、警報器	noun		初級		2
58	album	相簿、集郵簿、音樂專輯	noun		初級		2
59	alike	相似地、同樣地；相似的	adv./adj.		初級		2
60	alive	活著的、仍然存在的	adj.		初級		2
61	all	全部(的/地)	adj./pron./adv.		初級		1
62	allow	准許	verb		初級		1
63	almost	幾乎、差不多	adv.		初級		1
64	alone	單獨(的)、獨自(的)、孤獨無伴(的)	adv./adj.		初級		2
65	along	向前、一起、來到	adv.		初級		1
66	along	沿著	prep.		初級		1
67	aloud	大聲地	adv.		初級		2
68	alphabet	字母表	noun		初級		3
69	already	已經	adv.		初級		1
70	also	也、此外	adv.		初級		1
71	although	雖然	conj.		初級		1
72	altogether	全部、總共、總之	adv.		初級		2
73	always	總是、一直	adv.		初級		1
74	am	(主語為第一人稱單數)是	verb		初級		1
75	ambulance	救護車	noun		初級		3
76	America	美國、美洲	noun		初級		
77	American	美國的、美洲的；美國人	adj./noun		初級		
78	among	在...之中、在三者或以上之間	prep.		初級		2
79	amount	數量	noun		初級		2
80	ancient	古代的、古老的	adj.		初級		2
81	and	和、又、加上、接連	conj.		初級		1
82	angel	天使	noun		初級		3
83	anger	憤怒、怒氣	noun		初級		2
84	angry	生氣的、憤怒的	adj.		初級		1
85	animal	動物	noun		初級		1
86	ankle	腳踝	noun		初級		2
87	another	另一個、再一個；另外的、再一	pron./adj.		初級		1
88	answer	答案、回答；答覆、作答	noun/verb		初級		1
89	ant	螞蟻	noun		初級		1
90	any	(用於否定或疑問句)稍、根本	adv.		初級		1
91	any	任何一個、一些；任何的、絲毫的	pron./adj.		初級		1
92	anybody	任何人	pron.	= anyone	初級		1
93	anymore	再也不、不再	adv.	=any more	初級		
94	anyone	任何人	pron.	= anybody	初級		1
95	anything	任何東西、任何事情	pron.		初級		1
96	anytime	在任何時候	adv.	=any time	初級		2
97	anyway	無論如何、不管怎樣、反正	adv.		初級		2
98	anywhere	任何地方	adv.	= anyplace	初級		
99	apartment	公寓	noun	= flat (British English)	初級		1
100	apologize	道歉	verb	= apoligise (British English)	初級		3
101	appear	出現、顯現	verb		初級		1
102	appear	看來好像、似乎	verb	=seem	初級		1
103	appearance	出現、公開露面；外貌、外表	noun		初級		2
104	apple	蘋果	noun		初級		1
105	apply	申請、請求；應用；適用；塗、敷	verb		初級		2
106	appreciate	欣賞、賞識；感激、感謝	verb		初級	L8	2
107	April	四月	noun	= Apr.	初級		
108	are	(主詞為we、you、they的現在式)是	verb		初級		
109	area	地區、範圍、面積	noun		初級	L1	1
110	argue	爭吵、爭論	verb		初級		
111	arm	手臂、袖子、扶手	noun		初級		1
112	arm	武裝、備戰	verb		初級		1
113	armchair	扶手椅	noun		初級		
114	army	軍隊、陸軍；大批、大群	noun		初級		2
115	around	圍繞、在...附近、大約	prep./adv.		初級		1
116	arrange	安排、籌劃；排列、佈置	verb		初級		
117	arrest	逮捕	verb/noun		初級		3
118	arrive	到達、來臨	verb		初級		1
119	art	藝術、美術	noun		初級		1
120	article	文章、報導；物品、物件、(語法)冠詞	noun		初級		2
121	artist	藝術家、畫家	noun		初級		2
122	as	像...一樣、和...一樣	adv.		初級		1
123	as	因為、當...時、以...的方式	conj.		初級		1
124	as	作為、以...的身分	prep.		初級		1
125	Asia	亞洲	noun		初級		
126	Asian	亞洲的、亞洲人的；亞洲人	adj./noun		初級		
127	ask	詢問、請求	verb		初級		1
128	asleep	睡著的	adj.		初級		2
129	assistant	助手、助理；(常用於頭銜)助理的、副的	noun/adj.		初級		3
130	assume	假定為、假設	verb		初級	L1	3
131	at	在...時刻、在...地點或位置、對著	prep.		初級		1
132	attack	攻擊、進攻、抨擊	noun/verb		初級		1
133	attend	出席、參加	verb		初級		2
134	attention	注意力、關注	noun		初級		2
135	audience	聽眾、觀眾	noun		初級		3
136	August	八月	noun	= Aug.	初級		
137	aunt	姑姑、阿姨、舅媽	noun	= auntie= aunty	初級		1
138	Australia	澳洲	noun		初級		
139	autumn	秋天	noun	= fall	初級		
140	available	有空的、可獲得的	adj.		初級	L1	2
141	avoid	避免、避開	verb		初級		2
142	aware	意識到、發覺、有...意識的	adj.		初級	L5	3
143	away	去別處、(距此)...遠、逐漸消失	adv.		初級		1
144	baby	嬰兒、幼稚的人、(暱稱)寶貝	noun		初級		1
145	babysit	當臨時保姆	verb	= baby-sit	初級		
146	babysitter	保姆	noun	= baby-sitter=baby sitter	初級		
147	back	回原處、返回、向後、在背面	adv.		初級		1
148	back	背部、後面；背部的、後面的	noun/adj.		初級		1
149	back	贊助、支持；使倒退、後退	verb		初級		1
150	backward	向後地、倒退地；向後的、倒退的、落後的	adv./adj.	adv.= backwards (British English)	初級		2
151	bad	壞的、不好的、劣質的	adj.		初級		1
152	badly	差地、嚴重地；很、非常	adv.		初級		3
153	badminton	羽毛球	noun		初級		2
154	bag	袋子、一袋(的量)	noun		初級		1
155	bake	烘烤	verb		初級		2
156	bakery	麵包店	noun		初級		2
157	balcony	陽台、(劇院的)樓座	noun		初級		2
158	ball	球、球狀物	noun		初級		1
159	balloon	氣球	noun		初級		2
160	banana	香蕉	noun		初級		1
161	band	樂團、樂隊；帶、細繩；(數目、年齡、價格等的)範圍	noun		初級		1
162	bank	銀行；堤、岸	noun		初級		1
163	banker	銀行家、莊家	noun		初級		3
164	bar	條狀物、條紋、欄杆；酒吧、吧檯	noun		初級		
165	bar	障礙；阻擋、禁止	noun/verb		初級		
166	barbecue	烤肉、烤肉架、烤肉聚會；燒烤	noun/verb	= Bar-B-Q = BBQ	初級		2
167	barber	理髮師	noun		初級		2
168	bark	樹皮	noun		初級		2
169	bark	吠叫、咆哮；狗吠聲	verb/noun		初級		2
170	base	(棒球運動中的)壘	noun		初級		2
171	base	以...為據點、將總部設在；基地、基底、基礎	verb/noun		初級		2
172	baseball	棒球	noun		初級		1
173	basement	地下室	noun		初級		3
174	basic	基本的	adj.		初級		2
175	basis	基礎、根據	noun		初級		2
176	basket	籃子、線上購物籃	noun		初級		1
177	basketball	籃球	noun		初級		1
178	bat	蝙蝠	noun		初級		1
179	bat	球棒、球拍；用球棒或球拍擊球	noun/verb		初級		1
180	bath	沐浴、洗澡；(給...)洗澡	noun/verb	動詞=bathe	初級		1
181	bathe	(給...)洗澡、浸泡	verb	=bath	初級		2
182	bathroom	浴室、廁所	noun		初級		1
183	be	是(助動詞)	verb		初級		1
184	beach	海灘、湖濱	noun		初級		1
185	bean	豆子、豆莢，豆科植物	noun		初級		1
186	bear	熊	noun		初級		1
187	bear	承擔、忍受、負荷；具有；生孩子、結果實	verb		初級		1
188	beard	鬍鬚	noun		初級		2
189	beat	跳動聲、擊鼓聲；節拍	noun		初級		2
190	beat	打敗、戰勝；敲打、攪打	verb		初級		2
191	beautiful	美麗的、極好的	adj.		初級		
192	because	因為	conj.	= 'cos = cos = cuz	初級		1
193	become	成為、變得	verb		初級		1
194	bed	床、床位	noun		初級		1
195	bedroom	臥室	noun		初級		1
196	bee	蜜蜂	noun		初級		1
197	beef	牛肉	noun		初級		1
198	beer	啤酒	noun		初級		2
199	before	在…之前、先於；在...以前；曾經、在前	prep./conj./adv.		初級		1
200	begin	開始、以...起頭	verb		初級		1
201	beginner	初學者、新手	noun		初級		2
202	beginning	開端、起點	noun		初級		
203	behave	表現	verb		初級		2
204	behind	在…後面；在背後、在原處、落後於	prep./adv.		初級		1
205	belief	相信、信念、信仰	noun		初級		2
206	believe	相信	verb		初級		1
207	bell	鈴、鐘	noun		初級		1
208	belong	屬於、應在...地方	verb		初級		1
209	below	在...下面、低於	adv./prep.		初級		1
210	belt	腰帶	noun		初級		1
211	bench	長椅	noun		初級		1
212	beside	在...旁邊	prep.		初級		1
213	besides	除…之外；此外、而且	prep./adv.		初級		3
214	best	最、最適當地；最好的、最適當的	adv./adj.		初級		1
215	best	最好的人或事	noun		初級		1
216	best	打敗、戰勝	verb		初級		1
217	better	更、更好地；更好的、好轉的	adv./adj.		初級		2
218	better	更好的事物、更好者	noun		初級		2
219	better	勝過、超過	verb		初級		2
220	between	在…之間	prep.		初級		1
221	beyond	遠於、超出；在更遠處	prep./adv.		初級		2
222	bicycle	腳踏車	noun	= bike	初級		1
223	big	大的、年齡較大的、重大的	adj.		初級		1
224	bill	議案、法案	noun		初級		2
225	bill	鈔票、帳單；開立帳單	noun/verb		初級		2
226	biology	生物學	noun		初級		4
227	bird	鳥	noun		初級		1
228	birthday	生日	noun		初級		
229	bit	稍微、小塊、少量、一點點	noun		初級		2
230	bite	咬、叮	verb/noun		初級		1
231	bitter	有苦味的、(天氣)嚴寒的、怨恨的、令人不快的	adj.		初級		3
232	black	黑色的；黑色	adj./noun		初級		1
233	blackboard	黑板	noun		初級		2
234	blame	責備	verb/noun		初級		2
235	blank	空白的；空白處、空格	adj./noun		初級		2
236	blanket	毛毯、毯子；以厚層覆蓋	noun/verb		初級		2
237	blind	失明的、盲目的；使失明、蒙蔽	adj./verb		初級		1
238	block	街區；大樓；大塊；堵塞物、障礙物	noun		初級		1
239	block	堵塞；阻擋；擋住；妨礙	verb		初級		1
240	blood	血液、血統	noun		初級		2
241	blouse	女襯衫	noun		初級		3
242	blow	吹；吹奏(樂器)；擤(鼻子)；重擊；打擊	noun		初級		1
243	blow	吹；吹奏；擤鼻子；炸毀；爆裂	verb		初級		1
244	blue	悲傷的、憂鬱的	adj.		初級		1
245	blue	藍色的；藍色	adj./noun		初級		1
246	board	木板、牌子、佈告欄、黑板或白板、棋盤	noun		初級		2
247	board	董事會、理事會	noun		初級		2
248	board	上(交通工具)；在船上(或其他交通工具)	verb/noun		初級		2
249	board	寄宿、住校；(住宿處提供的)伙食、膳食	verb/noun		初級		2
250	boat	船	noun		初級		1
251	body	身體、軀幹、屍體	noun		初級		1
252	boil	(水等)沸騰	verb		初級		2
253	bomb	炸彈；投彈於、轟炸	noun/verb		初級		3
254	bone	骨頭	noun		初級		2
255	book	書、簿冊	noun		初級		1
256	book	預訂、預約	verb		初級		1
257	bookcase	書架、書櫃	noun		初級		3
258	bookstore	書店	noun	= bookshop (British English)	初級		2
259	bored	感到無聊的、感到厭煩的	adj.		初級		1
260	boring	無聊的、乏味的	adj.		初級		1
261	born	出生、產生；天生的	verb/adj.		初級		1
262	borrow	借入、借貸	verb		初級		1
263	boss	老闆、上司	noun		初級		1
264	both	兩個、兩者、雙方	adv./adj./pron.		初級		1
265	bother	打擾、使人煩擾；麻煩、令人煩惱的人(或事物)	verb/noun		初級		2
266	bottle	瓶子；把(液體)裝入瓶中	noun/verb		初級		1
267	bottom	套裝的裙或褲	noun		初級		1
268	bottom	底部、屁股；最底下的、最後的；到達底部、降到最低點	noun/adj./verb		初級		1
269	bow	鞠躬、點頭致意	verb/noun		初級		1
270	bowl	碗、缽	noun		初級		1
271	bowling	保齡球運動	noun		初級		3
272	box	箱、盒、方格；把...裝箱	noun/verb		初級		1
273	boy	男孩	noun		初級		1
274	brain	頭腦	noun		初級		2
275	branch	樹枝；支流、岔路；分支機構	noun		初級		2
276	branch	發出新枝；分岔、岔開	verb		初級		2
277	brave	勇敢的	adj.		初級		1
278	bread	麵包	noun		初級		1
279	break	休息時間、課間休息、假期	noun		初級		1
280	break	違反、違背	verb		初級		1
281	break	中止、中斷	verb/noun		初級		1
282	break	打破、弄壞；毀壞、打破、裂縫	verb/noun		初級		1
283	breakfast	早餐	noun		初級		1
284	brick	磚塊	noun		初級		3
285	bridge	橋、橋梁；在...上架橋、縮短差異	noun/verb		初級		1
286	brief	簡短的、短暫的	adj.		初級	L6	2
287	brief	概要、簡報；簡報、向...介紹情況	noun/verb		初級	L6	2
288	bright	明亮的、鮮豔的、快樂的；聰明的	adj.		初級		1
289	bring	帶來、導致	verb		初級		1
290	Britain	英國	noun		初級		
291	broad	寬廣的、廣泛的	adj.		初級		2
292	broadcast	廣播(節目)；廣播	noun/verb		初級		3
293	brother	兄弟	noun		初級		1
294	brown	棕褐色的；棕褐色；(把食物)炒成褐色	adj./noun/verb		初級		1
295	brunch	早午餐	noun		初級		3
296	brush	刷子、畫筆、刷抹；刷、擦掉	noun/verb		初級		2
297	bucket	水桶、提桶	noun	= pail	初級		3
298	buffet	自助餐	noun		初級		3
299	bug	小蟲子；病菌；(電腦程式的)漏洞；竊聽器	noun		初級		1
300	bug	煩擾、使惱怒；裝竊聽器	verb		初級		1
301	build	建造、開闢	verb		初級		1
302	building	建築物、房子	noun		初級		2
303	bun	小圓麵包	noun		初級		2
304	bundle	束、捆	noun		初級		3
305	burn	燃燒、著火、發燒	verb		初級		2
306	burn	燒傷、曬傷、燙傷	verb/noun		初級		2
307	burst	爆炸、迸裂；爆裂、迸發	verb/noun		初級		2
308	bus	公車、大客車	noun		初級		1
309	business	生意、公司、商務活動、職責	noun		初級		1
310	businessperson	商人	noun	=businessman, businesswoman	初級		
311	busy	忙碌的、繁忙的、(電話)佔線的	adj.		初級		1
312	but	只有、僅僅；但是；除…以外	adv./conj./prep.		初級		1
313	butter	奶油；塗奶油於	noun/verb		初級		1
314	butterfly	蝴蝶	noun		初級		1
315	button	鈕扣、按鈕；扣鈕扣	noun/verb		初級		1
316	buy	買；購買、買賣	verb/noun		初級		1
317	by	藉由、被、在旁邊、早於；經過	prep./adv.		初級		1
318	cabbage	甘藍、包心菜、高麗菜	noun		初級		2
319	cabinet	櫥櫃	noun		初級		4
320	cable	電纜、纜繩、有線電視；鋪設電纜	noun/verb		初級		3
321	cafe	咖啡館	noun	= café	初級		2
322	cafeteria	自助餐廳	noun		初級		
323	cage	籠子；關進籠子裡	noun/verb		初級		2
324	cake	蛋糕	noun		初級		1
325	calendar	日曆、曆法、行事曆	noun		初級		2
326	call	給...命名、稱呼、把...視為	verb		初級		1
327	call	呼叫、鳴叫、召喚	verb/noun		初級		1
328	call	打電話；打電話、通話	verb/noun		初級		1
329	calm	冷靜的、平靜的；使冷靜、使鎮靜；寧靜的狀態	adj./verb/noun		初級		2
330	camera	照相機	noun		初級		1
331	camp	營地、兵營、陣營；露營、紮營	noun/verb		初級		1
332	campus	校園、校區	noun		初級		3
333	can	(助動詞)能、會、可以	aux.		初級		1
334	Canada	加拿大	noun		初級		
335	cancel	取消	verb		初級		2
336	cancer	癌症	noun		初級		2
337	candle	蠟燭	noun		初級		2
338	candy	糖果	noun	= sweet (British English)	初級		
339	cap	便帽、蓋；用...覆蓋頂部	noun/verb		初級		1
340	captain	隊長、機長、船長、上尉	noun		初級		3
341	car	汽車、車廂	noun		初級		1
342	card	卡片、紙牌、賀卡	noun		初級		1
343	care	照顧、擔憂、謹慎；照顧、關心、在意	noun/verb		初級		1
344	career	職業、生涯	noun		初級		3
345	careful	小心的、仔細的	adj.		初級		1
346	careless	粗心的、不小心的	adj.		初級		
347	carpet	地毯；用地毯鋪地	noun/verb		初級		3
348	carrot	胡蘿蔔	noun		初級		1
349	carry	背、搬運、攜帶、運送	verb		初級		1
350	cartoon	卡通	noun		初級		2
351	case	箱、盒、容器；案件、案例	noun		初級		1
352	cash	現金；兌現	noun/verb		初級		2
353	castle	城堡、堡壘	noun		初級		2
354	cat	貓、貓科動物	noun		初級		1
355	catch	接球；捕獲量	noun		初級		1
356	catch	接住、捕捉；罹患、染病；聽見、聽清楚；趕上(交通工具)、追上	verb/noun		初級		1
357	cause	導致、由於；原因、理由	verb/noun		初級		2
358	CD	光碟	noun	= compact disk	初級		
359	ceiling	天花板	noun		初級		2
360	celebrate	慶祝、祝賀、讚揚	verb		初級		1
361	cell	細胞；手機；小房間、牢房	noun	手機 = cellphone	初級		2
362	cellphone	手機	noun	=cell-phone, cell, mobile phone, mobile	初級		1
363	cent	分(貨幣單位)	noun		初級		1
364	center	中心點、中心區、活動中心；集中、使置中	noun/verb	= centre (British English)	初級		1
365	centimeter	公分	noun	= centimetre (British English)；=cm.	初級		2
366	central	中心的	adj.		初級		2
367	century	一百年、世紀	noun		初級		2
368	cereal	穀物、穀類食物	noun		初級		2
369	certain	肯定的、確定的、必然的	adj.		初級		1
370	certainly	必定、當然	adv.		初級		
371	chair	椅子	noun		初級		1
372	chair	主持人、主席、系主任；擔任主席、主持	noun/verb		初級		1
373	chairperson	主席、董事長	noun	= chair, chairman, chairwoman	初級		4
374	chalk	粉筆；用粉筆書寫	noun/verb		初級		2
375	chance	機會、可能性、巧合	noun		初級		1
376	change	改變；零錢	noun		初級		1
377	change	改變；交換、兌換	verb		初級		1
378	channel	電視頻道、渠道、管道、途徑	noun		初級	L7	2
379	chapter	章節	noun		初級	L2	2
380	character	角色、人物；個性、特徵	noun		初級		2
381	charge	費用；指控、控告；職責、責任；充電量、電荷	noun		初級		2
382	charge	收費；指控、控告；指示、吩咐；充電	verb		初級		2
383	chart	圖表	noun		初級	L8	2
384	chase	追趕、追捕、追求	verb		初級		2
385	chat	聊天	verb/noun		初級		3
386	cheap	便宜的、價低質劣的；便宜地、廉價地	adj./adv.		初級		1
387	cheat	欺騙、作弊；欺騙手段、騙子	verb/noun		初級		2
388	check	支票；帳單；檢查、核對；鉤號	noun	支票 = cheque (British English)	初級		1
389	check	檢查、核對；打勾	verb		初級		1
390	cheer	歡呼、鼓舞；歡呼聲、歡樂	verb/noun		初級		2
391	cheese	起司、乳酪	noun		初級		1
392	chemical	化學製品；化學的	noun/adj.		初級	L7	2
393	chess	西洋棋	noun		初級		2
394	chicken	雞肉、雞	noun		初級		1
395	chief	首要的、最主要的、首席的；領導人、首領	adj./noun		初級		2
396	child	小孩、兒童	noun		初級		1
397	childhood	童年、孩童時期	noun		初級		2
398	childish	孩子氣的、稚嫩的、幼稚的	adj.		初級		2
399	childlike	孩子般的、天真無邪的	adj.		初級		
400	chin	下巴	noun		初級		3
401	China	中國	noun		初級		2
402	Chinese	中文、中國人；中國的、中國人的	noun/adj.		初級		
403	chocolate	巧克力	noun		初級		1
404	choice	選擇、選項；優質的、上等的	noun/adj.		初級		1
405	choose	選擇、挑選	verb		初級		1
406	chopstick	筷子	noun		初級		2
407	Christmas	聖誕節	noun	= Xmas	初級		
408	chubby	圓胖的	adj.		初級		5
409	church	教堂、教會	noun		初級		1
410	circle	圓形、圓圈、圈子；畫圓圈、圈出、盤旋	noun/verb		初級		1
411	citizen	公民、居民	noun		初級		3
412	city	城市	noun		初級		1
413	claim	說法、斷言；權利、所有權	noun		初級		2
414	claim	聲稱、主張；認領、索取；索款、索賠	verb		初級		2
415	clap	拍手、鼓掌	verb/noun		初級		2
416	class	課、班級	noun		初級		1
417	class	階級、等級；把...歸類、把...分級	noun/verb		初級		1
418	classic	古典的、典型的、經典的；經典作品、名著	adj./noun		初級	L7	2
419	classical	古典的、經典的、傳統的	adj.		初級	L7	2
420	classmate	同班同學	noun		初級		2
421	classroom	教室	noun		初級		
422	clean	完全的、徹底的；完全地、徹底地	adj./adv.		初級		1
423	clean	乾淨的、清潔的；清潔、打掃；清潔、打掃	adj./verb/noun		初級		1
424	clear	清楚的、清晰的；暢通的、無阻礙的；不接觸的、不靠近的	adj.		初級		1
425	clear	不觸及地、不靠近地	adv.		初級		1
426	clear	清除、清掃；使變清楚、使清晰	verb		初級		1
427	clerk	店員、職員	noun		初級		1
428	clever	聰明的、機靈的、精巧的	adj.		初級		2
429	click	點按(滑鼠)	verb/noun		初級		2
430	climate	氣候	noun		初級		2
431	climb	上升、晉升、上漲、增長	verb		初級		1
432	climb	爬、攀登	verb/noun		初級		1
433	clock	時鐘	noun		初級		1
434	close	親密的、密切的	adj.		初級		
435	close	(空間或時間上)靠近、接近	adj./adv.		初級		
436	close	關閉(門窗)、合攏；(商點或場所)關門、不開放、停業	verb		初級		
437	close	結束、停止；結局、結尾	verb/noun		初級		
438	closet	衣櫥、壁櫥	noun		初級		3
439	clothes	衣服	noun		初級		1
440	cloudy	多雲的、陰天的	adj.		初級		2
441	club	俱樂部、社團	noun		初級		1
442	coach	教練；培訓、指導	noun/verb		初級		3
443	coast	海岸	noun		初級		2
444	coat	外套、大衣	noun		初級		1
445	cockroach	蟑螂	noun	= roach	初級		2
446	coffee	咖啡	noun		初級		1
447	coin	硬幣	noun		初級		2
448	Coke	可口可樂	noun		初級		2
449	cola	可樂	noun	= Coke	初級		2
450	cold	冷的、冷淡的；寒冷、感冒	adj./noun		初級		1
451	collect	收集	verb		初級		1
452	collection	收藏品、收集	noun		初級		3
453	college	大學、學院	noun		初級		2
454	color	顏色；著色	noun/verb	= colour (British English)	初級		1
455	colorful	色彩豐富的	adj.	= colourful (British English)	初級		3
456	comb	梳子；梳理	noun/verb		初級		2
457	come	來	verb		初級		1
458	comfortable	舒適的	adj.		初級		1
459	comic	滑稽的、好笑的	adj.		初級		2
460	comic	漫畫	noun		初級		2
461	command	命令、指揮、掌握	verb/noun		初級		2
462	comment	評論	noun/verb		初級	L3	4
463	common	常見的、共同的	adj.		初級		1
464	company	公司；陪伴	noun		初級		2
465	compare	比較	verb		初級		2
466	complain	抱怨	verb		初級		3
467	complete	完成、使完整；完全的、完整的	verb/adj.		初級		2
468	computer	電腦	noun		初級		1
469	concern	擔心、關心	noun/verb		初級		2
470	confident	自信的	adj.		初級		2
471	confirm	確認	verb		初級	L7	3
472	conflict	衝突	noun		初級	L5	2
473	Confucius	孔子	noun		初級		
474	confuse	使…困惑	verb		初級		3
475	congratulation	祝賀	noun		初級		2
476	consider	考慮、認為	verb		初級		2
477	contact	聯繫、接觸;聯繫	noun/verb		初級	L5	2
478	contact lens	隱形眼鏡	noun		初級		
479	contain	包含	verb		初級		2
480	continue	繼續	verb		初級		2
481	contract	合約；訂約	noun/verb		初級	L1	2
482	control	控制	noun/verb		初級		2
483	convenience store	便利商店	noun		初級		
484	convenient	方便的	adj.		初級		1
485	conversation	對話	noun		初級		2
486	cook	烹調；廚師	verb/noun		初級		1
487	cookie	(甜)餅乾	noun		初級		1
488	cool	涼快的、酷的；使冷卻	adj./verb		初級		1
489	copy	副本；複製	noun/verb		初級		1
490	corn	玉米	noun		初級		2
491	corner	角落、轉角	noun		初級		1
492	correct	正確的；改正	adj./verb		初級		1
493	cost	費用、成本；花費	noun/verb		初級		1
494	cotton	棉	noun		初級		3
495	couch	沙發	noun		初級		1
496	cough	咳嗽	verb/noun		初級		3
497	could	can的過去式	aux.		初級		
498	count	數、計算；計數、計算	verb/noun		初級		1
499	country	國家；鄉下	noun		初級		1
500	countryside	鄉間	noun		初級		2
501	county	縣、郡	noun		初級		3
502	couple	一對、幾個、一對情侶或夫妻	noun		初級	L7	2
503	courage	勇氣	noun		初級		2
504	course	課程	noun		初級		1
505	court	法庭；球場	noun		初級		2
506	cousin	堂(表)兄弟姊妹	noun		初級		1
507	cover	遮蓋、涵蓋；覆蓋物、封面	verb/noun		初級		1
508	cow	母牛	noun		初級		1
509	crab	螃蟹	noun		初級		3
510	crayon	蠟筆	noun		初級		2
511	crazy	瘋狂的	adj.		初級		1
512	cream	鮮奶油、奶霜；乳霜、護膚霜	noun		初級		2
513	create	創造	verb		初級	L1	2
514	credit card	信用卡	noun		初級		
515	crime	罪行	noun		初級		2
516	crisis	危機	noun		初級		2
517	cross	十字架、十字形	noun		初級		1
518	cross	穿越、交叉	verb		初級		1
519	crowd	人群	noun		初級		2
520	crowded	擁擠的	adj.		初級		
521	cruel	殘酷的	adj.		初級		3
522	cry	哭泣、喊叫	verb/noun		初級		1
523	culture	文化	noun		初級	L2	2
524	cup	杯子	noun		初級		1
525	cure	有療效的藥物、治療方法；治癒	noun/verb		初級		2
526	curious	好奇的	adj.		初級		2
527	current	當前的	adj.		初級		2
528	current	水流、氣流、電流	noun		初級		2
529	curtain	窗簾、幕布	noun		初級		2
530	curve	曲線；使彎曲	noun/verb		初級		4
531	custom	習俗	noun		初級		2
532	customer	顧客	noun		初級		2
533	cut	切、割、修剪；割傷	verb/noun		初級		1
534	cute	可愛的	adj.		初級		1
535	dad	爸爸	noun	= daddy= papa	初級		
536	daily	每日的；每日地	adj./adv.		初級		2
537	damage	損害	noun/verb		初級		2
538	dance	跳舞	verb/noun		初級		1
539	danger	危險	noun		初級		2
540	dangerous	危險的	adj.		初級		1
541	dark	黑暗；黑暗的、深色的	noun/adj.		初級		1
542	data	資料	noun	datum (singular form)	初級	L1	2
543	date	日期、約會；寫日期、約會	noun/verb		初級		1
544	daughter	女兒	noun		初級		1
545	dawn	黎明；破曉	noun/verb		初級		3
546	day	天、白天	noun		初級		1
547	dead	死亡的	adj.		初級		1
548	deaf	聾的	adj.		初級		2
549	deal	交易、協議	noun		初級		1
550	deal	做生意、買賣；處理；分發、發牌	verb		初級		1
551	dear	親愛的；親愛的；哎呀	adj./noun/interj.		初級		1
552	death	死亡	noun		初級		1
553	debate	辯論	noun/verb		初級	L4	2
554	debt	債、負債	noun		初級		2
555	December	十二月	noun	= Dec.	初級		
556	decide	決定	verb		初級		1
557	decision	決定	noun		初級		2
558	decorate	裝飾	verb		初級		3
559	decrease	減少	verb/noun		初級		3
560	deep	深的；深地	adj./adv.		初級		1
561	deer	鹿	noun		初級		2
562	degree	度、程度	noun		初級		2
563	delay	延誤、耽擱	noun/verb		初級		2
564	delicious	美味的	adj.		初級		2
565	deliver	運送	verb		初級		2
566	democracy	民主	noun		初級		3
567	democratic	民主的	adj.		初級		3
568	dentist	牙醫	noun		初級		2
569	deny	否認	verb		初級	L7	2
570	department	部門	noun		初級		2
571	department store	百貨公司	noun		初級		
572	depend	取決於、依靠	verb		初級		2
573	describe	描述	verb		初級		2
574	desert	沙漠	noun		初級		2
575	desert	遺棄	verb		初級		2
576	design	設計	noun/verb		初級	L2	2
577	desire	渴望	noun/verb		初級		3
578	desk	書桌	noun		初級		1
579	dessert	甜點	noun		初級		3
580	determine	決定、下決心	verb		初級		3
581	develop	發展	verb		初級		
582	dial	撥號；撥號盤、錶面	verb/noun		初級		2
583	diamond	鑽石；菱形	noun		初級		2
584	diary	日記	noun		初級		2
585	dictionary	字典	noun		初級		1
586	die	死	verb		初級		1
587	diet	飲食、節食；節食；飲食的、節食的	noun/verb/adj.		初級		2
588	difference	差別	noun		初級		2
589	different	不同的	adj.		初級		1
590	difficult	困難的	adj.		初級		1
591	difficulty	困難	noun		初級		2
592	dig	挖	verb		初級		1
593	diligent	勤奮的	adj.		初級		4
594	dining room	餐廳、飯廳	noun		初級		
595	dinner	晚餐	noun		初級		1
596	dinosaur	恐龍	noun		初級		3
597	diplomat	外交官	noun		初級		4
598	direct	直接的	adj.		初級		2
599	direct	針對、指揮	verb		初級		2
600	direction	方向	noun		初級		2
601	director	導演、主管	noun		初級		2
602	dirty	髒的；弄髒	adj./verb		初級		1
603	disappear	消失	verb		初級		2
604	discover	發現	verb		初級		2
605	discuss	討論	verb		初級		2
606	discussion	討論	noun		初級		2
607	dish	盤、菜餚	noun		初級		1
608	dishonest	不誠實的	adj.		初級		3
609	distance	距離	noun		初級		2
610	divide	分開、劃分	verb		初級		2
611	division	分開；部門	noun		初級		2
612	dizzy	頭暈的	adj.		初級		3
613	do	助動詞	aux.		初級		1
614	do	做	verb		初級		1
615	doctor	醫生、博士	noun		初級		1
616	document	文件	noun		初級	L3	5
617	dodge ball	躲避球	noun		初級		
618	dog	狗	noun		初級		1
619	doll	玩偶	noun		初級		1
620	dollar	元	noun	= buck	初級		1
621	dolphin	海豚	noun		初級		3
622	donkey	驢	noun		初級		3
623	door	門	noun		初級		1
624	dot	小圓點	noun		初級		2
625	double	雙重的；加倍；兩倍	adj./verb/noun		初級		2
626	Double Tenth Day	雙十節	noun		初級		
627	doubt	疑慮；懷疑、對…不確信	noun/verb		初級		2
628	doughnut	甜甜圈	noun	= donut	初級		3
629	down	情緒低落	adj.		初級		1
630	down	向下；在下方	adv./prep.		初級		1
631	down	羽絨	noun		初級		1
632	download	下載	verb		初級		2
633	downstairs	朝樓下、在樓下；樓下的	adv./adj.		初級		2
634	downtown	往市區；市區的；市區	adv./adj./noun		初級		3
635	dozen	一打	noun		初級		1
636	dragon	龍	noun		初級		2
637	Dragon Boat Festival	端午節	noun		初級		
638	drama	戲劇	noun		初級	L8	2
639	draw	畫	verb		初級		1
640	drawer	抽屜	noun		初級		2
641	dream	夢；作夢	noun/verb		初級		1
642	dress	著裝；洋裝	verb/noun		初級		1
643	dresser	斗櫃、衣櫃、梳妝台	noun		初級		6
644	drink	喝；飲料	verb/noun		初級		1
645	drive	開車；車程	verb/noun		初級		1
646	driver	駕駛員	noun		初級		1
647	drop	使滴落、丟下、下降；(一)滴	verb/noun		初級		1
648	drug	藥品、毒品	noun		初級		2
649	drugstore	藥局	noun		初級		3
650	drum	鼓	noun		初級		1
651	dry	乾的；弄乾	adj./verb		初級		1
652	dryer	烘乾機、吹風機	noun		初級		2
653	duck	鴨	noun		初級		1
654	dumb	(口語)傻的、愚蠢的	adj.		初級		3
655	dumpling	餃子	noun		初級		3
656	during	在…期間	prep.		初級		1
657	duty	責任、職責	noun		初級		2
658	each	每個	pron./adj./adv.		初級		1
659	eagle	鷹	noun		初級		2
660	ear	耳	noun		初級		1
661	early	早的；早	adj./adv.		初級		1
662	earn	賺得	verb		初級		2
663	earth	地球	noun		初級		1
664	east	東方；向東；東邊的	noun/adv./adj.		初級		1
665	Easter	復活節	noun		初級		
666	eastern	東方的	adj.		初級		2
667	easy	容易的	adj.		初級		1
668	eat	吃	verb		初級		1
669	edge	邊緣	noun		初級		2
670	education	教育	noun		初級		2
671	effect	結果、效果；達到…的效果	noun/verb		初級		2
672	effective	有效的	adj.		初級		2
673	effort	努力	noun		初級		2
674	egg	蛋	noun		初級		1
675	eight	八	number/pron./noun/adj.		初級		
676	eighteen	十八	number/pron./noun/adj.		初級		
677	eighty	八十	number/pron./noun/adj.		初級		
678	either	也(否定句)	adv.		初級		1
679	either	(兩者中)任一個	pron./adj./conj.		初級		1
680	elder	長者；年長的	noun/adj.		初級		2
681	elect	推選、選舉	verb		初級		3
682	election	選舉	noun		初級		3
683	electric	電的	adj.		初級		2
684	element	元素、要素	noun		初級	L2	3
685	elementary school	小學	noun		初級		
686	elephant	象	noun		初級		1
687	eleven	十一	number/pron./noun/adj.		初級		
688	else	其他	adv./adj.		初級		1
689	email	電子郵件；寄電子郵件	noun/verb		初級		1
690	embarrass	使尷尬	verb		初級		
691	emotion	情感、情緒	noun		初級		2
692	emphasize	強調	verb	= emphasise (British English)	初級		2
693	employ	雇用	verb		初級		
694	empty	空的；使…變空	adj./verb		初級		2
695	encourage	鼓勵	verb		初級		
696	end	結束、末端；結束	noun/verb		初級		1
697	enemy	敵人	noun		初級		2
698	energy	活力、精力；能源	noun		初級	L5	2
699	engine	引擎	noun		初級		2
700	engineer	工程師	noun		初級		1
701	England	英格蘭	noun		初級		
702	English	英語的、英格蘭的；英語	adj./noun		初級		
703	enjoy	享受	verb		初級		
704	enough	足夠的	adv./adj./pron.		初級		1
705	enter	進入	verb		初級		1
706	entire	全部的	adj.		初級		2
707	entrance	入口	noun		初級		2
708	envelope	信封	noun		初級		1
709	environment	環境	noun		初級	L1	2
710	envy	羨慕、妒忌	noun/verb		初級		3
711	equal	相等的；相等；相等的人事物	adj./verb/noun		初級		2
712	eraser	橡皮擦	noun		初級		1
713	error	錯誤	noun		初級	L4	1
714	especially	尤其	adv.		初級		2
715	Europe	歐洲	noun		初級		
716	European	歐洲(人)的；歐洲人	adj./noun		初級		
717	eve	前夕	noun		初級		2
718	even	甚至、更加	adv.		初級		1
719	evening	傍晚、晚上	noun		初級		1
720	event	事件、活動	noun		初級		2
721	ever	從來、在任何時候	adv.		初級		1
722	every	每個	adj.		初級		1
723	everybody	每個人	pron.		初級		
724	everyone	每人	pron.	= everybody	初級		
725	everything	每件事	pron.		初級		1
726	everywhere	到處	adv.		初級		
727	evil	邪惡；邪惡的	noun/adj.		初級		2
728	exact	確切的	adj.		初級		2
729	exam	考試	noun		初級		2
730	examine	檢查	verb		初級		2
731	example	例子	noun		初級		1
732	excellent	傑出的	adj.		初級		1
733	except	除…之外	conj./prep.		初級		1
734	excite	使興奮	verb		初級		
735	excuse	藉口	noun		初級		2
736	excuse	原諒	verb		初級		2
737	exercise	運動、練習；運動	noun/verb		初級		
738	exist	存在	verb		初級		2
739	exit	出口；離開	noun/verb		初級		2
740	expect	預料、期待	verb		初級		1
741	expensive	昂貴的	adj.		初級		1
742	experience	經驗；體驗	noun/verb		初級		1
743	expert	專家	noun		初級	L6	2
744	explain	解釋	verb		初級		1
745	export	出口、輸出	noun/verb		初級	L1	3
746	express	快的	adj.		初級		2
747	express	快車、快遞	noun		初級		2
748	express	表達	verb		初級		2
749	extra	額外的	adj.		初級		2
750	eye	眼睛	noun		初級		1
751	face	臉；面對	noun/verb		初級		1
752	fact	事實	noun		初級		1
753	factory	工廠	noun		初級		1
754	fail	失敗、不及格	verb		初級		1
755	failure	失敗、故障	noun		初級		2
756	fair	公平的	adj.		初級		2
757	fair	市集、商品展覽會、園遊會	noun		初級		2
758	fall	秋天	noun	= autumn	初級		1
759	fall	跌倒、掉落、下降	verb		初級		1
760	false	錯誤的、假的	adj.		初級		2
761	family	家人、家庭	noun		初級		1
762	famous	著名的	adj.		初級		1
763	fan	迷、狂熱愛好者；扇	noun		初級		1
764	fancy	花俏的、昂貴的、豪華的	adj.		初級		3
765	fantastic	極好的	adj.		初級		4
766	far	遠、非常；遠的	adv./adj.		初級		1
767	farm	農場	noun		初級		1
768	farmer	農夫	noun		初級		1
769	fashion	流行時尚	noun		初級		2
770	fashion	塑造成、製作	verb		初級		2
771	fashionable	時髦的	adj.		初級		3
772	fast	快的；快速地	adj./adv.		初級		1
773	fat	肥胖的；脂肪	adj./noun		初級		1
774	father	父親	noun		初級		1
775	faucet	水龍頭	noun		初級		3
776	fault	過錯、缺點	noun		初級		2
777	favor	支持、偏袒；幫助、恩惠	verb/noun	= favour (British English)	初級		2
778	favorite	最喜愛的；最喜愛的人/物	adj./noun	= favourite (British English)	初級		2
779	fear	恐懼、害怕	noun/verb		初級		2
780	February	二月	noun	= Feb.	初級		
781	fee	費用	noun		初級	L6	2
782	feed	餵	verb		初級		1
783	feel	感覺	verb		初級		1
784	feeling	感覺、感情	noun		初級		2
785	fellow	夥伴；同類的、同伴的	noun/adj.		初級		2
786	female	女性的；女性	adj./noun		初級		2
787	fence	籬笆	noun		初級		3
788	festival	節慶	noun		初級		1
789	fever	發燒	noun		初級		2
790	few	少數的	pron./adj.		初級		1
791	field	田地；運動場；領域	noun		初級		2
792	fifteen	十五	number/pron./noun/adj.		初級		
793	fifty	五十	number/pron./noun/adj.		初級		
794	fight	打架、爭吵、抗爭	verb/noun		初級		1
795	figure	數字、圖表	noun		初級		2
796	figure	認為、計算	verb		初級		2
797	fill	裝滿	verb		初級		1
798	film	電影	noun		初級		1
799	final	最後的	adj.		初級	L2	2
800	final	期末考	noun		初級	L2	2
801	find	找到；感到	verb		初級		1
802	fine	很好的	adj.		初級		1
803	fine	處以罰金；罰金	verb/noun		初級		1
804	finger	手指	noun		初級		1
805	finish	結束	verb/noun		初級		1
806	fire	火	noun		初級		1
807	fire	開火、發射；開除	verb		初級		1
808	firm	堅固的	adj.		初級		2
809	firm	公司	noun		初級		2
810	first	首先	adj./adv./pron.		初級		1
811	fish	魚；釣魚	noun/verb		初級		1
812	fisherman	漁民	noun		初級		2
813	fit	健壯的、健康的	adj		初級		2
814	fit	合適	verb		初級		2
815	five	五	number/pron./noun/adj.		初級		
816	fix	修理	verb		初級		2
817	flag	旗	noun		初級		2
818	flashlight	手電筒	noun		初級		3
819	flat	平坦的	adj.		初級		2
820	flat	公寓	noun	= apartment	初級		2
821	flat tire	沒氣的輪胎	noun		初級		
822	flight	航程、班機	noun		初級		2
823	floor	地板、樓層	noun		初級		1
824	flour	麵粉	noun		初級		3
825	flow	流動	noun/verb		初級		2
826	flower	花	noun		初級		1
827	flu	流行性感冒	noun		初級		2
828	flute	長笛	noun		初級		3
829	fly	蒼蠅	noun		初級		1
830	fly	飛	verb		初級		1
831	focus	焦點；聚焦	noun/verb		初級	L2	2
832	fog	霧	noun		初級		2
833	follow	跟隨、接著、遵循	verb		初級		1
834	following	接著的、下列的；在…之後；下列事物；追隨者	adj./prep./pron./noun		初級		2
835	food	食物	noun		初級		1
836	fool	傻瓜；愚蠢的	noun/adj.		初級		1
837	fool	愚弄、欺騙	verb		初級		1
838	foolish	愚蠢的	adj.		初級		2
839	foot	腳	noun		初級		1
840	football	足球	noun		初級		2
841	for	因為	conj.		初級		1
842	for	為了、給、(時間、距離)達	prep.		初級		1
843	force	力量	noun		初級		2
844	force	強迫	verb		初級		2
845	foreign	外國的	adj.		初級		1
846	foreigner	外國人	noun		初級		1
847	forest	森林	noun		初級		2
848	forget	忘記	verb		初級		1
849	forgive	原諒	verb		初級		2
850	fork	叉子	noun		初級		1
851	form	表格、形狀	noun		初級		2
852	form	組成	verb		初級		2
853	formal	正式的	adj.		初級		2
854	former	前者；從前的	pron./adj.		初級		2
855	forty	四十	number/pron./noun/adj.		初級		
856	forward	向前；前面的	adv./adj.	adv.= forwards（British English）	初級		2
857	four	四	number/pron./noun/adj.		初級		
858	fourteen	十四	number/pron./noun/adj.		初級		
859	fox	狐狸	noun		初級		2
860	France	法國	noun		初級		
861	frank	坦白的	adj.		初級		3
862	free	空閒、免費、自由的	adj.		初級		1
863	free	使自由	verb		初級		1
864	freedom	自由	noun		初級		2
865	freezer	冰箱	noun		初級		3
866	French fries	炸薯條	noun		初級		
867	fresh	新鮮的	adj.		初級		1
868	Friday	星期五	noun	= Fri.	初級		
869	friend	朋友	noun		初級		1
870	friendly	友善的	adj.		初級		1
871	friendship	友誼	noun		初級		2
872	frighten	使驚恐	verb		初級		3
873	frisbee	飛盤	noun		初級		
874	frog	青蛙	noun		初級		1
875	from	從	prep.		初級		1
876	front	前面；前面的	noun/adj.		初級		1
877	fruit	水果	noun		初級		1
878	fry	炒、炸；油炸物	verb/noun		初級		2
879	full	滿的、充滿的	adj.		初級		1
880	fun	樂趣；有趣的	noun/adj.		初級		1
881	function	功用；發揮功用	noun/verb		初級	L1	2
882	funny	有趣的、好笑的	adj.		初級		1
883	furniture	傢俱	noun		初級		2
884	further	進一步地；進一步的	adv./adj.		初級		2
885	future	未來；未來的	noun/adj.		初級		1
886	gain	獲得、增加；利潤	verb/noun		初級		2
887	game	比賽	noun		初級		1
888	garage	車庫	noun		初級		3
889	garbage	垃圾	noun		初級		2
890	garden	花園	noun		初級		1
891	gas	瓦斯、氣體	noun		初級		3
892	gasoline	石油	noun	= gas= petrol	初級		3
893	gate	大門、柵門	noun		初級		1
894	gather	聚集	verb		初級		2
895	general	一般的、普遍的	adj.		初級		2
896	general	將軍	noun		初級		2
897	generation	世代	noun		初級	L5	4
898	generous	慷慨的、大方的	adj.		初級		2
899	genius	天才	noun		初級		4
900	gentle	溫和的	adj.		初級		2
901	gentleman	紳士、先生	noun		初級		2
902	geography	地理學	noun		初級		3
903	Germany	德國	noun		初級		
904	gesture	手勢；做手勢	noun/verb		初級		3
905	get	使…成為、獲得、到達	verb		初級		1
906	ghost	鬼	noun		初級		1
907	giant	巨大的；巨人	adj./noun		初級		1
908	gift	禮物	noun		初級		1
909	girl	女孩	noun		初級		1
910	give	給	verb		初級		1
911	glad	高興的	adj.		初級		1
912	glass	玻璃、一杯	noun		初級		1
913	glasses	眼鏡	noun		初級		1
914	glove	手套	noun		初級		1
915	glue	膠水；黏	noun/verb		初級		2
916	go	去；進行	verb/noun		初級		1
917	goal	目標	noun		初級	L4	2
918	goat	山羊	noun		初級		2
919	God	神、上帝	noun		初級		1
920	gold	金、金子、金色	noun		初級		2
921	golden	金色的	adj.		初級		2
922	golf	高爾夫球	noun		初級		3
923	good	好的；好處	adj./noun		初級		1
924	good-looking	好看的	adj.		初級		
925	goodbye	再見	noun	= bye	初級		1
926	goose	鵝	noun		初級		2
927	government	政府	noun		初級		2
928	grade	成績	noun		初級	L7	1
929	gram	公克	noun	= gramme (British English) = g = gm	初級		2
930	grand	重大的	adj.		初級		2
931	granddaughter	孫女	noun		初級		
932	grandfather	祖父	noun	= grandpa	初級		1
933	grandmother	祖母	noun	= grandma	初級		1
934	grandson	孫子	noun		初級		
935	grape	葡萄	noun		初級		2
936	grass	草	noun		初級		1
937	gray	灰色的；灰色	adj./noun	= grey	初級		1
938	great	極好的	adj.		初級		1
939	greedy	貪心的	adj.		初級		3
940	green	綠色的；綠色	adj./noun		初級		1
941	greet	招呼	verb		初級		2
942	ground	地面	noun		初級		1
943	group	團體	noun		初級		1
944	grow	生長	verb		初級		1
945	growth	成長	noun		初級		2
946	guard	守衛，衛兵；守衛	noun/verb		初級		2
947	guava	番石榴	noun		初級		2
948	guess	猜測、推測	verb/noun		初級		1
949	guest	客人	noun		初級		2
950	guide	嚮導；引導	noun/verb		初級		2
951	guitar	吉他	noun		初級		1
952	gun	槍	noun		初級		2
953	guy	傢伙	noun		初級		1
954	gym	體育館	noun		初級		2
955	habit	習慣	noun		初級		1
956	hair	頭髮	noun		初級		1
957	haircut	理髮、 髮型	noun		初級		2
958	half	一半的、不完全的、部分的	adj.		初級		1
959	half	一半地、部分地	adv.		初級		1
960	half	一半(之人、物)；一半、半個	pron./noun		初級		1
961	hall	禮堂、(大)廳	noun		初級		2
962	Halloween	萬聖節	noun		初級		
963	ham	火腿	noun		初級		1
964	hamburger	漢堡	noun	= burger	初級		2
965	hammer	鐵鎚	noun		初級		3
966	hand	手	noun		初級		1
967	hand	傳遞	verb		初級		1
968	handkerchief	手帕	noun		初級		3
969	handle	把手	noun		初級		2
970	handle	處理	verb		初級		2
971	handsome	英俊的	adj.		初級		2
972	hang	懸掛	verb		初級		1
973	hanger	掛鉤、衣架	noun		初級		3
974	happen	發生	verb		初級		1
975	happy	快樂的	adj.		初級		1
976	hard	難的、硬的	adj.		初級		1
977	hard	努力地、猛烈地	adv.		初級		1
978	hardly	幾乎不	adv.		初級		2
979	hat	帽子	noun		初級		1
980	hate	厭惡	verb/noun		初級		1
981	have	（與動詞的過去分詞連用，構成現在完成式和過去完成式）	aux.		初級		1
982	have	有、吃、喝	verb		初級		1
983	he	他	pron.		初級		
984	head	頭	noun		初級		1
985	head	前往	verb		初級		1
986	headache	頭痛	noun		初級		1
987	health	健康	noun		初級		1
988	healthy	健康的	adj.		初級		1
989	hear	聽見	verb		初級		1
990	heart	心臟	noun		初級		1
991	heat	熱度；加熱	noun/verb		初級		1
992	heater	暖氣機	noun		初級		3
993	heavy	重的	adj.		初級		1
994	height	高度	noun		初級		1
995	helicopter	直昇機	noun		初級		4
996	hello	哈囉(問候語)	noun/interj.		初級		1
997	help	幫助	verb/noun		初級		1
998	helpful	有幫助的	adj.		初級		1
999	hen	母雞	noun		初級		1
1000	her	她、她的	determiner		初級		
1001	here	這裡	adv.		初級		1
1002	hero	英雄	noun		初級		2
1003	heroine	女英雄、女主角	noun		初級		2
1004	hers	她的	pron.		初級		
1005	herself	她自己	pron.		初級		
1006	hey	喂	interj.		初級		
1007	hi	嗨(問候語)	interj.		初級		
1008	hide	躲藏	verb		初級		1
1009	high	高(級)的；高地	adj./adv.		初級		1
1010	highway	公路	noun		初級		2
1011	hike	健行;（尤指鄉間的）遠足，長途健行	noun/verb		初級		2
1012	hill	丘陵	noun		初級		1
1013	him	他	pron.		初級		
1014	himself	他自己	pron.		初級		
1015	hip	臀部	noun		初級		2
1016	hippopotamus	河馬	noun	= hippo	初級		
1017	hire	僱用；新僱員	verb/noun		初級		3
1018	his	他的	determiner		初級		
1019	history	歷史	noun		初級		1
1020	hit	打擊、碰撞	verb/noun		初級		1
1021	hobby	啫好	noun		初級		1
1022	hold	舉辦; 握(住)、抓(住)的狀態	verb/noun		初級		1
1023	hole	洞	noun		初級		2
1024	holiday	假日	noun		初級		1
1025	home	家；到家、在家；家(的)	noun/adv./adj.		初級		1
1026	homesick	想家的	adj.		初級		3
1027	hometown	家鄉	noun		初級		3
1028	homework	家庭作業	noun		初級		1
1029	honest	誠實的	adj.		初級		1
1030	honesty	誠實	noun		初級		3
1031	honey	蜂蜜、親愛的	noun		初級		1
1032	Hong Kong	香港	noun		初級		
1033	hop	單足跳；單足短距離跳躍	verb/noun		初級		2
1034	hope	希望	verb/noun		初級		1
1035	horrible	可怕的	adj.		初級		3
1036	horse	馬	noun		初級		1
1037	hospital	醫院	noun		初級		1
1038	host	主人、主辦；作東	noun/verb		初級		2
1039	hostess	女主人	noun		初級		2
1040	hot	熱的	adj.		初級		1
1041	hot dog	熱狗	noun		初級		
1042	hotel	旅館	noun		初級		
1043	hour	小時	noun		初級		1
1044	house	房子；給…房子住(用)	noun/verb		初級		1
1045	how	如何、怎麼樣	adv.		初級		1
1046	however	然而、但是；不管怎樣、無論如何	adv./conj.		初級		1
1047	Hualian	花蓮	noun		初級		
1048	huge	巨大的	adj.		初級		2
1049	human	人類的；人類	adj./noun		初級		2
1050	humble	謙虛的	adj.		初級		2
1051	humid	潮濕的	adj.		初級		3
1052	humor	幽默	noun	= humour (British English)	初級		3
1053	humorous	幽默的	adj.		初級		3
1054	hundred	一百	number/pron./noun/adj.		初級		1
1055	hunger	飢餓	noun		初級		3
1056	hungry	飢餓的	adj.		初級		1
1057	hunt	打獵、尋找；打獵、尋找	verb/noun		初級		2
1058	hunter	獵人	noun		初級		2
1059	hurry	使加快、催促；匆忙、倉促	verb/noun		初級		2
1060	hurt	（使）感到疼痛、弄傷；傷害	verb		初級		1
1061	husband	丈夫	noun		初級		1
1062	I	我	pron.		初級		
1063	ice	冰	noun		初級		1
1064	ice cream	冰淇淋	noun		初級		
1065	idea	主意	noun		初級		1
1066	if	如果	conj.		初級		1
1067	ignore	忽視	verb		初級		2
1068	ill	生病的	adj.		初級		2
1069	image	形象	noun		初級	L5	2
1070	imagine	想像	verb		初級		2
1071	import	進口商品；進口、引進	noun/verb		初級		3
1072	importance	重要(性)	noun		初級		2
1073	important	重要的	adj.		初級		1
1074	improve	改進	verb		初級		
1075	in	在…裡；在家、在某地；時髦的	prep./adv./adj.		初級		1
1076	inch	英吋	noun		初級		1
1077	include	包含	verb		初級		2
1078	including	包含	prep.		初級		4
1079	income	收入	noun		初級	L1	2
1080	increase	增大、增加、增強；（數量或尺寸）增加、增長	verb/noun		初級		2
1081	independent	獨立的	adj.		初級		2
1082	indicate	指示	verb		初級	L1	2
1083	individual	個人的；個體	adj./noun		初級	L1	2
1084	industry	產業	noun		初級		2
1085	influence	影響；影響、作用、有影響力的人或物	noun/verb		初級		2
1086	information	資訊	noun		初級		3
1087	injury	傷害	noun		初級		3
1088	ink	墨水	noun		初級		2
1089	insect	昆蟲	noun		初級		1
1090	inside	在…裡；裡面的；內部	prep./adv./noun		初級		1
1091	insist	堅持	verb		初級		2
1092	inspire	給…靈感	verb		初級		4
1093	instance	例子	noun		初級	L3	2
1094	instant	立即的；剎那	adj./noun		初級		2
1095	instrument	樂器	noun		初級		2
1096	intelligent	有才智的	adj.		初級	L6	3
1097	interest	興趣；使感興趣	noun/verb		初級		1
1098	international	國際性的	adj.		初級		2
1099	Internet	網際網路	noun		初級		2
1100	interrupt	打斷(說話)	verb		初級		3
1101	interview	面談	noun/verb		初級		1
1102	into	進入到	prep.		初級		1
1103	introduce	介紹、引進	verb		初級		2
1104	invent	發明	verb		初級		3
1105	investigate	調查	verb		初級	L4	3
1106	invitation	邀請	noun		初級		3
1107	invite	邀請	verb		初級		1
1108	iron	鐵	noun		初級		2
1109	iron	熨	verb		初級		2
1110	is	(Be動詞)是	verb		初級		
1111	island	島嶼	noun		初級		1
1112	it	它	pron.		初級		
1113	item	項目	noun		初級	L2	1
1114	its	它的	determiner		初級		
1115	itself	它自己	pron.		初級		
1116	jacket	夾克	noun		初級		1
1117	jam	堵塞、果醬	noun		初級		2
1118	January	一月	noun	= Jan.	初級		
1119	Japan	日本	noun		初級		
1120	Japanese	日本的；日本人、日語	adj./noun		初級		
1121	jazz	爵士樂	noun		初級		3
1122	jealous	妒忌的	adj.		初級		3
1123	jeans	牛仔褲	noun		初級		1
1124	jeep	吉普車	noun		初級		3
1125	job	工作	noun		初級	L4	1
1126	jog	慢跑	verb		初級		2
1127	join	參加	verb		初級		1
1128	joint	共同的	adj.		初級		2
1129	joint	接點	noun		初級		2
1130	joke	玩笑；開玩笑	noun/verb		初級		1
1131	journalist	新聞記者	noun		初級		5
1132	joy	歡樂	noun		初級		1
1133	judge	法官	noun		初級		2
1134	judge	判斷	verb		初級		2
1135	juice	果汁	noun		初級		1
1136	July	七月	noun	= Jul.	初級		
1137	jump	跳	verb/noun		初級		
1138	June	六月	noun	= Jun.	初級		
1139	junior high school	國中、國民中學	noun		初級		
1140	just	只是、正好、剛才	adv.		初級		1
1141	kangaroo	袋鼠	noun		初級		3
1142	Kaohsiung	高雄	noun		初級		
1143	keep	使…保持在某狀態、繼續、飼養	verb		初級		1
1144	ketchup	番茄醬	noun	= catsup	初級		2
1145	key	重要的	adj.		初級		1
1146	key	鑰匙、關鍵	noun		初級		1
1147	kick	踢	verb/noun		初級		1
1148	kid	小孩	noun		初級		1
1149	kill	殺、使痛苦	verb		初級		1
1150	kilogram	公斤	noun	= kg	初級		2
1151	kilometer	公里	noun	= kilometre (British English)=km	初級		3
1152	kind	仁慈、親切的	adj.		初級		1
1153	kind	種類	noun		初級		1
1154	kindergarten	幼稚園	noun		初級		3
1155	king	國王	noun		初級		1
1156	kingdom	王國	noun		初級		3
1157	kiss	親吻	verb/noun		初級		1
1158	kitchen	廚房	noun		初級		
1159	kite	風箏	noun		初級		1
1160	kitten	小貓	noun	= kitty	初級		
1161	knee	膝蓋	noun		初級		1
1162	knife	刀	noun		初級		1
1163	knock	敲	verb		初級		1
1164	know	知道	verb		初級		1
1165	knowledge	知識	noun		初級		1
1166	koala	無尾熊	noun		初級		3
1167	Korea	韓國	noun		初級		
1168	Korean	韓國的；韓國人	adj./noun		初級		
1169	KTV	卡拉OK店	noun		初級		
1170	lack	欠缺	noun/verb		初級		2
1171	lady	女士	noun		初級		2
1172	lake	湖	noun		初級		1
1173	lamb	小羊	noun		初級		2
1174	lamp	燈	noun		初級		1
1175	land	土地	noun		初級		1
1176	land	登陸	verb		初級		1
1177	language	語言	noun		初級		1
1178	lantern	燈籠	noun		初級		2
1179	Lantern Festival	元宵節	noun		初級		
1180	large	大的	adj.		初級		1
1181	last	最後的、剛過的	adj./pron./noun		初級		1
1182	late	遲的	adj./adv.		初級		1
1183	later	更晚的；較晚地、以後	adv.		初級		1
1184	latest	最新的	adj.		初級		2
1185	laugh	笑	verb/noun		初級		1
1186	law	法律	noun		初級		2
1187	lawyer	律師	noun		初級		1
1188	lay	放置	verb		初級		2
1189	lazy	懶惰的	adj.		初級		1
1190	lead	領導；領先	verb/noun		初級		1
1191	leader	領導者	noun		初級		1
1192	leadership	領導(能力)	noun		初級		2
1193	leaf	葉子	noun		初級		2
1194	learn	學習	verb		初級		1
1195	least	最少、最小	adv./adj./pron./noun		初級		1
1196	leave	離開；假期	verb/noun		初級		1
1197	left	左邊的、左側的、剩下的	adj.		初級		1
1198	left	左邊、左側；向左	noun/adv.		初級		1
1199	left-hand	左手的、左邊的	adj.		初級		
1200	leg	腿	noun		初級		1
1201	legal	合法的	adj.		初級	L1	2
1202	lemon	檸檬	noun		初級		1
1203	lend	把…借給	verb		初級		2
1204	length	長度	noun		初級		2
1205	less	較少(地)	adv./pron.		初級		1
1206	lesson	課程	noun		初級		1
1207	let	讓	verb		初級		1
1208	letter	信	noun		初級		1
1209	lettuce	萵苣	noun		初級		3
1210	level	水平的	adj.		初級		1
1211	level	水準	noun		初級		1
1212	library	圖書館	noun		初級		1
1213	lick	舔	verb/noun		初級		3
1214	lid	蓋子；眼瞼	noun		初級		2
1215	lie	謊言；說謊	noun/verb		初級		1
1216	lie	躺下、橫臥、擺放	verb		初級		1
1217	life	生命、生活	noun		初級		
1218	lift	舉、順道搭載	noun		初級		2
1219	lift	舉起	verb		初級		2
1220	light	輕(便)、明亮、(顏色)淺、少量	adj./adv.		初級		1
1221	light	光、燈；點燃、照亮；明亮的	noun/verb/adj.		初級		1
1222	lightning	閃電	noun		初級		3
1223	like	像、如	prep.		初級		1
1224	like	喜歡、想要	verb		初級		1
1225	likely	很可能	adj./adv.		初級		2
1226	limit	限制	verb/noun		初級		2
1227	line	行列；排隊	noun/verb		初級		1
1228	link	連結	noun/verb		初級	L3	2
1229	lion	獅子	noun		初級		1
1230	lip	唇	noun		初級		
1231	liquid	液體；液態的、流動的	noun/adj.		初級		2
1232	list	名單；列入名單	noun/verb		初級		1
1233	listen	聽	verb		初級		1
1234	liter	公升	noun	= litre (British English)	初級		6
1235	little	小的；少	adj./pron./adv.		初級		1
1236	live	活	verb		初級		1
1237	living room	客廳	noun		初級		
1238	loaf	一條（塊）包	noun		初級		3
1239	local	當地的；本地人	adj./noun		初級		2
1240	lock	鎖上；鎖	verb/noun		初級		3
1241	lonely	寂寞的	adj.		初級		1
1242	long	長的、久的；長久地	adj./adv.		初級		1
1243	look	看	verb/noun		初級		1
1244	lose	失去、輸	verb		初級		1
1245	loser	失敗者	noun		初級		3
1246	loss	損失	noun		初級		2
1247	lot	多量、一批、一塊地	noun		初級		1
1248	loud	大聲的；大聲地	adj./adv.		初級		1
1249	love	愛	verb/noun		初級		1
1250	lovely	美好的	adj.		初級		1
1251	lover	愛好者	noun		初級		3
1252	low	低的	adj.		初級		1
1253	luck	運氣	noun		初級		2
1254	lucky	幸運的	adj.		初級		1
1255	lunch	午餐	noun		初級		1
1256	ma'am	夫人	noun		初級		6
1257	machine	機器	noun		初級		1
1258	mad	瘋狂的、生氣的	adj.		初級		1
1259	magazine	雜誌	noun		初級		2
1260	magic	有魔力的；魔術	adj./noun.		初級		1
1261	magician	魔術師	noun		初級		3
1262	mail	郵件；郵寄	noun/verb		初級		1
1263	mail carrier	郵差	noun	=mailman = postman (British English)	初級		
1264	main	主要的	adj.		初級		1
1265	maintain	維持	verb		初級	L2	2
1266	major	主要的	adj.		初級	L1	2
1267	major	主修科目、主修生；主修	noun/verb		初級	L1	2
1268	make	做	verb		初級		1
1269	male	男性(的)	adj./noun		初級		2
1270	mall	購物中心	noun		初級		3
1271	man	男人	noun		初級		1
1272	manager	負責人、經理	noun		初級		2
1273	Mandarin	中文(國語)	noun		初級		
1274	mango	芒果	noun		初級		2
1275	manner	禮貌（多使用複數形態）、方式、態度	noun		初級		2
1276	many	許多（的）	adj./pron.		初級		1
1277	map	地圖	noun		初級		1
1278	March	三月	noun	= Mar.	初級		3
1279	mark	分數	noun		初級		1
1280	mark	標記	verb		初級		1
1281	marker	標誌；麥克筆、彩色筆	noun		初級		3
1282	market	市場；行銷、銷售	noun/verb		初級		1
1283	marriage	婚姻	noun		初級		2
1284	marry	結婚	verb		初級		2
1285	marvelous	非凡的、很棒的	adj.	= marvellous (British English)	初級		3
1286	mask	面具、口罩	noun		初級		2
1287	mass	大量（的）	noun/adj.		初級		2
1288	master	主人、大師	noun		初級		2
1289	mat	蓆子、墊子	noun		初級		2
1290	match	比賽	noun		初級		2
1291	match	相配	verb		初級		2
1292	material	物質、材料	noun		初級		2
1293	math	數學、算術	noun	= mathematics	初級		
1294	matter	問題；物質	noun		初級		1
1295	matter	有關係	verb		初級		1
1296	maximum	最大值（的/地）	adj./noun/adv.		初級		4
1297	may	可能	aux.		初級		1
1298	May	五月	noun		初級		1
1299	maybe	或許	adv.		初級		1
1300	me	我	pron.		初級		
1301	meal	一餐、餐點	noun		初級		1
1302	mean	意思是、意指、意圖	verb		初級		1
1303	meaning	意義	noun		初級		2
1304	means	手段	noun		初級		2
1305	measure	措施	noun		初級		4
1306	measure	測量	verb		初級		4
1307	meat	肉	noun		初級		1
1308	mechanic	機械工、修理工	noun		初級		4
1309	medicine	藥	noun		初級		1
1310	medium	中間的、中等的	adj.		初級	L9	1
1311	medium	媒介、方法、媒體	noun		初級	L9	1
1312	meet	遇見	verb		初級		1
1313	meeting	會議	noun		初級		1
1314	melon	瓜	noun		初級		3
1315	member	成員	noun		初級		1
1316	memory	記憶、回憶	noun		初級		2
1317	men's room	男洗手間、男廁所	noun		初級		
1318	menu	菜單	noun		初級		1
1319	message	訊息	noun		初級		2
1320	metal	金屬	noun		初級		2
1321	meter	公尺	noun	= metre (British English)= m	初級		2
1322	method	方法	noun		初級	L1	2
1323	microwave	微波(爐)	noun/verb		初級		3
1324	middle	中間(的)	adj./noun		初級		1
1325	midnight	午夜	noun/adj.		初級		2
1326	might	可能、或許	aux.		初級		
1327	mile	英里、哩	noun		初級		2
1328	military	軍事(的)	noun/adj.		初級	L9	2
1329	milk	牛奶	noun		初級		1
1330	million	百萬	number/pron./noun/adj.		初級		1
1331	mind	心思、主意、想法、智力	noun		初級		1
1332	mind	注意、介意	verb		初級		1
1333	minor	較小、少的；次要的	adj.		初級	L3	2
1334	minor	副修、未成年	noun		初級	L3	2
1335	minor	副修	verb		初級	L3	2
1336	minus	減；減號；負的	pron./conj./adj./noun		初級		3
1337	minute	分鐘	noun	= min.	初級		1
1338	mirror	鏡子	noun		初級		2
1339	Miss	小姐	noun		初級		1
1340	miss	錯過；想念	verb		初級		1
1341	missing	缺的、走失的	adj.		初級		3
1342	mistake	錯誤；出差錯	noun/verb		初級		1
1343	mix	混合	verb/noun		初級		2
1344	model	模特兒、模型；塑造、模仿	noun/verb		初級		2
1345	modern	現代的	adj.		初級		1
1346	moment	瞬間、片刻	noun		初級		1
1347	Monday	星期一	noun	= Mon.	初級		
1348	money	金錢	noun		初級		1
1349	monkey	猴子	noun		初級		1
1350	monster	妖怪	noun		初級		3
1351	month	月	noun		初級		1
1352	monthly	每月的(地)	adj./adv.		初級		3
1353	monthly	月刊	noun		初級		3
1354	moon	月亮	noun		初級		1
1355	mop	拖把；拖地	noun/verb		初級		2
1356	more	更；更多(的)	adv./pron./adj.		初級		1
1357	morning	早晨	noun		初級		1
1358	mosquito	蚊子	noun		初級		3
1359	most	最	adv./pron./adj.		初級		1
1360	mother	母親	noun	= mommy= mom= momma= mamma	初級		1
1361	mother	養育	verb		初級		1
1362	Mother's Day	母親節	noun		初級		
1363	motion	行動、動作	noun		初級		2
1364	motion	打手勢	verb		初級		2
1365	motorcycle	摩托車	noun	= motorbike (British English)	初級		2
1366	mountain	山	noun		初級		1
1367	mouse	老鼠	noun		初級		1
1368	mouth	嘴	noun		初級		
1369	move	搬家、移動	verb/noun		初級		
1370	movement	動作；活動	noun		初級		
1371	movie	電影	noun	= film= cinema= picture	初級		1
1372	Mr.	先生	noun	= Mr	初級		1
1373	Mrs.	太太	noun	= Mrs	初級		1
1374	MRT	捷運	noun	= mass rapid transit= subway= underground= metro	初級		
1375	Ms.	女士	noun	=Ms	初級		1
1376	much	很多	pron./adv./adj.		初級		1
1377	mud	泥巴	noun		初級		1
1378	museum	博物館	noun		初級		1
1379	music	音樂	noun		初級		1
1380	musician	音樂家	noun		初級		2
1381	must	必須、一定是	aux.		初級		1
1382	my	我的	determiner		初級		
1383	myself	我自己	pron.		初級		
1384	nail	釘子；釘	noun/verb		初級		2
1385	name	名字；命名	noun/verb		初級		1
1386	napkin	餐巾	noun		初級		3
1387	narrow	窄的；變窄	adj./verb		初級		2
1388	nation	國家	noun		初級		2
1389	national	全國的、民族的	adj.		初級		1
1390	natural	自然的	adj.		初級		2
1391	nature	自然	noun		初級		1
1392	naughty	淘氣的	adj.		初級		2
1393	near	接近；近的；在附近	prep./adj./adv./verb		初級		1
1394	nearly	幾乎	adv.		初級		2
1395	necessary	必要的	adj.		初級		2
1396	neck	脖子	noun		初級		1
1397	necklace	項鏈	noun		初級		2
1398	need	需要	verb/noun/aux.		初級		1
1399	needle	針；用針穿刺、用針縫	noun/verb		初級		2
1400	negative	負面（的）、否定（的）	adj./noun		初級		2
1401	neighbor	鄰居；與…為鄰	noun/verb	= neighbour (British English)	初級		2
1402	neither	兩者皆不	adv./pron./adj./conj.		初級		
1403	nephew	姪子、外甥	noun		初級		2
1404	nervous	緊張的	adj.		初級		2
1405	nest	巢；築巢	noun/verb		初級		3
1406	never	從未	adv.		初級		1
1407	new	新的	adj.		初級		1
1408	New Year's Day	新年	noun		初級		
1409	New Year's Eve	跨年夜	noun		初級		
1410	news	消息、新聞	noun		初級		1
1411	newspaper	報紙	noun		初級		1
1412	next	隔壁的、緊接著的；接下去、然後	adj./adv.		初級		1
1413	nice	美好的、宜人的	adj.		初級		1
1414	nice-looking	好看的	adj.		初級		
1415	niece	姪女、甥女	noun		初級		2
1416	night	晚上	noun		初級		1
1417	nine	九	number/pron./noun/adj.		初級		
1418	nineteen	十九	number/pron./noun/adj.		初級		
1419	ninety	九十	number/pron./noun/adj.		初級		
1420	no	沒有	adv./adj./noun	= nope	初級		1
1421	nobody	沒有人	pron./noun		初級		1
1422	nod	點頭	verb/noun		初級		2
1423	noise	噪音	noun		初級		1
1424	noisy	吵鬧的	adj.		初級		1
1425	none	沒有一個(人或物)；絕不	pron./adv.		初級		2
1426	noodle	麵條	noun		初級		2
1427	noon	正午	noun		初級		1
1428	nor	也不是	conj.		初級		2
1429	north	北方(的)；向北	noun/adj./adv.		初級		1
1430	northern	北邊的	adj.		初級		2
1431	nose	鼻子	noun		初級		1
1432	not	不是	adv.		初級		1
1433	note	筆記；記錄、注意	noun/verb		初級		1
1434	notebook	筆記本	noun		初級		2
1435	nothing	沒什麼	pron./noun		初級		1
1436	notice	注意(到)；公告	noun/verb		初級		1
1437	novel	新穎的	adj.		初級		2
1438	novel	小說	noun		初級		2
1439	November	十一月	noun	= Nov.	初級		
1440	now	現在	adv./noun/pron.		初級		1
1441	number	號碼；編號碼	noun/verb		初級		1
1442	nurse	護理師；照護	noun/verb		初級		1
1443	o'clock	…點鐘	adv.		初級		1
1444	obey	服從	verb		初級		2
1445	object	物體、對象、目標	noun		初級		2
1446	object	反對、抗議	verb		初級		2
1447	occur	發生	verb		初級	L1	2
1448	ocean	海洋	noun		初級		2
1449	October	十月	noun	= Oct.	初級		
1450	of	...的、屬於、關於	prep.		初級		1
1451	off	(離)開	adv./prep./adj.		初級		1
1452	offer	提供、提議、出價	verb/noun		初級		
1453	office	辦公室	noun		初級		1
1454	officer	官員	noun		初級		1
1455	official	官員；官方的	noun/adj.		初級		2
1456	often	時常	adv.		初級		1
1457	oil	油；塗油	noun/verb		初級		1
1458	OK	好、同意	adj./adv./noun/verb	= O.K.= ok= o.k.	初級		
1459	old	老的	adj.		初級		1
1460	omit	省去	verb		初級		3
1461	on	在…上	prep./adv.		初級		1
1462	once	一次、曾經；一旦…就…	adv./conj./pron.		初級		1
1463	one	一(個)	number/pron./noun/adj.		初級		
1464	onion	洋蔥	noun		初級		3
1465	online	線上的；在線上	adj./adv.		初級		1
1466	only	僅、只；唯一的	adv./adj./conj.		初級		1
1467	open	打開；開著的	verb/adj.		初級		1
1468	operate	操作	verb		初級		2
1469	operation	運作	noun		初級		3
1470	opinion	觀點	noun		初級		2
1471	opportunity	機會	noun		初級		3
1472	or	或、否則	conj.		初級		1
1473	orange	柳橙；橙色(的)	noun/adj.		初級		1
1474	order	訂單、順序、命令	noun		初級		1
1475	order	點菜、訂購、命令	verb		初級		1
1476	ordinary	普通的	adj.		初級		2
1477	organization	組織	noun	= organisation (British English)	初級		2
1478	organize	安排、籌劃	verb	= organise (British English)	初級		3
1479	other	其他(的)	adj./pron.		初級		1
1480	our	我們的	determiner		初級		
1481	ours	我們的	pron.		初級		
1482	ourselves	我們自己	pron.		初級		
1483	out	在外；之外；缺	adv./adj./prep.		初級		1
1484	outside	在外地；外面(的)	prep./adv./adj./noun		初級		1
1485	oven	烤箱	noun		初級		3
1486	over	在…上面；越過；過去的	prep./adv./adj.		初級		1
1487	overpass	天橋	noun		初級		
1488	overseas	在國外	adj./adv.		初級	L6	3
1489	own	自己的	pron./adj.		初級		1
1490	own	擁有	verb		初級		1
1491	owner	所有者	noun		初級		2
1492	ox	公牛、牛	noun		初級		3
1493	P.M.	下午	adv.	= p.m.= PM	初級		1
1494	pack	打包；包裝	verb/noun		初級		1
1495	package	包裹	noun		初級		1
1496	page	頁	noun	= p.	初級		1
1497	pain	痛苦	noun		初級		2
1498	painful	痛苦的	adj.		初級		2
1499	paint	油漆	verb/noun		初級		1
1500	painter	畫家	noun		初級		3
1501	painting	畫作	noun		初級		2
1502	pair	對	noun		初級		1
1503	pajamas	睡衣	noun	= pyjamas (British English)	初級		2
1504	pale	蒼白的	adj.		初級		2
1505	pan	平底鍋	noun		初級		2
1506	panda	熊貓	noun		初級		2
1507	pants	褲子	noun	= trousers (British English)	初級		1
1508	papaya	木瓜	noun		初級		2
1509	paper	紙	noun		初級		1
1510	pardon	原諒	noun/verb		初級		2
1511	parent	父母親	noun		初級		1
1512	park	公園	noun		初級		1
1513	park	停(車)	verb		初級		1
1514	parking lot	停車場	noun		初級		
1515	parrot	鸚鵡	noun		初級		3
1516	part	部分	noun		初級		1
1517	particular	特殊的、特別的	adj.		初級		2
1518	partner	夥伴	noun		初級	L3	2
1519	party	宴會	noun		初級		1
1520	pass	經過；通行證	verb/noun		初級		1
1521	passenger	乘客	noun		初級		3
1522	past	過去、經過、（時間）晚於、結束	noun/adj./prep./adv.		初級		1
1523	paste	漿糊；黏貼	noun/verb		初級		2
1524	path	小徑	noun		初級		2
1525	patient	有耐心的	adj.		初級		2
1526	patient	病人	noun		初級		2
1527	pattern	樣式	noun		初級		2
1528	pause	暫停	verb/noun		初級		3
1529	pay	支付；薪水	verb/noun		初級		
1530	PE	體育	noun	= physical education	初級		
1531	peace	和平	noun		初級		2
1532	peaceful	和平的、平靜的	adj.		初級		2
1533	peach	桃子、桃紅色	noun		初級		2
1534	pear	梨	noun		初級		2
1535	pen	筆	noun		初級		1
1536	pencil	鉛筆	noun		初級		1
1537	people	人、人們、民族	noun		初級		1
1538	pepper	胡椒	noun		初級		3
1539	perfect	完美的	adj.		初級		2
1540	perhaps	或許	adv.		初級		1
1541	period	期間、時期	noun		初級	L1	2
1542	person	人	noun		初級		1
1543	personal	個人的	adj.		初級		2
1544	pet	寵物	noun		初級		1
1545	Philippines	菲律賓	noun		初級		
1546	phone	電話；打電話	noun/verb	= telephone	初級		1
1547	photo	相片	noun	= photograph	初級		1
1548	photograph	相片	noun	= photo	初級		1
1549	photographer	攝影師	noun		初級		3
1550	physics	物理、物理學	noun		初級		4
1551	piano	鋼琴	noun		初級		1
1552	pick	採、摘；挑選；剔除	verb		初級		1
1553	picnic	野餐；去野餐	noun/verb		初級		1
1554	picture	圖片、照片；拍攝、描繪	noun/verb		初級		1
1555	pie	派、餡餅	noun		初級		1
1556	piece	塊、片、（某類事物中的）一件	noun		初級		1
1557	pig	豬	noun		初級		1
1558	pigeon	鴿子	noun		初級		3
1559	pile	堆；(一)堆	verb/noun		初級		3
1560	pillow	枕頭	noun		初級		2
1561	pin	別針；(用別針等)別住、釘住	noun/verb		初級		1
1562	pineapple	鳳梨	noun		初級		3
1563	pink	粉紅色的；粉紅色	adj./noun		初級		1
1564	pipe	管子、煙斗	noun		初級		1
1565	pizza	披薩	noun		初級		2
1566	place	廣場、地方、位置	noun		初級		1
1567	place	放置	verb		初級		1
1568	plain	樸素的、簡單的；完全地、簡直	adj./adv.		初級		2
1569	plain	平原	noun		初級		2
1570	plan	計畫、方案、平面圖；計劃、打算	noun/verb		初級		1
1571	plane	飛機	noun		初級		1
1572	planet	行星	noun		初級		1
1573	plant	植物	noun		初級		1
1574	plant	種植	verb		初級		1
1575	plate	盤子	noun		初級		1
1576	platform	月台	noun		初級		2
1577	play	比賽、遊戲、戲劇	noun		初級		1
1578	play	玩、打(球)、演奏	verb		初級		1
1579	player	運動員、演奏者、玩遊戲的人、播放器	noun		初級		1
1580	playground	操場、遊樂場	noun		初級		2
1581	pleasant	宜人的	adj.		初級		2
1582	please	請	adv.		初級		1
1583	please	使高興、取悅	verb		初級		1
1584	pleased	喜歡的、滿意的	adj.		初級		
1585	pleasure	樂趣	noun		初級		1
1586	plus	加、加上；正數、加號	prep./conj./adj./noun		初級	L8	2
1587	pocket	口袋；袖珍的、零星花用的；裝入袋內	noun/adj./verb		初級		1
1588	poem	詩	noun		初級		2
1589	point	點、觀點、要點、(特定)時刻	noun		初級		1
1590	point	指向、瞄準	verb		初級		1
1591	poison	毒、毒藥；使中毒、使(水、空氣等)受污染	noun/verb		初級		2
1592	police	警方	noun		初級		1
1593	policeman	警察	noun	= cop	初級		2
1594	policewoman	女警察	noun		初級		
1595	policy	政策	noun		初級	L1	2
1596	polite	有禮貌的	adj.		初級		1
1597	pollute	污染	verb		初級		3
1598	pollution	汙染	noun		初級		3
1599	pond	池塘	noun		初級		1
1600	pool	水池	noun		初級		1
1601	poor	貧窮的、粗劣的、可憐的	adj.		初級		1
1602	pop music	流行音樂	noun	= pop	初級		
1603	popcorn	爆米花	noun		初級		1
1604	popular	受歡迎的	adj.		初級		1
1605	population	人口	noun		初級		2
1606	pork	豬肉	noun		初級		2
1607	position	位置；定位	noun/verb		初級		2
1608	positive	正面的、明確肯定的	adj.		初級	L2	2
1609	possible	可能的	adj.		初級		1
1610	post	郵件、貼文；郵寄、發佈	noun/verb	= mail (American English) 郵件,包裹,郵寄	初級		2
1611	post office	郵局	noun		初級		
1612	postcard	明信片	noun		初級		2
1613	pot	鍋、壺	noun		初級		1
1614	potato	馬鈴薯	noun		初級		1
1615	pound	磅、英鎊	noun		初級		2
1616	powder	粉末；灑粉末	noun/verb		初級		3
1617	power	力量、權力	noun		初級		1
1618	powerful	強有力的	adj.		初級		2
1619	practice	練習、慣例；練習、訓練	noun/verb	= practise(verb, British English)	初級		1
1620	praise	稱讚	verb/noun		初級		2
1621	pray	祈禱	verb		初級		2
1622	precious	珍貴的	adj.		初級		3
1623	prefer	較喜歡、偏好	verb		初級		2
1624	prepare	準備	verb		初級		1
1625	present	出席的、現在的	adj.		初級		1
1626	present	禮物；現在	noun		初級		1
1627	president	總統	noun		初級		2
1628	press	新聞界、印刷出版業	noun		初級		2
1629	press	按、壓、催迫	verb		初級		2
1630	pretty	漂亮的	adj.		初級		1
1631	pretty	相當、頗	adv.		初級		1
1632	price	價格；訂價	noun/verb		初級		1
1633	priest	教士、牧師	noun		初級		2
1634	primary	初級的、初等的	adj.		初級	L2	2
1635	prince	王子	noun		初級		2
1636	princess	公主	noun		初級		2
1637	principal	校長、首長	noun		初級		2
1638	principle	原則	noun		初級	L1	2
1639	print	印刷、用印刷體寫；印刷字體、印刷品	verb/noun		初級		2
1640	printer	印表機	noun		初級		2
1641	prison	監獄	noun		初級		2
1642	prisoner	囚犯	noun		初級		2
1643	private	私人的	adj.		初級		2
1644	prize	獎	noun		初級		2
1645	probably	大概、有可能	adv.		初級		1
1646	problem	問題	noun		初級		1
1647	produce	製造、生產	verb		初級		2
1648	product	產品	noun		初級		3
1649	production	生產	noun		初級		2
1650	professor	教授	noun		初級		3
1651	program	節目；計畫	noun/verb	= programme (British English)	初級		1
1652	progress	進步	noun/verb		初級		2
1653	project	方案、計畫、(學生)研究	noun		初級		2
1654	promise	承諾、答應	verb/noun		初級		2
1655	pronounce	宣告、發音	verb		初級		3
1656	propose	提出建議、求婚	verb		初級		2
1657	protect	保護	verb		初級		2
1658	protection	保護	noun		初級		3
1659	proud	(感到)驕傲的	adj.		初級		1
1660	prove	證明	verb		初級		2
1661	provide	提供	verb		初級		2
1662	public	公眾(的)	adj./noun		初級		1
1663	pull	拉	verb/noun		初級		1
1664	pump	(用)幫浦	noun/verb		初級		3
1665	pumpkin	南瓜	noun		初級		2
1666	punish	處罰	verb		初級		
1667	puppy	小狗	noun		初級		2
1668	purchase	購買	noun/verb		初級	L2	5
1669	purple	紫色(的)	adj./noun		初級		2
1670	purpose	目的	noun		初級		2
1671	purse	錢包	noun		初級		3
1672	push	推、逼迫；推動	verb/noun		初級		1
1673	put	放	verb		初級		1
1674	puzzle	拼圖	noun		初級		2
1675	puzzle	難題；使...感到為難、困惑	noun/verb		初級		2
1676	quality	品質	noun		初級		2
1677	quarter	四分之一	noun		初級		1
1678	queen	皇后	noun		初級		1
1679	question	(問)問題；懷疑	noun/verb		初級		1
1680	quick	快速的	adj.		初級		1
1681	quiet	安靜的	adj.		初級		1
1682	quit	離開	verb		初級		3
1683	quite	相當	adv.		初級		1
1684	quiz	小考	noun		初級		2
1685	rabbit	兔子	noun		初級		1
1686	race	種族	noun		初級		1
1687	race	賽跑、參加比賽；競爭	verb/noun		初級		1
1688	radio	收音機、廣播節目	noun		初級		1
1689	railroad	鐵路	noun	= railway (British English)	初級		2
1690	rain	(下)雨	noun/verb		初級		1
1691	rainbow	彩虹	noun		初級		1
1692	rainy	下雨的	adj.		初級		1
1693	raise	加薪、加薪額	noun		初級		1
1694	raise	舉高、提升、養育；提高	verb/noun		初級		1
1695	range	排、行、範圍；山脈	noun		初級	L2	2
1696	range	範圍、排列	verb		初級	L2	2
1697	rapid	快速的	adj.		初級		2
1698	rare	半熟的、罕見	adj.		初級		2
1699	rat	老鼠	noun		初級		2
1700	rather	相當、頗	adv.		初級		2
1701	reach	（手、能力、影響等）可及範圍	noun		初級		1
1702	reach	伸出(手)、抵達、 取得聯繫	verb		初級		1
1703	read	讀、朗讀	verb		初級		1
1704	ready	準備好的	adj.		初級		1
1705	real	真實的	adj.		初級		1
1706	realize	瞭解、實現	verb	= realise (British English)	初級		2
1707	really	真的、非常、實際上	adv.		初級		1
1708	reason	原因、理由、理性	noun		初級		1
1709	receive	收到、歡迎	verb		初級		2
1710	recent	最近的	adj.		初級		2
1711	record	紀錄、唱片；記錄、錄音	noun/verb		初級		2
1712	recover	恢復	verb		初級	L6	2
1713	rectangle	矩形	noun		初級		3
1714	recycle	回收	verb		初級		4
1715	red	紅色(的)	adj./noun		初級		1
1716	refrigerator	電冰箱	noun	= fridge= icebox	初級		2
1717	refuse	拒絕	verb		初級		2
1718	regard	認為；尊敬、關心	verb/noun		初級		2
1719	region	地區	noun		初級	L2	2
1720	regret	遺憾、後悔	verb/noun		初級		3
1721	regular	規律的、經常的	adj.		初級		2
1722	reject	拒絕、拒收	verb		初級	L5	2
1723	relative	相關的	adj.		初級		1
1724	relative	親戚	noun		初級		1
1725	remember	記住	verb		初級		1
1726	remind	提醒	verb		初級		3
1727	rent	租金；租	noun/verb		初級		2
1728	repair	修理	noun/verb		初級		2
1729	repeat	重複	verb		初級		1
1730	reply	回答、回覆	verb/noun		初級		2
1731	report	報告、報導	noun/verb		初級		1
1732	reporter	記者	noun		初級		1
1733	Republic of China	中華民國	noun	= ROC	初級		
1734	require	要求	verb		初級	L1	
1735	respect	尊重	noun/verb		初級		2
1736	responsible	負責的、掌管…	adj.		初級		2
1737	rest	休息	noun		初級		1
1738	rest	剩下；剩餘部分、其餘	verb/noun		初級		1
1739	restaurant	餐館	noun		初級		1
1740	restroom	洗手間	noun	= rest room	初級		2
1741	result	結果	noun/verb		初級		2
1742	return	返回	verb/noun		初級		
1743	review	複習	noun/verb		初級		2
1744	revise	修訂	verb		初級	L8	4
1745	rice	米飯	noun		初級		1
1746	rich	富有的；富人	adj./noun		初級		1
1747	ride	騎乘、搭乘；搭車	verb/noun		初級		1
1748	right	右邊的、正確的；向右、正確地、立刻	adj./adv.		初級		1
1749	right	右方；權利	noun		初級		1
1750	right-hand	右手的、右側的、供右手用的	adj.		初級		
1751	ring	戒指、環；鈴聲	noun		初級		1
1752	ring	打電話、按門鈴、(鈴聲)響起	verb		初級		1
1753	rise	上升	verb/noun		初級		1
1754	river	河	noun		初級		1
1755	road	道路	noun		初級		1
1756	rob	搶劫	verb		初級		3
1757	robot	機器人	noun		初級		1
1758	rock	石頭、岩石、搖滾樂	noun		初級		1
1759	rock	搖晃、震動、跳舞(搖滾樂)	verb		初級		1
1760	role	角色	noun		初級	L1	2
1761	roll	捲；(一)捲	verb/noun		初級		1
1762	roller blade	直排輪鞋	noun	動詞：roller-blade= rollerblade	初級		
1763	roller skate	輪式溜冰鞋	noun	動詞：roller-skate	初級		
1764	roof	屋頂	noun		初級		2
1765	room	房間	noun		初級		1
1766	root	根、根源；生根、紥根	noun/verb		初級		1
1767	rope	繩子	noun		初級		1
1768	rose	玫瑰	noun		初級		1
1769	round	圓形的	adj.		初級		1
1770	round	環繞地、周而復始地；圍繞、環繞	adv./prep.		初級		1
1771	round	一輪、一回合	noun		初級		1
1772	row	排、行、列	noun		初級		1
1773	row	划(船)	verb		初級		1
1774	royal	皇家的	adj.		初級		2
1775	rub	摩擦、揉	verb		初級		2
1776	rubber	橡膠的；橡膠	adj./noun		初級		2
1777	rude	無禮的	adj.		初級		2
1778	ruin	廢墟；毀壞	noun/verb		初級		4
1779	rule	規則；統治	noun/verb		初級		1
1780	ruler	尺、統治者	noun		初級		1
1781	run	跑、行駛、運轉	verb/noun		初級		1
1782	rush	趕緊；匆忙	verb/noun		初級		3
1783	Russia	俄國	noun		初級		
1784	sad	悲傷的	adj.		初級		1
1785	safe	安全的	adj.		初級		1
1786	safe	保險箱、保險櫃	noun		初級		1
1787	safety	安全	noun		初級		2
1788	sail	航行	verb/noun		初級		2
1789	sailor	船員、水手	noun		初級		2
1790	salad	沙拉	noun		初級		1
1791	sale	賣、出售、銷售	noun		初級		1
1792	salesperson	銷售員	noun	= salesman, saleswoman	初級		5
1793	salt	鹽	noun		初級		1
1794	same	同樣的人/事物；同樣的	pron./adj.		初級		1
1795	sample	樣本；試用、試吃	noun/verb		初級		2
1796	sand	沙子	noun		初級		2
1797	sandwich	三明治	noun		初級		2
1798	satisfy	使滿意	verb		初級		2
1799	Saturday	星期六	noun	= Sat.	初級		
1800	saucer	茶碟	noun		初級		3
1801	save	節省	verb		初級		1
1802	say	說	verb		初級		1
1803	scale	規模、刻度、等級	noun		初級		3
1804	scarf	圍巾	noun		初級		3
1805	scene	現場、景色	noun		初級		2
1806	school	學校	noun		初級		1
1807	science	科學	noun		初級		1
1808	scientist	科學家	noun		初級		3
1809	scooter	機車、滑板車	noun		初級		2
1810	score	得分；(比賽中的)得分、成績	verb/noun		初級		2
1811	screen	螢幕	noun		初級		2
1812	screen	遮擋、檢查、放映	verb		初級		2
1813	sea	海洋	noun		初級		1
1814	search	搜尋	noun/verb		初級		2
1815	season	季節	noun		初級		1
1816	seat	座位；使就座	noun/verb		初級		1
1817	second	第二的；居第二位	adj./adv.		初級		1
1818	second	第二位；秒	noun		初級		1
1819	secret	秘密的；秘密	adj./noun		初級		2
1820	secretary	秘書	noun		初級		1
1821	section	區、段	noun		初級	L1	2
1822	see	看、拜訪、明白	verb		初級		1
1823	seed	種子	noun		初級		1
1824	seek	尋找	verb		初級	L2	2
1825	seem	看起來、似乎	verb		初級		2
1826	seesaw	蹺蹺板	noun		初級		2
1827	seldom	不常、很少	adv.		初級		2
1828	select	挑選	verb		初級	L2	2
1829	selfish	自私的	adj.		初級		2
1830	sell	售出	verb		初級		1
1831	semester	學期	noun		初級		3
1832	send	寄	verb		初級		1
1833	senior high school	高中、高級中學	noun		初級		
1834	sense	感官、觀念、意義；意識到、感覺到	noun/verb		初級		2
1835	separate	分開的；分開	adj./verb		初級		2
1836	September	九月	noun	= Sept.	初級		
1837	serious	嚴重的	adj.		初級		1
1838	servant	僕人	noun		初級		
1839	serve	服務	verb		初級		2
1840	service	服務	noun		初級		1
1841	set	準備好的	adj.		初級		1
1842	set	一套(組、副)	noun		初級		1
1843	set	放、裝設	verb		初級		1
1844	seven	七	number/pron./noun/adj.		初級		
1845	seventeen	十七	number/pron./noun/adj.		初級		
1846	seventy	七十	number/pron./noun/adj.		初級		
1847	several	一些的；幾個	adj./pron.		初級		1
1848	shake	搖動、握手；搖動	verb/noun		初級		1
1849	shall	將	aux.		初級		1
1850	shape	形狀	noun		初級		1
1851	share	股票、部分	noun		初級		1
1852	share	分享、分擔	verb		初級		1
1853	shark	鯊魚	noun		初級		2
1854	sharp	銳利的	adj.		初級		1
1855	she	她	pron.		初級		
1856	sheep	綿羊	noun		初級		1
1857	sheet	床單、一張	noun		初級		2
1858	shelf	架子	noun		初級		2
1859	shine	照亮	verb		初級		2
1860	ship	(航海的)大船、艦	noun		初級		1
1861	ship	用船運、運送	verb		初級		1
1862	shirt	襯衫	noun		初級		1
1863	shock	震驚；使驚訝	noun/verb		初級		2
1864	shoe	鞋	noun		初級		1
1865	shoot	發射、投籃；發射、射擊	verb/noun		初級		2
1866	shop	店舖	noun	= store 商店	初級		1
1867	shop	買、購物	verb		初級		1
1868	shore	岸	noun		初級		2
1869	short	矮的、短的、缺乏的	adj.		初級		1
1870	shot	射擊、(藥品)一次注射量	noun		初級		2
1871	should	應該	aux.		初級		
1872	shoulder	肩膀	noun		初級		1
1873	shout	大聲說、吼叫；喊叫聲	verb/noun		初級		1
1874	show	給…看；展覽	verb/noun		初級		1
1875	shower	淋浴；(下)陣雨	noun/verb		初級		1
1876	shrimp	蝦子	noun		初級		
1877	shut	關上、打烊	verb		初級		2
1878	shy	害羞的	adj.		初級		2
1879	sick	生病的、噁心的	adj.		初級		1
1880	side	邊、側	noun		初級		1
1881	sidewalk	人行道	noun	= pavement (British English)	初級		2
1882	sight	視力、視線	noun		初級		1
1883	sign	徵兆、標示	noun		初級		1
1884	sign	簽名、簽約	verb		初級		1
1885	silence	沉默、安靜	noun		初級		2
1886	silent	安靜的	adj.		初級		2
1887	silly	愚蠢的	adj.		初級		2
1888	silver	銀；銀質的、銀色的	noun/adj.		初級		2
1889	similar	類似的	adj.		初級	L1	2
1890	simple	簡單的	adj.		初級		1
1891	simply	只是、簡單地	adv.		初級		2
1892	since	從...以來；自從；從此、此後	conj./prep./adv.		初級		1
1893	sincere	真誠的	adj.		初級		3
1894	sing	唱(歌)	verb		初級		1
1895	Singapore	新加坡	noun		初級		
1896	singer	歌手	noun		初級		1
1897	single	單一的、單身的；未婚者、單曲(唱片)	adj./noun		初級		2
1898	sink	水槽	noun		初級		3
1899	sink	下沉	verb		初級		3
1900	sir	先生	noun		初級		1
1901	sister	姐妹	noun		初級		1
1902	sit	坐	verb		初級		1
1903	six	六	number/pron./noun/adj.		初級		
1904	sixteen	十六	number/pron./noun/adj.		初級		
1905	sixty	六十	number/pron./noun/adj.		初級		
1906	size	尺寸	noun		初級		1
1907	skate	冰鞋；溜冰	noun/verb		初級		3
1908	ski	滑雪板；滑雪	noun/verb		初級		3
1909	skill	技術	noun		初級		2
1910	skillful	有技術的	adj.	= skilful (British English)	初級		3
1911	skin	皮膚	noun		初級		2
1912	skinny	很瘦的	adj.		初級		3
1913	skirt	裙子	noun		初級		1
1914	sky	天空	noun		初級		1
1915	sleep	睡覺；睡覺、睡眠	verb/noun		初級		1
1916	sleepy	想睡的	adj.		初級		2
1917	slender	苗條的	adj.		初級		3
1918	slide	滑動；滑梯	verb/noun		初級		2
1919	slim	苗條的	adj.		初級		1
1920	slip	滑動、滑跤	verb/noun		初級		2
1921	slipper	拖鞋	noun		初級		2
1922	slow	慢的；減慢；緩慢地	adj./verb/adv.		初級		1
1923	small	小的	adj.		初級		1
1924	smart	聰明的	adj.		初級		1
1925	smell	氣味；聞	noun/verb		初級		1
1926	smile	微笑；笑容	verb/noun		初級		1
1927	smoke	煙；抽菸、冒煙	noun/verb		初級		1
1928	snack	點心；吃點心	noun/verb		初級		2
1929	snail	蝸牛	noun		初級		2
1930	snake	蛇	noun		初級		1
1931	sneaker	球鞋	noun		初級		6
1932	sneaky	偷偷摸摸的	adj.		初級		6
1933	snow	雪；下雪	noun/verb		初級		1
1934	snowy	多雪的	adj.		初級		2
1935	so	如此	adv.		初級		1
1936	so	所以	conj.		初級		1
1937	soap	肥皂；抹肥皂	noun/verb		初級		2
1938	soccer	足球	noun		初級		2
1939	social	社會的	adj.		初級		2
1940	society	社會	noun		初級		2
1941	sock	襪子	noun		初級		2
1942	soda	蘇打、汽水	noun		初級		2
1943	sofa	沙發	noun		初級		1
1944	soft	軟的	adj.		初級		2
1945	soft drink	(不含酒精的)軟性飲料	noun		初級		
1946	soldier	軍人	noun		初級		1
1947	solution	解答	noun		初級		2
1948	solve	解決	verb		初級		2
1949	some	有些；一些	pron./determiner		初級		1
1950	somebody	某人	pron.	= someone	初級		
1951	someone	某人	pron.	= somebody	初級		
1952	something	某個東西	pron.		初級		1
1953	sometimes	有時候	adv.		初級		1
1954	somewhere	在某處	adv.		初級		1
1955	son	兒子	noun		初級		1
1956	song	歌曲	noun		初級		1
1957	soon	不久、很快地、快、早	adv.		初級		1
1958	sore	痛的；痛處、瘡	adj./noun		初級		
1959	sorry	對不起	adj		初級		1
1960	sort	種類	noun		初級		2
1961	sort	分類	verb		初級		2
1962	soul	靈魂	noun		初級		2
1963	sound	聲音；聽起來	noun/verb		初級		1
1964	soup	湯	noun		初級		1
1965	sour	酸的	adj.		初級		2
1966	source	來源	noun		初級	L1	2
1967	south	南方；在南方；南方的	noun/adv./adj.		初級		1
1968	southern	南方(人)的	adj.		初級		2
1969	soy sauce	醬油	noun		初級		
1970	space	空間	noun		初級		1
1971	spaghetti	義大利麵	noun		初級		3
1972	speak	講	verb		初級		1
1973	speaker	發言人	noun		初級		2
1974	special	特別的；特製菜餚、特別節目	adj./noun		初級		1
1975	speech	演說	noun		初級		2
1976	speed	速度；加速	noun/verb		初級		2
1977	spell	拼字	verb		初級		1
1978	spelling	拼寫	noun		初級		2
1979	spend	度過	verb		初級		1
1980	spider	蜘蛛	noun		初級		2
1981	spirit	精神	noun		初級		
1982	spoon	湯匙	noun		初級		2
1983	sport	運動	noun		初級		2
1984	spread	延伸；散布	verb/noun		初級		2
1985	spring	春天、泉水	noun		初級		1
1986	square	正方形、廣場；正方形的	noun/adj.		初級		1
1987	stage	舞台	noun		初級		2
1988	stair	樓梯	noun		初級		1
1989	stamp	郵票、戳章；貼郵票、踩	noun/verb		初級		2
1990	stand	站立、忍受；站立	verb/noun		初級		1
1991	standard	標準；標準的	noun/adj.		初級		2
1992	star	星星、明星；主演、擔任主角	noun/verb		初級		1
1993	start	開始；開始、開端	verb/noun		初級		1
1994	station	車站、(提供服務或進行某工作的)站、電視台	noun		初級		1
1995	stationery	文具	noun		初級		6
1996	stay	停留；停留時間	verb/noun		初級		1
1997	steak	牛排	noun		初級		2
1998	steal	偷	verb		初級		3
1999	steam	蒸汽；蒸(食物)	noun/verb		初級		3
2000	step	步伐；踏	noun/verb		初級		2
2001	stick	枝條、木棍、拐杖	noun		初級		2
2002	stick	插入、黏貼	verb		初級		2
2003	still	仍然、更加	adv.		初級		1
2004	stingy	吝嗇的	adj.		初級		4
2005	stomach	胃	noun	= tummy	初級		3
2006	stomachache	腹痛	noun		初級		2
2007	stone	石頭	noun		初級		2
2008	stop	停止、阻止；短暫停留、(尤指公車)站	verb/noun		初級		1
2009	store	商店	noun		初級		1
2010	store	貯藏	verb		初級		1
2011	storm	暴風雨	noun		初級		2
2012	stormy	暴風雨的	adj.		初級		3
2013	story	故事；樓層	noun	樓層= floor	初級		1
2014	stove	爐子	noun		初級		3
2015	straight	直地、筆直地；直的、筆直的	adv./adj.		初級		1
2016	strange	奇妙的、陌生的	adj.		初級		1
2017	stranger	陌生人	noun		初級		2
2018	straw	稻草；吸管	noun		初級		3
2019	strawberry	草莓	noun		初級		2
2020	stream	溪	noun		初級		2
2021	street	街	noun		初級		1
2022	stress	壓力	noun		初級	L4	2
2023	stress	強調、著重	verb		初級	L4	2
2024	strike	打、擊、罷工；打擊、罷工	verb/noun		初級		2
2025	strong	強勁的	adj.		初級		1
2026	struggle	努力；努力、掙扎	noun/verb		初級		2
2027	student	學生	noun		初級		1
2028	study	研究、調查；學習、研讀	noun/verb		初級		1
2029	stupid	愚笨的	adj.		初級		1
2030	style	風格	noun		初級	L5	2
2031	subject	主題、科目、主詞	noun		初級		1
2032	subway	地下鐵	noun	= underground, tube (British English), MRT, metro	初級		3
2033	succeed	成功	verb		初級		2
2034	success	成功	noun		初級		2
2035	successful	成功的	adj.		初級		1
2036	such	如此的；這樣的人(或事物)	adj./pron.		初級		2
2037	sudden	突然的；突然發生的事	adj./noun		初級		2
2038	sugar	糖	noun		初級		1
2039	suggest	建議	verb		初級		2
2040	suit	西裝	noun		初級		2
2041	suit	適合、相配	verb		初級		2
2042	summer	夏天	noun		初級		
2043	sun	太陽	noun		初級		1
2044	Sunday	星期天	noun	= Sun.	初級		
2045	sunny	陽光普照的	adj.		初級		1
2046	super	極好的；非常地、尤其地	adj./adv.		初級		2
2047	supermarket	超級市場	noun		初級		1
2048	supper	晚餐	noun	= dinner	初級		2
2049	supply	供應品；供應、供給	noun/verb		初級		2
2050	support	支持；支持、支援	noun/verb		初級		2
2051	sure	確定的	adj.		初級		1
2052	sure	當然	adv.		初級		1
2053	surf	浪花；衝浪	noun/verb		初級		2
2054	surface	表面	noun		初級		2
2055	surprise	驚喜；使驚訝	noun/verb		初級		1
2056	survive	存活	verb		初級	L7	2
2057	swallow	燕子	noun		初級		2
2058	swan	天鵝	noun		初級		3
2059	sweater	毛衣	noun		初級		2
2060	sweep	掃	verb		初級		2
2061	sweet	甜(蜜)的；甜食	adj./noun	noun = candy	初級		1
2062	swim	游泳	verb		初級		2
2063	swimsuit	泳衣	noun		初級		2
2064	swing	擺動、搖晃；鞦韆	verb/noun		初級		2
2065	symbol	標誌、符號	noun		初級	L5	2
2066	system	系統	noun		初級		2
2067	T-shirt	圓領汗衫	noun	= tee-shirt	初級		1
2068	table	桌子	noun		初級		1
2069	table tennis	乒乓球運動	noun	= ping-pong	初級		
2070	Taichung	台中	noun		初級		
2071	tail	尾巴	noun		初級		1
2072	Tainan	台南	noun		初級		
2073	Taiwan	臺灣	noun		初級		
2074	Taiwanese	臺灣(人)的；臺灣人	adj./noun		初級		
2075	take	搭、帶、做	verb		初級		1
2076	talent	才能、天份	noun		初級		3
2077	talk	談話；交談	verb/noun		初級		1
2078	talkative	健談的	adj.		初級		3
2079	tall	高的	adj.		初級		1
2080	tangerine	橘子	noun		初級		3
2081	tank	箱、槽、櫃、(盛放液體或氣體的)容器	noun		初級		3
2082	tape	膠帶、磁帶、錄音帶；用膠帶固定、錄音	noun/verb		初級	L6	1
2083	target	目標；當作目標	noun/verb		初級	L5	2
2084	task	任務	noun		初級	L3	2
2085	taste	味道、品味；嚐	noun/verb		初級		1
2086	taxi	計程車	noun	= taxicab, cab	初級		1
2087	tea	茶	noun		初級		1
2088	teach	教導	verb		初級		1
2089	teacher	老師	noun		初級		1
2090	Teacher's Day	教師節	noun		初級		
2091	team	小組	noun		初級	L9	1
2092	teapot	茶壺	noun		初級		2
2093	tear	眼淚	noun		初級		2
2094	tear	撕破	verb		初級		2
2095	teenager	青少年	noun		初級		1
2096	telephone	電話；打電話	noun/verb	= phone	初級		1
2097	television	電視	noun	= TV	初級		1
2098	tell	告訴	verb		初級		1
2099	temperature	氣溫	noun		初級		2
2100	temple	廟	noun		初級		1
2101	ten	十	number/pron./noun/adj.		初級		
2102	tennis	網球	noun		初級		1
2103	tent	帳篷	noun		初級		3
2104	term	詞語、期間	noun		初級		2
2105	term	稱為	verb		初級		2
2106	terrible	糟糕的	adj.		初級		1
2107	terrific	非常好的、可怕的	adj.		初級		3
2108	test	測驗；測試	noun/verb		初級		1
2109	textbook	教科書	noun		初級		2
2110	than	比	conj./prep.		初級		1
2111	thank	感謝；謝謝	verb/noun		初級		1
2112	Thanksgiving	感恩節	noun	= Thanksgiving Day	初級		
2113	that	那麼、那樣	adv.		初級		1
2114	that	引導子句	conj.		初級		1
2115	that	那個；那	pron./adj.		初級		1
2116	the	這、那	art.		初級		1
2117	theater	電影院	noun	= theatre (British English)	初級		1
2118	their	他們的	determiner		初級		
2119	them	他們	pron.		初級		
2120	themselves	他們自己	pron.		初級		
2121	then	然後、那時候；在那時的	adv./adj.		初級		1
2122	there	在那裡；那裡	adv./noun		初級		1
2123	therefore	因此	adv.		初級		2
2124	these	這些；這些的	pron./adj.		初級		1
2125	they	他們	pron.		初級		
2126	thick	厚的	adj.		初級		1
2127	thief	竊賊	noun		初級		2
2128	thin	瘦的	adj.		初級		1
2129	thing	東西、物品	noun		初級		1
2130	think	想	verb		初級		1
2131	third	第三的；居第三位；第三位	adj./adv./noun		初級		1
2132	thirsty	口渴的	adj.		初級		2
2133	thirteen	十三	number/pron./noun/adj.		初級		
2134	thirty	三十	number/pron./noun/adj.		初級		
2135	this	這麼、這樣	adv.		初級		1
2136	this	這個；這	pron./adj.		初級		1
2137	those	那些；那些的	pron./adj.		初級		1
2138	though	雖然；還是	conj./adv.		初級		1
2139	thought	想法	noun		初級		2
2140	thousand	千	number/pron./noun/adj.		初級		1
2141	three	三	number/pron./noun/adj.		初級		
2142	throat	咽喉	noun		初級		1
2143	through	通過、穿越	prep./adv.		初級		1
2144	throughout	到處	prep.		初級		2
2145	throw	丟	verb		初級		1
2146	thumb	拇指	noun		初級		3
2147	thunder	雷(聲)；打雷	noun/verb		初級		2
2148	Thursday	星期四	noun	= Thurs./Thur.	初級		
2149	thus	因此	adv.		初級		2
2150	ticket	票、罰單	noun		初級		1
2151	tidy	整齊的；整理	adj./verb		初級		1
2152	tie	領帶、平手	noun		初級		1
2153	tie	捆、繫	verb		初級		1
2154	tiger	老虎	noun		初級		1
2155	till	直到	prep./conj.	= until	初級		2
2156	time	時間；計時	noun/verb		初級		1
2157	tiny	極小的、微小的	adj.		初級		2
2158	tip	小費；提示；頂端	noun		初級		1
2159	tip	給小費	verb		初級		1
2160	title	標題	noun		初級		2
2161	to	到	prep./inf.		初級		1
2162	toast	吐司；敬酒	noun		初級		2
2163	toast	烤吐司、烤；乾杯	verb		初級		2
2164	today	今天	adv./noun		初級		1
2165	toe	腳趾	noun		初級		1
2166	tofu	豆腐	noun	= bean curd	初級		2
2167	together	一起	adv.		初級		1
2168	toilet	馬桶、衛生間	noun		初級		1
2169	tomato	番茄	noun		初級		1
2170	tomorrow	明天	adv./noun		初級		1
2171	tongue	舌頭	noun		初級		2
2172	tonight	今晚	adv./noun		初級		1
2173	too	也	adv.		初級		1
2174	tool	工具	noun		初級		1
2175	tooth	牙齒	noun		初級		1
2176	toothache	牙痛	noun		初級		2
2177	toothbrush	牙刷	noun		初級		2
2178	top	頂部；頂部的；到頂部	noun/adj./verb		初級		1
2179	topic	主題	noun		初級	L7	1
2180	total	總數的；總數；合計	adj./noun/verb		初級		1
2181	touch	接觸、觸摸；觸覺、觸摸	verb/noun		初級		1
2182	tour	旅遊、遊覽	noun/verb		初級		2
2183	toward	朝著	prep.	= towards	初級		2
2184	towel	毛巾、紙巾	noun		初級		1
2185	tower	塔	noun		初級		3
2186	town	城鎮	noun		初級		1
2187	toy	玩具	noun		初級		1
2188	trace	追蹤；痕跡	verb/noun		初級	L6	3
2189	track	軌道、足跡；跟蹤、追蹤	noun/verb		初級		2
2190	trade	貿易；交易	noun/verb		初級		2
2191	tradition	傳統	noun		初級	L2	2
2192	traditional	傳統的	adj.		初級		2
2193	traffic	交通	noun		初級		1
2194	train	火車	noun		初級		1
2195	train	訓練	verb		初級		1
2196	trap	設陷阱；陷阱	verb/noun		初級		2
2197	trash	垃圾；丟棄、損壞	noun/verb		初級		2
2198	travel	旅行	verb/noun		初級		2
2199	treasure	寶藏；珍惜	noun/verb		初級		2
2200	treat	治療、請客	verb/noun		初級		
2201	treatment	治療	noun		初級		
2202	tree	樹	noun		初級		1
2203	trial	嘗試	noun		初級		2
2204	triangle	三角形	noun		初級		2
2205	trick	把戲；騙	noun/verb		初級		2
2206	trip	旅行	noun		初級		1
2207	trouble	麻煩；使煩惱	noun/verb		初級		1
2208	trousers	褲子	noun	= pants (American English)	初級		
2209	truck	卡車	noun		初級		1
2210	true	真實的	adj.		初級		2
2211	trumpet	小號	noun		初級		3
2212	trust	相信、信任	noun/verb		初級		2
2213	truth	真理、真相	noun		初級		2
2214	try	嘗試	verb/noun		初級		1
2215	tub	盆、桶、浴缸	noun		初級		3
2216	Tuesday	星期二	noun	= Tues./Tue.	初級		
2217	tunnel	隧道	noun		初級		3
2218	turkey	火雞	noun		初級		
2219	turn	一次機會	noun		初級		1
2220	turn	轉(彎)	verb		初級		1
2221	turtle	龜	noun		初級		2
2222	TV	電視	noun	= television	初級		1
2223	twelve	十二	number/pron./noun/adj.		初級		
2224	twenty	二十	number/pron./noun/adj.		初級		
2225	twice	兩次	adv.		初級		1
2226	two	二	number/pron./noun/adj.		初級		
2227	type	類型	noun		初級		1
2228	type	打字	verb		初級		1
2229	typhoon	颱風	noun		初級		2
2230	ugly	醜陋的	adj.		初級		2
2231	umbrella	雨傘	noun		初級		2
2232	uncle	叔叔	noun		初級		1
2233	under	在…下、低於；在下面	prep./adv.		初級		1
2234	underline	在…下面畫線、強調	verb		初級		5
2235	underpass	地下道	noun		初級		6
2236	understand	懂、 了解	verb		初級		1
2237	underwear	內衣	noun		初級		3
2238	uniform	制服；一致的	noun/adj.		初級	L8	1
2239	unique	獨特的	adj.		初級	L7	3
2240	unit	單位	noun		初級		2
2241	universe	宇宙	noun		初級		2
2242	university	大學	noun		初級		2
2243	until	直到	conj./prep.	= till	初級		
2244	up	向上；在…上面；向上的	adv./prep./adj.		初級		1
2245	upload	上傳、上載	verb		初級		2
2246	upon	在…之上、在…後立即	prep.		初級		2
2247	upper	上面的、上部的	adj.		初級		2
2248	upstairs	在樓上；樓上的；樓上	adv./adj./noun		初級		2
2249	us	我們	pron.		初級		
2250	USA	美國	noun	= United States (of America)	初級		
2251	use	使用	verb/noun		初級		1
2252	used	二手的、習慣的	adj.		初級		2
2253	used	過去慣常	verb		初級		2
2254	useful	有用的	adj.		初級		1
2255	user	使用者	noun		初級		
2256	usual	通常的	adj.		初級		2
2257	usually	通常	adv.		初級		1
2258	vacation	假期；度假	noun/verb		初級		2
2259	Valentine's Day	情人節	noun		初級		
2260	valley	峽谷	noun		初級		2
2261	value	價值；重視	noun/verb		初級		2
2262	vegetable	蔬菜；蔬菜的	noun/adj.		初級		1
2263	vendor	小販	noun		初級		5
2264	very	(加強語氣)正是、完全的	adj.		初級		
2265	very	非常、很	adv.		初級		
2266	vest	背心	noun		初級		3
2267	victory	勝利	noun		初級		2
2268	video	錄影帶、錄影；錄影	noun/verb		初級		1
2269	view	視野；觀看	noun/verb		初級		2
2270	village	村莊	noun		初級		2
2271	vinegar	醋	noun		初級		5
2272	violin	小提琴	noun		初級		1
2273	visit	拜訪	verb/noun		初級		1
2274	visitor	參觀者、 遊客	noun		初級		1
2275	vocabulary	詞彙	noun		初級		3
2276	voice	聲音	noun		初級		1
2277	volleyball	排球	noun		初級		3
2278	volume	音量；冊	noun	= vol.	初級	L3	3
2279	vote	(選)票；投票、選舉	noun/verb		初級		2
2280	voter	選民	noun		初級		3
2281	waist	腰	noun		初級		2
2282	wait	等待	verb		初級		1
2283	waiter	服務生	noun		初級		2
2284	waitress	女服務生	noun		初級		2
2285	wake	醒	verb		初級		1
2286	walk	步行	verb/noun		初級		1
2287	wall	牆	noun		初級		1
2288	wallet	錢包	noun		初級		2
2289	want	想要	verb		初級		1
2290	war	戰爭	noun		初級		2
2291	warm	溫暖的；加熱	adj./verb		初級		1
2292	wash	洗	verb		初級		2
2293	waste	浪費	noun/verb		初級		2
2294	watch	錶	noun		初級		1
2295	watch	看、注意	verb		初級		1
2296	water	水；澆水	noun/verb		初級		1
2297	waterfall	瀑布	noun		初級		3
2298	watermelon	西瓜	noun		初級		2
2299	wave	(海)浪	noun		初級		1
2300	wave	揮、招(手)	verb		初級		1
2301	way	道路、路程；方法	noun		初級		1
2302	we	我們	pron.		初級		
2303	weak	虛弱的	adj.		初級		1
2304	weapon	武器	noun		初級		3
2305	wear	穿戴	verb		初級		1
2306	weather	天氣	noun		初級		1
2307	wedding	婚禮	noun		初級		2
2308	Wednesday	星期三	noun	= Wed./Weds.	初級		
2309	week	星期	noun		初級		1
2310	weekday	平日	noun		初級		2
2311	weekend	週末	noun		初級		1
2312	weekly	每週的；每週地；週刊	adj./adv./noun		初級		3
2313	weight	體重	noun		初級		2
2314	welcome	受歡迎的	adj.		初級		1
2315	welcome	歡迎、迎接、接待	verb/noun		初級		1
2316	well	很好地；健康的	adv./adj.		初級		1
2317	west	西方；向西方；西方的、向西方的	noun/adv./adj.		初級		1
2318	western	西方的；西方人、西部片	adj./noun		初級		2
2319	wet	濕的；弄濕	adj./verb		初級		1
2320	whale	鯨魚	noun		初級		2
2321	what	什麼	pron./adj.		初級		1
2322	whatever	無論如何	pron./adj.		初級		2
2323	wheel	輪子	noun		初級		2
2324	when	當；何時；當時	conj./adv./pron.		初級		1
2325	where	在哪裡；在…的地方	adv./conj.		初級		1
2326	whether	是否	conj.		初級		1
2327	which	哪一個	pron./conj./adj.		初級		1
2328	while	當...時候、然而	conj.		初級		1
2329	while	一會兒、一段時間	noun		初級		1
2330	white	白色的；白色	adj./noun		初級		1
2331	who	誰、什麼人	pron./conj.		初級		1
2332	whole	整體的；整體	adj./noun		初級		2
2333	whom	誰、什麼人	pron./conj.		初級		2
2334	whose	誰的	determiner/conj.		初級		1
2335	why	為什麼	adv./conj.		初級		1
2336	wide	寬的	adj.		初級		1
2337	widen	加寬、擴大	verb		初級		3
2338	width	寬度	noun		初級		2
2339	wife	妻子	noun		初級		1
2340	wild	野生的、荒野的；野外	adj./noun		初級		2
2341	will	將(要)、能、願意	aux.		初級		1
2342	willing	願意的	adj.		初級		2
2343	win	贏；勝利	verb/noun		初級		1
2344	wind	風	noun		初級		1
2345	window	窗戶	noun		初級		1
2346	windy	多風的	adj.		初級		2
2347	wine	酒	noun		初級		2
2348	wing	翅膀	noun		初級		2
2349	winner	獲勝的人	noun		初級		
2350	winter	冬天	noun		初級		
2351	wise	有智慧的	adj.		初級		1
2352	wish	希望；希望、願望	verb/noun		初級		1
2353	with	跟…一起、用、有	prep.		初級		1
2354	within	以內；在裡面	prep./adv.		初級		
2355	without	沒有	prep.		初級		1
2356	wok	鍋	noun		初級		
2357	wolf	狼	noun		初級		2
2358	woman	女人	noun		初級		1
2359	women's room	女洗手間、女廁	noun	= ladies' room	初級		
2360	wonder	想知道、感到驚訝(奇)；驚奇、奇景	verb/noun		初級		2
2361	wonderful	精采的、極好的	adj.		初級		1
2362	wood	木頭	noun		初級		2
2363	wooden	木製的	adj.		初級		2
2364	word	字彙	noun		初級		1
2365	work	工作	noun/verb		初級		1
2366	workbook	練習簿、作業本	noun		初級		2
2367	worker	工人	noun		初級		1
2368	world	世界	noun		初級		1
2369	worry	擔心、煩惱	verb/noun		初級		1
2370	worse	更差的；更差地	adj./adv.		初級		
2371	worst	最差的；最差地	adj./adv.		初級		2
2372	worth	值…；價值	adj./noun		初級		2
2373	would	(表示婉轉的請求)請、將會、就會	aux.		初級		
2374	wound	傷口；受傷	noun/verb		初級		2
2375	wrist	手腕	noun		初級		3
2376	write	寫	verb		初級		1
2377	writer	作家	noun		初級		1
2378	wrong	錯誤的；錯誤地；錯誤	adj./adv./noun		初級		1
2379	yard	院子	noun		初級		1
2380	yeah	是啊	interj./adv.	= yes	初級		1
2381	year	年	noun		初級		1
2382	yearly	每年的；每年	adj./adv.		初級		3
2383	yellow	黃色的；黃色	adj./noun		初級		1
2384	yes	是的	interj./adv.	= yeah	初級		1
2385	yesterday	昨天	adv./noun		初級		1
2386	yet	還；然而	adv./conj.		初級		1
2387	you	你	pron.		初級		
2388	young	年輕的；年輕人	adj./noun		初級		1
2389	your	你的	determiner		初級		
2390	yours	你的	pron.		初級		
2391	yourself	你自己	pron.		初級		
2392	youth	青年	noun		初級		2
2393	yummy	美味的	adj.		初級		
2394	zebra	斑馬	noun		初級		2
2395	zero	零	number/pron./noun/adj.		初級		1
2396	zoo	動物園	noun		初級		1
2397	abandon	盡情、放縱	noun		中級	L8	4
2398	abandon	拋棄、捨棄、中止	verb		中級	L8	4
2399	abnormal	不正常的	adj.		中級	L2	5
2400	aboard	在(交通工具)上	prep./adv.		中級		3
2401	absence	缺席、不在場	noun		中級		2
2402	absolute	完全的、絕對的；絕對	adj./noun		中級		4
2403	absorb	吸收、併入	verb		中級		4
2404	abstract	抽象的	adj.		中級	L6	4
2405	abstract	摘要	noun		中級	L6	4
2406	abuse	濫用、虐待	noun/verb		中級		5
2407	academic	學術的、學業的	adj.		中級		4
2408	academy	學院、學會	noun		中級	L5	6
2409	accent	口音、腔調	noun		中級		
2410	acceptable	可接受的、認可的	adj.		中級		3
2411	acceptance	接受、認可	noun		中級		4
2412	accepted	公認的	adj.		中級		
2413	access	通道、進入(的權利)；存取、到達、進入	noun/verb		中級	L4	4
2414	accidental	意外的、偶然的	adj.		中級		
2415	accommodate	容納	verb		中級	L9	
2416	accommodation	住宿、停留處	noun		中級		5
2417	accompany	陪同、伴隨	verb		中級	L8	4
2418	accomplish	完成	verb		中級		
2419	accord	協議、條約	noun		中級		5
2420	accord	贈予、授予、(與...)一致	verb		中級		5
2421	account	帳戶、帳號、敘述	noun		中級		2
2422	account	視為、解釋、(數量或比例上)佔	verb		中級		2
2423	accountant	會計師	noun		中級		4
2424	accuracy	準確(度)	noun		中級	L6	4
2425	accurate	正確的、精準的	adj.		中級	L6	3
2426	accuse	指控	verb		中級		4
2427	ache	疼痛	noun/verb		中級		3
2428	achievement	成就、成績	noun		中級		
2429	acid	酸；酸(性)的	noun/adj.		中級		4
2430	acquaint	使熟悉、使了解	verb		中級		5
2431	acquaintance	認識的人、交情、(對事物的)了解	noun		中級		4
2432	acquire	獲得、購得	verb		中級	L2	4
2433	acre	英畝	noun		中級		6
2434	actual	實際的、真正的	adj.		中級		2
2435	adapt	(使)適應、改編	verb		中級	L7	4
2436	additional	額外的、附加的	adj.		中級		3
2437	address	對...講話、發表演說；處理、應對	verb		中級		2
2438	adequate	足夠的、合格的	adj.		中級	L4	4
2439	adjective	形容詞	noun	= adj.	中級		
2440	adjust	調整；適應；整理(衣著)	verb		中級	L5	
2441	administration	管理(部門)、行政(部門)；施行、施用	noun		中級		5
2442	admirable	可欽佩的、值得讚賞的	adj.		中級		4
2443	admiration	欽佩、仰慕、讚賞	noun		中級		4
2444	admission	承認、招認；入場費；允許進入	noun		中級		4
2445	advanced	先進的、高級的、(發展)後期的	adj.		中級		3
2446	advertise	登廣告、徵聘、宣傳	verb	= advertize	中級		
2447	adviser	顧問、忠告者	noun	= advisor	中級		3
2448	affection	喜愛、鍾愛	noun		中級		5
2449	afford	買得起、承擔、提供	verb		中級		3
2450	afterward	後來	adv.	=afterwards (British English)	中級		
2451	aged	…歲的、年邁的	adj.		中級		
2452	agency	代理機構、政府專門機構	noun		中級		4
2453	agent	代理商、代理人、經紀人	noun		中級		4
2454	aggressive	好鬥的、挑臖的；積極進取的	adj.		中級		4
2455	agreeable	令人愉悅的、宜人的；欣然同意的、願意接受的	adj.		中級		4
2456	agreement	協議、意見一致、同意	noun		中級		
2457	agriculture	農業	noun		中級		3
2458	air-conditioned	有空調的	adj.		中級		
2459	airmail	航空郵件	noun		中級		
2460	alcohol	酒、酒精	noun		中級		4
2461	alcoholic	酒精的、含酒精的	adj.		中級		5
2462	alcoholic	酗酒者、酒精中毒者	noun		中級		5
2463	alert	警覺的、機警的	adj.		中級		4
2464	alert	警報、戒備	noun		中級		4
2465	alert	使警覺、使意識到	verb		中級		4
2466	alley	小街、小巷	noun		中級		3
2467	allowance	零用錢；津貼、補助；限額、定量	noun	零用錢 = pocket money	中級		4
2468	alongside	在...旁邊、與...一起	prep./adv.		中級		5
2469	alternative	可替代的、可供選擇的；非傳統的、另類的	adj.		中級	L3	4
2470	alternative	可供選擇的事物	noun		中級	L3	4
2471	altitude	海拔高度	noun		中級		6
2472	aluminium	鋁	noun		中級		
2473	amateur	業餘的、業餘愛好的；業餘愛好者、業餘運動員	adj./noun		中級		4
2474	amaze	使驚奇	verb		中級		
2475	ambassador	大使	noun		中級		3
2476	ambition	野心	noun		中級		3
2477	ambitious	有野心的、雄心勃勃的	adj.		中級		4
2478	amid	在…中	prep.		中級		6
2479	amuse	逗樂、(使)娛樂	verb		中級		
2480	amusement	愉悅、娛樂(活動)	noun		中級		
2481	analysis	分析	noun		中級		4
2482	analyst	分析者、化驗員	noun		中級		5
2483	analyze	分析	verb	= analyse (British English)	中級		4
2484	ancestor	祖先	noun		中級		4
2485	angle	角度、觀點	noun		中級		2
2486	anniversary	週年紀念日	noun		中級		4
2487	announce	宣布、公告、廣播	verb		中級		
2488	announcement	宣布、公告	noun		中級		
2489	announcer	廣播員	noun		中級		
2490	annoy	使惱怒、打擾	verb		中級		4
2491	annual	每年的、一年一次的；年報、年刊	adj./noun		中級	L4	4
2492	anxiety	焦慮、憂慮	noun		中級		4
2493	anxious	焦慮的、不安的；渴望做某事	adj.		中級		3
2494	anyhow	無論如何	adv.		中級		3
2495	apart	(空間或時間的)分隔、相隔；分離的	adv./adj.		中級		3
2496	ape	人猿	noun		中級		2
2497	ape	模仿、學...的樣子	verb		中級		2
2498	apology	道歉	noun		中級		4
2499	app	應用程式	noun		中級		
2500	apparent	顯然的	adj.		中級	L4	4
2501	appeal	呼籲；申訴；吸引力	noun		中級		3
2502	appeal	呼籲；提出申訴；對...有吸引力	verb		中級		3
2503	appetite	食慾、胃口	noun		中級		2
2504	applaud	鼓掌、稱讚	verb		中級		6
2505	applause	鼓掌、喝采	noun		中級		5
2506	appliance	家電、器具	noun		中級		5
2507	applicant	申請人	noun		中級		4
2508	application	申請、申請書；用途、應用；應用軟體	noun		中級		4
2509	appoint	任命、安排	verb		中級		
2510	appointment	約會、預約；任命；職務	noun		中級		
2511	appreciation	欣賞；感激、感謝	noun		中級		4
2512	approach	方式、方法	noun		中級	L1	2
2513	approach	接近；接洽；著手處理	verb		中級	L1	2
2514	appropriate	合適、恰當的	adj.		中級	L2	4
2515	approval	贊成、批准	noun		中級		4
2516	approve	贊成、批准	verb		中級		3
2517	apron	圍裙	noun		中級		3
2518	aquarium	魚缸、水族館	noun		中級		4
2519	arch	拱門；使成弓形	noun/verb		中級		4
2520	architect	建築師	noun		中級		5
2521	architecture	建築學、建築設計	noun		中級		5
2522	argument	爭吵、論點	noun		中級		
2523	arise	發生、由…引起	verb		中級		
2524	arithmetic	算術；算術的	noun/adj.		中級		6
2525	arouse	激起	verb		中級		5
2526	arrangement	安排、籌備	noun		中級		
2527	arrival	抵達	noun		中級		2
2528	arrow	弓箭、箭號	noun		中級		2
2529	artificial	人工的、人造的	adj.		中級		4
2530	artistic	藝術的、有藝術天賦的	adj.		中級		4
2531	ascend	上升、登高	verb		中級		6
2532	ash	灰燼	noun		中級		3
2533	ashamed	感到羞愧的	adj.		中級		4
2534	aside	在旁邊	adv.		中級		3
2535	aspect	方面、層面	noun		中級	L2	4
2536	aspirin	阿斯匹靈	noun		中級		4
2537	assassinate	暗殺	verb		中級		6
2538	assemble	集合、聚集；組裝	verb		中級	L10	4
2539	assembly	集會、議會；裝配	noun		中級		4
2540	asset	資產	noun		中級		5
2541	assign	指派、分配	verb		中級	L6	
2542	assist	協助、援助	verb		中級	L2	3
2543	assistance	幫忙、援助	noun		中級	L2	4
2544	associate	副的、非正式的	adj.		中級		4
2545	associate	同事、合夥人	noun		中級		4
2546	associate	聯想、聯繫	verb		中級		4
2547	association	協會、社團、聯盟；關聯、聯想	noun		中級		4
2548	assurance	保證、擔保；自信	noun		中級	L9	4
2549	assure	向...保證、確保	verb		中級	L9	4
2550	astonish	使吃驚	verb		中級		
2551	astronaut	太空人	noun		中級		6
2552	athlete	運動員、擅長運動的人	noun		中級		3
2553	athletic	健壯的、擅長運動的、田徑運動的	adj.		中級		4
2554	atmosphere	大氣、大氣層、空氣；氣氛、氛圍	noun		中級		4
2555	atom	原子	noun		中級		4
2556	atomic	原子的、原子能的	adj.		中級		4
2557	attach	裝上、使依附	verb		中級	L6	
2558	attempt	嘗試、企圖	noun/verb		中級		2
2559	attitude	態度	noun		中級	L4	3
2560	attract	吸引	verb		中級		3
2561	attraction	吸引力；迷戀、愛慕	noun		中級		4
2562	attractive	誘人的、吸引人的	adj.		中級		3
2563	audio	聲音的、錄音的	adj.		中級		4
2564	author	作者	noun		中級	L6	2
2565	authority	權力、職權；官方、當權者	noun		中級	L1	4
2566	autobiography	自傳	noun		中級		4
2567	automatic	自動的	adj.		中級		3
2568	automobile	汽車	noun	= auto	中級		3
2569	auxiliary	助動詞	noun	= aux.	中級		
2570	auxiliary	輔助人員；輔助的	noun/adj.		中級		
2571	avenue	大街；途徑、管道、方法	noun		中級		3
2572	average	平均的；平均數；平均為	adj./noun/verb		中級		2
2573	await	等待	verb		中級		4
2574	awake	醒著；醒來、喚起	adj./verb		中級		3
2575	awaken	醒來、喚醒	verb		中級		3
2576	award	獎、獎金、獎品；獎勵、授予	noun/verb		中級		3
2577	awful	很壞的、糟糕的、令人不愉快的	adj.		中級		3
2578	awkward	令人尷尬的；難對付的；笨拙的	adj.		中級		3
2579	ax	斧頭；裁減、解雇	noun	= axe (British English)	中級		
2580	ax	用斧頭劈、砍掉；裁減、撤銷、開除	verb	= axe (British English)	中級		
2581	background	背景	noun		中級		3
2582	bacon	培根	noun		中級		3
2583	bacteria	細菌	noun	bacterium (singular form)	中級		3
2584	baggage	行李	noun		中級		3
2585	baggy	(衣服)寬鬆的、寬大下垂的	adj.		中級		
2586	bait	魚餌、誘餌；下誘餌	noun/verb		中級		3
2587	balance	平衡、均衡；保持平衡	noun/verb		中級		2
2588	bald	禿頭的	adj.		中級		4
2589	ballet	芭蕾舞、芭蕾舞劇	noun		中級		4
2590	bamboo	竹子	noun		中級		3
2591	ban	禁止；禁令	verb/noun		中級		5
2592	Band-Aid	OK繃	noun	= band-aid	中級		
2593	bandage	繃帶；用繃帶包紮	noun/verb		中級		4
2594	bang	重擊、巨響；撞擊、使發出巨響	noun/verb		中級		3
2595	banking	處理銀行帳戶事宜、銀行業	noun		中級		
2596	bankrupt	破產的；使破產；破產者	adj./verb/noun		中級		4
2597	barbershop	理髮店	noun		中級		
2598	bare	赤裸的、無遮蔽的；使赤裸、使暴露	adj./verb		中級		3
2599	barely	僅、剛好、幾乎沒有	adv.		中級		3
2600	bargain	特價品；協議、交易	noun		中級		4
2601	bargain	特價品、協議；討價還價	verb		中級		4
2602	barn	穀倉	noun		中級		
2603	barrel	大桶	noun		中級		3
2604	barrier	屏障、障礙物、隔閡	noun		中級		4
2605	basin	盆、水盆；流域；船塢、內灣	noun		中級		4
2606	battery	電池	noun		中級		4
2607	battle	戰爭、鬥爭；作戰、奮鬥	noun/verb		中級		2
2608	bay	灣、海灣	noun		中級		3
2609	BC	西元前	adv.	= Before Christ	中級		
2610	bead	(有孔的)珠子	noun		中級		3
2611	beak	鳥喙	noun		中級		
2612	beam	光線、光束	noun		中級		3
2613	beam	照射、發光；高興地微笑、眉開眼笑	verb		中級		3
2614	beast	(大型或野生的)動物、野獸；粗暴的人、兇殘的人	noun		中級		3
2615	beauty	美麗、美人、美好的事物	noun		中級		2
2616	bedtime	就寢時間	noun		中級		
2617	beetle	甲蟲	noun		中級		3
2618	beg	乞討、請求	verb		中級		2
2619	beggar	乞丐	noun		中級		4
2620	beggar	使貧窮、使匱乏	verb		中級		4
2621	behavior	行為、舉止	noun	= behaviour (British English)	中級		4
2622	being	生命、生物；存在、生存	noun		中級		2
2623	believable	可信的	adj.		中級		
2624	belly	腹部、肚子	noun		中級		
2625	bend	使彎曲、彎腰；彎曲處、彎道	verb/noun		中級		2
2626	beneath	在...下面	prep.		中級		3
2627	beneficial	有利的、有助的	adj.		中級	L1	5
2628	benefit	利益、好處；對...有幫助、使受惠	noun/verb		中級	L1	3
2629	berry	莓果	noun		中級		3
2630	bet	賭注；打賭、賭博	noun/verb		中級		3
2631	Bible	聖經	noun		中級		
2632	bid	出價、投標、努力爭取	noun/verb		中級		5
2633	billion	十億	noun		中級		2
2634	bin	垃圾箱、容器、箱子	noun		中級		4
2635	bind	綑綁、包紮	verb		中級		3
2636	bingo	賓果遊戲	noun		中級		
2637	biography	自傳	noun		中級		4
2638	birth	出生、起源	noun		中級		2
2639	biscuit	餅乾、小麵包	noun		中級		2
2640	bleed	流血	verb		中級		3
2641	blend	混合、使交融；混合物	verb/noun		中級		4
2642	bless	為…祝福	verb		中級		3
2643	blessing	祝福、祝頌；幸事、好事	noun		中級		4
2644	blink	眨眼睛	verb/noun		中級		4
2645	blonde	金色頭髮的；金髮女郎	adj./noun	= blond	中級		6
2646	bloody	流血的、血腥的	adj.		中級		3
2647	bloom	花；開花、綻放	noun/verb		中級		4
2648	blossom	花朵；開花	noun/verb		中級		4
2649	blush	臉紅	verb/noun		中級		5
2650	boast	吹噓、自誇	verb/noun		中級		4
2651	bold	大膽的、勇敢無畏的；醒目的、粗體的	adj.		中級		3
2652	bond	聯繫、關係；結合、建立關係	noun/verb		中級	L6	4
2653	bony	骨的、骨瘦如柴的	adj.		中級		
2654	booking	預約、預訂	noun		中級		
2655	booklet	小冊子	noun		中級		6
2656	bookshelf	書架	noun		中級		
2657	boot	靴子；猛踢、猛踹	noun		中級		3
2658	boot	猛踹、猛踢；(使電腦)啟動	verb		中級		3
2659	border	國境、邊界；(國家或地區)與...接壤、和...毗鄰	noun/verb		中級		2
2660	bore	使厭煩；煩人的人或事	verb/noun		中級		3
2661	bounce	(使)彈起、(使)反彈；蹦蹦跳跳	verb/noun		中級		4
2662	bow	弓；(弦樂器的)琴弓；蝴蝶結	noun	船首 (P)	中級		1
2663	boycott	抵制、拒絕購買或使用	verb/noun		中級		6
2664	boyfriend	男朋友	noun		中級		
2665	bra	胸罩	noun	= brassiere	中級		6
2666	bracelet	手環、手鐲	noun		中級		4
2667	brake	煞車	noun/verb		中級		3
2668	brand	品牌、商標；烙印	noun		中級		2
2669	brand	打烙印於；譴責、加汙名於	verb		中級		2
2670	brand-new	全新的、嶄新的	adj.		中級		
2671	brass	銅管樂器；銅管樂器的	noun/adj.		中級		3
2672	brass	黃銅、黃銅製品；黃銅的、黃銅製的	noun/adj.		中級		3
2673	bravery	勇敢、英勇行為	noun		中級		3
2674	breast	胸部、乳房；挺胸從...中擠過	noun/verb		中級		3
2675	breath	呼氣、一次吸入的空氣	noun		中級		3
2676	breathe	呼吸	verb		中級		3
2677	breed	品種；交配繁殖、飼養	noun/verb		中級		4
2678	breeze	和風、微風；飄然而行、輕盈自信地走	noun/verb		中級		3
2679	bribe	賄賂	noun/verb		中級		6
2680	bride	新娘	noun		中級		3
2681	bridegroom	新郎	noun	= groom	中級		4
2682	briefcase	公事包	noun		中級		5
2683	brilliant	絕妙的、聰穎的	adj.		中級		2
2684	broke	沒錢、破產	adj.		中級		4
2685	brook	小溪、小河	noun		中級		6
2686	broom	掃帚	noun		中級		4
2687	brownie	布朗尼、巧克力方塊蛋糕	noun		中級		
2688	browse	瀏覽	verb/noun		中級		5
2689	brutal	殘暴的	adj.		中級		4
2690	bubble	氣泡、泡沫；冒泡	noun/verb		中級		3
2691	bud	花苞；發芽	noun/verb		中級		3
2692	budget	預算；編列預算	noun/verb		中級		3
2693	buffalo	水牛	noun		中級		3
2694	bull	公牛、雄象、雄鯨	noun		中級		3
2695	bullet	子彈	noun		中級		3
2696	bulletin	佈告、新聞快報、(機構的)簡報	noun		中級		4
2697	bump	碰到、撞到；碰撞聲、撞擊聲	verb/noun		中級		3
2698	bunch	串、束、大量	noun		中級		3
2699	burden	負荷、重擔；使擔負	noun/verb		中級		2
2700	bureau	辦公處、(政府部門的)局	noun		中級		5
2701	burglar	竊賊	noun		中級		4
2702	bury	埋葬、掩埋	verb		中級		3
2703	bush	灌木	noun		中級		3
2704	butcher	肉商、肉舖；劊子手	noun		中級		5
2705	butcher	屠宰、宰殺；殺戮、屠殺	verb		中級		5
2706	buzz	發出嗡嗡聲；嗡嗡聲	verb/noun		中級		3
2707	cabin	小木屋；座艙	noun		中級		3
2708	calculate	計算	verb		中級		4
2709	calculator	計算機	noun		中級		6
2710	camel	駱駝	noun		中級		2
2711	campaign	(尤指政治、商業或軍事的)專門活動、運動；發起運動	noun/verb		中級		4
2712	canal	運河	noun		中級		5
2713	candidate	候選人、申請人、應試者	noun		中級		4
2714	cane	(某些植物的)莖；手杖、拐杖	noun		中級		4
2715	canoe	獨木舟；(划、乘)獨木舟	noun/verb		中級		4
2716	canvas	帆布	noun		中級		5
2717	canyon	峽谷	noun		中級		3
2718	capable	有能力的	adj.		中級	L6	3
2719	capacity	容量；生產能力；(尤指人或組織的)辦事能力	noun		中級	L5	4
2720	cape	岬、海角；披風	noun		中級		6
2721	capital	首要的；大寫字母的	adj.		中級		2
2722	capital	資金；首都；大寫字母	noun		中級		2
2723	capitalism	資本主義	noun		中級		
2724	capitalist	資本主義者、資本家；資本主義的	noun/adj.		中級		4
2725	caption	說明文字；在圖片加說明文字	noun/verb		中級		6
2726	capture	(用文字或圖像)描繪；拍攝；引起(關注、興趣)	verb		中級		3
2727	capture	俘虜、捕獲	verb/noun		中級		3
2728	carbon	碳	noun		中級		5
2729	cargo	(船或飛機裝載的)貨物	noun		中級		4
2730	carpenter	木工	noun		中級		3
2731	carriage	四輪馬車；(火車的)車廂；貨運、運費	noun	車廂 = coach (British English), car (American English)	中級		3
2732	cart	手推車、馬車；運送、搬運	noun/verb		中級		3
2733	carve	雕刻	verb		中級		4
2734	cashier	收銀員、出納員	noun		中級		6
2735	cast	演員陣容；分配角色、選派角色	noun/verb		中級		3
2736	cast	投票	verb		中級		3
2737	cast	投、拋、擲	verb/noun		中級		3
2738	cast	鑄造；鑄造物、鑄模	verb/noun		中級		3
2739	casual	(衣服)休閒的；不在意的、漫不經心的	adj.		中級		3
2740	casualty	傷亡人員	noun		中級		6
2741	catalog	目錄；編目錄	noun/verb	= catalogue (British English)	中級		
2742	caterpillar	毛毛蟲	noun		中級		6
2743	cattle	牛	noun		中級		3
2744	cave	洞穴；挖洞穴、使塌落	noun/verb		中級		3
2745	cease	停止；結束	verb/noun		中級	L9	4
2746	celebration	慶祝、慶典、慶祝活動	noun		中級		4
2747	cement	水泥、黏接劑；塗上水泥、黏合	noun/verb		中級		6
2748	ceremony	典禮	noun		中級		5
2749	certificate	證書、證明、文憑；證明、發給結業證書	noun/verb		中級		5
2750	chain	一系列、一連串	noun		中級		2
2751	chain	鍊條、鎖鏈、束縛；用鏈條鎖、拴住	noun/verb		中級		2
2752	challenge	挑戰	noun/verb		中級	L5	2
2753	chamber	(有特定用途的)房間、會議室、議院	noun		中級		4
2754	champion	冠軍、獲勝者	noun		中級		3
2755	champion	支持、聲援、捍衛	verb		中級		3
2756	championship	錦標賽、冠軍地位	noun		中級		4
2757	changeable	易變的、善變的	adj.		中級		
2758	characteristic	特徵、特色；獨特的、典型的	noun/adj.		中級		4
2759	charity	慈善事業、慈善機構、仁慈	noun		中級		4
2760	charm	魅力、吸引力；護身符、符咒	noun		中級		3
2761	charm	迷住、吸引	verb		中級		3
2762	check-in	辦理登機手續、入住登記	noun		中級		
2763	checkout	付款處、收銀台、退房結帳	noun		中級		
2764	cheek	臉頰	noun		中級		3
2765	cheerful	快樂的	adj.		中級		3
2766	chemist	化學家	noun		中級		6
2767	chemistry	化學、化學特性	noun		中級		4
2768	cherish	珍惜	verb		中級		4
2769	cherry	櫻桃、櫻桃樹；櫻桃紅的、鮮紅色的	noun/adj.		中級		3
2770	chest	胸部、胸腔	noun		中級		3
2771	chew	咀嚼	verb/noun		中級		4
2772	chick	小雞、幼鳥	noun		中級		
2773	childbirth	分娩、生孩子	noun		中級		
2774	chill	寒意、寒冷；寒冷的、冷颼颼的；使變冷、使冷卻	noun/adj./verb		中級		3
2775	chilly	冷颼颼的	adj.		中級		3
2776	chimney	煙囪	noun		中級		3
2777	china	瓷、瓷器	noun		中級		2
2778	chip	(使)掉碎片、打破	verb		中級		3
2779	choke	(使)窒息、(使)哽噎、堵塞；窒息、哽噎、嗆住的聲音	verb/noun		中級		4
2780	chop	(豬、羊)排骨、帶骨的肉塊	noun		中級		3
2781	chop	剁、切、砍	verb		中級		3
2782	chore	日常事務、乏味的例行工作	noun		中級		5
2783	chorus	副歌、合唱曲、合唱團、伴唱	noun		中級		4
2784	Christian	基督教的、基督徒的；基督徒	adj./noun		中級		
2785	cigar	雪茄	noun		中級		6
2786	cigarette	香菸	noun		中級		3
2787	cinema	電影院	noun		中級		3
2788	circular	圓的、環形的、循環的	adj.		中級		4
2789	circular	(大量送發的)通報、傳單	noun		中級		4
2790	circulate	循環、環行；傳播、傳閱、散佈	verb		中級		4
2791	circulation	血液循環、消息傳播、貨幣流通	noun		中級		4
2792	circumstance	條件、狀況、環境	noun		中級	L3	4
2793	circus	馬戲團、馬戲表演	noun		中級		3
2794	civil	平民的、國家的、民事的	adj.		中級	L4	3
2795	civilian	平民的；平民	adj./noun		中級		4
2796	civilization	文明、文明社會	noun		中級		4
2797	civilize	使文明、教化	verb		中級		6
2798	clarify	闡明、澄清	verb		中級	L8	4
2799	clash	衝突、打鬥、爭論	noun/verb		中級		4
2800	classification	分類、類別、分類法	noun		中級		4
2801	classify	分類、區分	verb		中級		4
2802	claw	爪、螯；用爪或指甲抓	noun/verb		中級		4
2803	clay	黏土	noun		中級		3
2804	cleaner	清潔工、吸塵器、清潔劑	noun		中級		3
2805	client	客戶、委託人	noun		中級		3
2806	cliff	懸崖、峭壁	noun		中級		4
2807	climax	頂點、高潮、最精采的部分；達到頂點、達到高潮	noun/verb		中級		6
2808	climber	攀登者、登山者	noun		中級		
2809	clinic	診所、醫院門診、門診時間	noun		中級		3
2810	clip	修剪；夾子、迴紋針；(電影或電視節目的)剪輯、片段	noun		中級		3
2811	clip	修剪；(用夾子)夾住	verb		中級		3
2812	cloth	布、布料、抹布	noun		中級		2
2813	clothe	給...穿衣、為...提供衣服	verb		中級		3
2814	clothing	衣服、服裝	noun		中級		2
2815	cloud	雲、雲狀物、(網路)雲端	noun		中級		1
2816	cloud	(雲、煙等)遮蔽、使模糊	verb		中級		1
2817	clown	小丑；扮小丑、扮傻	noun/verb		中級		3
2818	clue	線索	noun		中級		3
2819	clumsy	笨拙的、不靈活的、笨手笨腳的	adj.		中級		4
2820	coal	煤	noun		中級		2
2821	coarse	粗糙的、不光滑的；粗俗的、粗魯無禮的	adj.		中級		4
2822	cock	公雞、雄鳥	noun		中級		3
2823	cocktail	雞尾酒	noun		中級		3
2824	cocoa	可可粉、熱可可	noun		中級		2
2825	coconut	椰子	noun		中級		3
2826	code	密碼、代碼、編碼；法規、行為準則、規範	noun		中級	L4	4
2827	code	把...譯成密碼、編碼	verb		中級	L4	4
2828	coincidence	巧合、同時發生	noun		中級		5
2829	collapse	倒塌、崩潰、失敗、昏倒	verb/noun		中級	L10	4
2830	collar	衣領、項圈	noun		中級		3
2831	colleague	同事	noun		中級	L10	4
2832	colony	殖民地、群體、群落	noun		中級		3
2833	colored	彩色的、有...色彩的	adj.		中級		
2834	column	(書報雜誌上的)欄、專欄；石柱、紀念柱；(人或車輛的)縱隊、長列	noun		中級		3
2835	combination	組合、結合、混合	noun		中級		4
2836	combine	結合、混合	verb		中級		2
2837	comedian	喜劇演員	noun		中級		5
2838	comedy	喜劇	noun		中級		4
2839	comfort	舒服；安慰、慰藉、令人感到安慰的人事物；舒適的設施或條件	noun		中級		3
2840	comfort	安慰、撫慰	verb		中級		3
2841	coming	即將到來的、下一個的；到來、來臨	adj./noun		中級		
2842	commander	指揮官	noun		中級		4
2843	commerce	商業、貿易	noun		中級		4
2844	commercial	商業的、商業化的、以營利為目的的；商業廣告	adj./noun		中級		2
2845	commission	佣金、手續費	noun		中級	L2	5
2846	commission	委任、委員會；委託	noun/verb		中級	L2	5
2847	commit	犯(罪、錯)；承諾、致力於、投入(時間或金錢)	verb		中級	L4	4
2848	commitment	承諾、保證、奉獻	noun		中級	L4	5
2849	committee	委員會	noun		中級		3
2850	communicate	交流、溝通	verb		中級	L4	3
2851	communication	交流、溝通	noun		中級		4
2852	communist	共產主義的、共產黨的；共產主義者、共產黨員	adj./noun		中級		5
2853	community	社區、團體	noun		中級	L2	4
2854	companion	同伴、陪伴；陪伴	noun/verb		中級		4
2855	comparative	相對的、比較的；(形容詞或副詞的)比較級	adj./noun		中級		6
2856	comparison	比較、對比	noun		中級		3
2857	compete	競爭、參加比賽	verb		中級		3
2858	competition	競賽、競爭	noun		中級		4
2859	competitive	競爭的、(價格、服務等)有競爭力的	adj.		中級		4
2860	competitor	競爭者、參賽者	noun		中級		4
2861	complaint	埋怨、投訴	noun		中級		3
2862	complex	複雜的、難懂的；複合物、建築群、綜合大樓	adj./noun		中級	L2	2
2863	complicate	使複雜化、使費解、使(疾病)惡化	verb		中級		4
2864	compliment	稱讚、道賀；讚美、稱讚	noun/verb		中級		5
2865	compose	組成、構成；作曲、撰寫(信函、講稿、詩歌等)	verb		中級		4
2866	composer	作曲家	noun		中級		4
2867	composition	作文、作曲、作品；成分、結構	noun		中級		4
2868	compound	化合物、複合物、複合詞；複合的；使混合	noun/adj./verb		中級	L5	5
2869	compound	使惡化、使加劇	verb		中級	L5	5
2870	comprehension	理解力、理解力測試	noun		中級		5
2871	compute	計算	verb		中級	L2	6
2872	conceal	隱藏、掩飾	verb		中級		5
2873	concentrate	專心、專注、集中(注意力)	verb		中級	L4	4
2874	concentration	專注、重視、集中	noun		中級		4
2875	concept	概念	noun		中級	L1	4
2876	concerning	關於	prep.		中級		4
2877	concert	音樂會、演唱會	noun		中級		3
2878	conclude	作出結論、斷定、結束	verb		中級	L2	2
2879	conclusion	結論、結尾	noun		中級		3
2880	concrete	具體的、有形的	adj.		中級		4
2881	concrete	混凝土；用混凝土覆蓋	noun/verb		中級		4
2882	condition	狀況、狀態；條件、環境；條款	noun		中級		2
2883	condition	使適應、使習慣於；為...的條件；使健康、養護(頭髮、皮膚等)	verb		中級		2
2884	conduct	行為、舉止	noun		中級	L2	5
2885	conduct	執行、引導、指揮(合唱團或樂隊)；表現、舉止	verb		中級	L2	5
2886	conductor	(合唱團或樂隊的)指揮、列車長	noun		中級		4
2887	cone	圓錐體、冰淇淋筒	noun		中級		3
2888	conference	會議、研討會	noun		中級	L4	4
2889	confess	承認(錯誤或罪行)、坦白	verb		中級		4
2890	confidence	信心、自信	noun		中級		4
2891	confine	限制、監禁	verb		中級	L9	5
2892	confront	面臨(困境)、克服、對抗	verb		中級		5
2893	confrontation	對抗、衝突	noun		中級		5
2894	confusion	困惑、混淆、混亂局面	noun		中級		4
2895	congratulate	祝賀、道賀	verb		中級		4
2896	congress	代表大會、國會、議會	noun		中級		4
2897	conjunction	(語法)連接詞；結合、同時發生、與...一起	noun		中級		
2898	connect	連接、和...有關聯、與(人)建立良好關係	verb		中級		3
2899	connection	聯繫、關聯、連接	noun		中級		2
2900	conquer	征服、戰勝	verb		中級		4
2901	conscience	良心	noun		中級		4
2902	conscious	有知覺的、意識到的	adj.		中級		3
2903	consequence	結果、後果	noun		中級	L2	4
2904	consequent	隨之發生的	adj.		中級	L2	4
2905	conservative	保守的；保守者	adj./noun		中級		4
2906	considerable	相當大的、相當多的、可觀的	adj.		中級	L3	3
2907	considerate	體貼的	adj.		中級		5
2908	consideration	考慮、需考慮之事、體貼	noun		中級		2
2909	consist	在於、由…組成	verb		中級	L1	4
2910	consistent	持續的、始終如一的；一致的、吻合的	adj.		中級		4
2911	consonant	子音	noun		中級		6
2912	constant	連續不斷的、固定的	adj.		中級	L3	3
2913	constitute	組成、構成；被視為；(合法或正式地)設立、成立	verb		中級	L1	4
2914	constitution	結構、構造；憲法、章程；體質、體格	noun		中級		4
2915	construct	建造、組成；概念、構想	verb/noun		中級	L2	4
2916	construction	建造、結構、建築物	noun		中級		4
2917	constructive	建設性的、有助益的	adj.		中級		4
2918	consult	諮詢、商議	verb		中級	L5	4
2919	consultant	顧問	noun		中級		4
2920	consume	消耗、花費；(大量地)吃、喝	verb		中級	L2	4
2921	consumer	消費者、用戶	noun		中級		4
2922	container	容器	noun		中級		4
2923	contemporary	當代的、同時期的；同時代的人、同輩	adj./noun		中級	L8	5
2924	content	滿意的、知足的；滿足於	adj./verb		中級		4
2925	content	內容、目錄	noun	名詞常使用複數形態	中級		4
2926	contest	比賽、競爭；競爭、爭取、爭辯	noun/verb		中級		4
2927	context	語境、上下文、(事情發生的)背景	noun		中級	L1	4
2928	continent	洲、大陸	noun		中級		3
2929	continental	洲的、大陸的	adj.		中級		5
2930	continual	頻繁的、連續的	adj.		中級		4
2931	continuous	不斷的、連續的	adj.		中級		4
2932	contrary	相反的、完全不同的；反面、相反事物	adj./noun		中級	L7	4
2933	contrast	差異、對比；對比、顯出明顯差異	noun/verb		中級	L4	4
2934	contribute	貢獻、捐款；投稿、撰稿	verb		中級	L3	4
2935	contribution	貢獻、捐款、捐助；投稿	noun		中級		4
2936	convenience	便利性、便利設施	noun		中級		4
2937	convention	傳統、習俗、常規；大會、會議；公約、協定	noun		中級		4
2938	conventional	遵循常規的、傳統的	adj.		中級		4
2939	converse	交談	verb		中級	L9	4
2940	convey	表達、傳送	verb		中級		4
2941	convince	使相信、說服	verb		中級	L10	4
2942	cooker	爐具	noun		中級		3
2943	cooperate	合作、配合	verb		中級	L6	4
2944	cooperation	合作、配合	noun		中級		4
2945	cooperative	合作的、配合的；合作企業	adj./noun		中級		4
2946	cope	處理、應付	verb		中級		4
2947	copper	銅、紫銅色；銅製的、紫銅色的	noun/adj.		中級		4
2948	cord	線、繩	noun		中級		4
2949	corporation	(大)公司	noun	= Corp.	中級		5
2950	correspond	一致、符合；通信	verb		中級	L3	4
2951	correspondent	記者、通信者	noun		中級		5
2952	corridor	走廊、通道	noun		中級		5
2953	costly	昂貴的、代價高的	adj.		中級		3
2954	costume	戲服	noun		中級		4
2955	cottage	小屋	noun		中級		4
2956	council	委員會、地方議會	noun		中級		4
2957	counter	櫃檯、計數器	noun		中級		4
2958	counter	反駁	verb		中級		4
2959	courageous	勇敢的	adj.		中級		4
2960	courteous	有禮貌的	adj.		中級		5
2961	courtesy	禮貌	noun		中級		4
2962	coward	膽小的；懦夫	adj./noun		中級		4
2963	cowboy	牛仔	noun		中級		2
2964	crack	裂縫；斷裂	noun/verb		中級		4
2965	cradle	搖籃、發源地	noun		中級		3
2966	cradle	輕輕地抱著	verb		中級		3
2967	craft	工藝、技術；船、艇、航空飛行器	noun		中級		4
2968	cram	塞滿、擠滿、(考試前)死記硬背	verb		中級		6
2969	crane	起重機；鶴	noun		中級		3
2970	crane	探出(頭)、伸長(脖子)	verb		中級		3
2971	crash	撞車事故、失事；碰撞聲；暴跌、倒閉；(電腦或系統)當機	noun		中級		3
2972	crash	碰撞、墜毀；破產、崩盤；(電腦或系統)當機	verb		中級		3
2973	crawl	爬行、緩慢行進	verb/noun		中級		3
2974	creation	創造、創作	noun		中級		4
2975	creative	有創意的	adj.		中級		3
2976	creator	創造者、發明者	noun		中級		3
2977	creature	生物	noun		中級		3
2978	credit	讚許；(經濟上的)信用、賒帳、信用貸款；學分	noun		中級	L2	3
2979	credit	把錢存進帳戶；歸功於	verb		中級	L2	3
2980	creep	躡手躡腳、爬行	verb/noun		中級		4
2981	crew	全體工作人員	noun		中級		3
2982	cricket	蟋蟀；板球	noun		中級		3
2983	criminal	犯罪的；罪犯	adj./noun		中級		3
2984	cripple	[冒犯]殘障人士、瘸子、跛子	noun		中級		5
2985	cripple	使跛腳、使受傷致殘；嚴重損害	verb		中級		5
2986	crisp	易碎的；酥脆的；涼爽的	adj.		中級		
2987	crispy	酥脆的	adj.		中級		3
2988	critic	評論家	noun		中級		4
2989	critical	批評的；至關重要的	adj.		中級		4
2990	criticism	批評、評論	noun		中級		4
2991	criticize	批評、評論	verb		中級		4
2992	crop	農作物	noun		中級		3
2993	crop	剪裁、剪短	verb		中級		3
2994	crossroad	交叉路口、十字路口	noun		中級		
2995	crow	烏鴉	noun		中級		2
2996	crow	啼叫	verb		中級		2
2997	crown	皇冠；加冕	noun/verb		中級		3
2998	cruelty	殘酷	noun		中級		4
2999	crush	迷戀	noun		中級		4
3000	crush	壓扁、壓碎	verb		中級		4
3001	crutch	柺杖	noun		中級		6
3002	crystal	水晶、結晶；水晶的、清澈的	noun/adj.		中級		5
3003	cub	(熊、獅、虎、狼等)幼獸	noun		中級		6
3004	cucumber	黃瓜	noun		中級		6
3005	cue	(給)暗示、提示	noun/verb		中級		4
3006	cultivate	耕作、培養	verb		中級		6
3007	cultural	文化的	adj.		中級	L2	2
3008	cunning	狡猾的	adj.		中級		4
3009	cupboard	櫥櫃	noun		中級		3
3010	curiosity	好奇心	noun		中級		4
3011	curl	使捲曲；捲髮、捲曲物	verb/noun		中級		4
3012	curse	詛咒、咒罵	noun/verb		中級		4
3013	cushion	軟墊	noun		中級		4
3014	cushion	緩衝	verb		中級		4
3015	customs	海關	noun		中級		5
3016	cycle	循環	noun		中級	L4	2
3017	cycle	騎自行車	verb		中級	L4	2
3018	cyclist	騎自行車者	noun		中級		
3019	dairy	乳製品	noun		中級		3
3020	dam	水壩；築壩	noun/verb		中級		3
3021	damn	咒罵(該死)；批評；絲毫	interj./verb/noun		中級		
3022	damp	潮濕的；濕氣；弄濕	adj./noun/verb		中級		4
3023	dancer	舞者	noun		中級		2
3024	dare	膽敢	verb/verb(aux.)		中級		3
3025	darling	親愛的	noun/adj.		中級		3
3026	dash	飛奔；短跑比賽；破折號	noun		中級		3
3027	dash	飛奔；猛擊	verb		中級		3
3028	daylight	日光	noun		中級		
3029	deadline	截止期限	noun		中級		4
3030	decade	十年	noun		中級	L7	3
3031	decay	腐爛、衰敗	verb/noun		中級		5
3032	deceive	欺騙	verb		中級		5
3033	deck	甲板、(船或巴士的)層	noun		中級		3
3034	declaration	宣言、聲明、申報	noun		中級		5
3035	declare	宣言、聲明、申報	verb		中級		4
3036	decline	減少、衰退；婉拒	verb		中級	L5	5
3037	decoration	裝飾品	noun		中級		4
3038	deed	行為、舉止	noun		中級		3
3039	defeat	失敗；擊敗	noun/verb		中級		4
3040	defend	防守、保衛、辯護	verb		中級		4
3041	defense	防守、保衛、辯護	noun	= defence (British English)	中級		4
3042	defensive	防守的、防禦性的	adj.		中級		4
3043	deficit	赤字、虧損	noun		中級		5
3044	define	下定義、規定	verb		中級	L1	1
3045	definite	肯定的	adj.		中級	L7	4
3046	definition	定義	noun		中級		3
3047	delegate	代表；授權、委託	noun/verb		中級		5
3048	delete	刪除	verb		中級		
3049	delicate	易碎的、纖弱的	adj.		中級		4
3050	delight	愉快；使愉快	noun/verb		中級		4
3051	delightful	令人快樂的	adj.		中級		4
3052	delivery	運送	noun		中級		2
3053	demand	需求、要求	noun/verb		中級		4
3054	demanding	高要求的、費時費力的	adj.		中級		
3055	democrat	民主主義者	noun	大寫為民主黨黨員	中級		5
3056	demonstrate	證明、示範；遊行示威	verb		中級	L3	4
3057	demonstration	證明、示範；遊行示威	noun		中級		4
3058	dense	稠密的	adj.		中級		4
3059	depart	啟程、離開	verb		中級		4
3060	departure	啟程、離開	noun		中級		4
3061	dependable	可信賴的、可靠的	adj.		中級		
3062	dependent	依賴的、取決於	adj.		中級		4
3063	dependent	受扶養者	noun	= dependant	中級		4
3064	deposit	訂金、存款	noun		中級		3
3065	deposit	放置、付訂金、存錢	verb		中級		3
3066	depress	使沮喪	verb		中級	L10	5
3067	depression	沮喪、憂鬱症；蕭條、不景氣	noun		中級		4
3068	depth	深度	noun		中級		2
3069	deputy	副手、代理人	noun		中級		5
3070	description	描述	noun		中級		2
3071	deserve	值得、應得	verb		中級		4
3072	designer	設計師	noun		中級		3
3073	desirable	令人嚮往的	adj.		中級		3
3074	despair	絕望	noun/verb		中級		5
3075	desperate	絕望的、極渴望的、不顧一切的	adj.		中級		4
3076	despite	儘管	prep.		中級	L4	4
3077	destination	目的地	noun		中級		5
3078	destroy	摧毀、破壞	verb		中級		3
3079	destruction	摧毀、破壞	noun		中級		4
3080	destructive	破壞性的	adj.		中級		5
3081	detail	細節；詳述	noun/verb		中級		2
3082	detailed	詳細的	adj.		中級		
3083	detect	發現、查出	verb		中級	L8	3
3084	detective	偵探、警探；偵探的	noun/adj.		中級		4
3085	detergent	洗衣粉、清潔劑	noun/adj		中級		6
3086	determination	決心	noun		中級		4
3087	development	發展、開發	noun		中級		
3088	device	裝置、設備	noun		中級	L9	4
3089	devil	惡魔	noun		中級		3
3090	devise	發明、想出	verb		中級		4
3091	devote	致力、用於	verb		中級	L9	4
3092	devoted	摯愛的、忠誠的、專心致志的	adj.		中級	L9	
3093	devotion	摯愛、忠誠、奉獻	noun		中級		5
3094	dialect	方言	noun		中級		5
3095	dialog	對話	noun	= dialogue (British English)	中級		
3096	dictate	口述、命令、支配	verb		中級		6
3097	dictation	口述、聽寫	noun		中級		6
3098	differ	不同	verb		中級		4
3099	digest	文摘、摘要	noun		中級		4
3100	digest	消化、領悟	verb		中級		4
3101	digestion	消化	noun		中級		5
3102	digit	數字、位數	noun		中級		
3103	digital	數位的	adj.		中級		4
3104	dignity	尊嚴、莊重	noun		中級		4
3105	diligence	勤奮、用功	noun		中級		4
3106	dim	暗淡的、模糊的；使變暗	adj./verb		中級		3
3107	dime	十分錢	noun		中級		3
3108	dine	用餐	verb		中級		3
3109	dip	浸泡、蘸	verb/noun		中級		3
3110	diploma	學位證書、文憑	noun		中級		4
3111	dirt	塵土	noun		中級		3
3112	disabled	有殘疾的	adj.		中級		
3113	disadvantage	缺點、不利；使處於不利地位	noun/verb		中級		4
3114	disadvantaged	弱勢的、貧困的	adj.		中級		
3115	disagree	不同意	verb		中級		
3116	disappoint	使失望	verb		中級		
3117	disappointment	失望、沮喪	noun		中級		
3118	disapproval	不贊成、反對	noun		中級		
3119	disapprove	不贊成、反對	verb		中級		5
3120	disaster	災難	noun		中級		4
3121	discard	丟棄；被拋棄的人或物	verb/noun		中級		6
3122	discipline	紀律、訓練	noun		中級		4
3123	discipline	(使有)紀律、訓練、懲戒	verb		中級		4
3124	disconnect	切斷、使分離	verb		中級		5
3125	discount	折扣；打折、排除	noun/verb		中級		3
3126	discourage	使灰心、阻止	verb		中級		
3127	discovery	發現	noun		中級		2
3128	disease	疾病	noun		中級		2
3129	disguise	偽裝、掩飾	noun/verb		中級		4
3130	disgust	厭惡、反感	verb/noun		中級		4
3131	disk	磁碟、光碟、圓盤	noun	= disc (British English)	中級		3
3132	dislike	不喜歡	verb/noun		中級		3
3133	dismiss	解散、解雇、不考慮	verb		中級		4
3134	disorder	障礙、失調；騷動	noun		中級		4
3135	display	陳列、展示	verb/noun		中級	L6	2
3136	dispute	爭論、爭執	verb/noun		中級		4
3137	dissatisfaction	不滿	noun		中級		
3138	dissolve	溶解；解散、解除	verb		中級		5
3139	distant	遙遠的、冷漠的	adj.		中級		2
3140	distinct	不同的、明顯的	adj.		中級	L2	4
3141	distinction	差別；優秀	noun		中級	L2	5
3142	distinguish	區分、顯出特色	verb		中級		4
3143	distinguished	卓越的、著名的	adj.		中級		4
3144	distribute	分配、發送	verb		中級	L1	4
3145	distribution	分配、發送	noun		中級		4
3146	district	地區、行政區	noun		中級		4
3147	distrust	不信任	verb/noun		中級		
3148	disturb	打擾、妨礙	verb		中級		4
3149	disturbance	干擾、騷動	noun		中級		6
3150	ditch	水溝	noun		中級		3
3151	ditch	丟棄	verb		中級		3
3152	dive	跳水、潛水	verb/noun		中級		3
3153	divine	神的、神聖的、絕妙的	adj.		中級		4
3154	divorce	離婚	noun/verb		中級		4
3155	dock	碼頭；停靠碼頭	noun/verb		中級		3
3156	domestic	家庭的；國內的	adj.		中級	L4	2
3157	dominant	主要的、佔優勢的	adj.		中級		4
3158	dominate	支配、統治、佔首要地位	verb		中級	L3	4
3159	donate	捐贈	verb		中級		5
3160	dormitory	宿舍	noun	= dorm	中級		
3161	dose	一劑	noun		中級		3
3162	doubtful	懷疑的、不確定的、不太可能的	adj.		中級		3
3163	dove	鴿子	noun		中級		2
3164	downward	向下	adv.		中級		6
3165	doze	打瞌睡、小睡	verb/noun		中級		6
3166	draft	草稿	noun		中級	L5	4
3167	draft	起草、草擬；徵召入伍、徵募	verb		中級	L5	4
3168	drag	令人厭煩的事	noun		中級		3
3169	drag	拖、拉	verb		中級		3
3170	dragonfly	蜻蜓	noun		中級		3
3171	drain	排出液體；排水管	verb/noun		中級		3
3172	dramatic	戲劇(性)的	adj.		中級		3
3173	dread	擔心、懼怕	noun/verb		中級		4
3174	dreadful	可怕的、糟糕的	adj.		中級		5
3175	dressed	穿好衣服的、打扮好的	adj.		中級		
3176	drift	漂流、漂泊	verb/noun		中級		4
3177	drill	鑽(頭)、鑽孔；演習、訓練、反覆練習	noun/verb		中級		4
3178	drip	滴下；水滴、滴水聲	verb/noun		中級		3
3179	drought	乾旱	noun		中級		5
3180	drown	溺死、淹沒	verb		中級		3
3181	drowsy	昏昏欲睡的	adj.		中級		4
3182	drunk	酒醉的；醉漢	adj./noun		中級		3
3183	duckling	小鴨	noun		中級		
3184	due	到期的、預計的	adj.		中級		2
3185	dull	枯燥乏味的、沒有光澤的	adj.		中級		2
3186	dump	傾倒、拋棄；垃圾場	verb/noun		中級		3
3187	durable	耐用的、持久的	adj.		中級		4
3188	duration	持續期間	noun		中級	L9	6
3189	dusk	黃昏	noun		中級		6
3190	dust	灰塵、塵土；擦去灰塵	noun/verb		中級		3
3191	dusty	佈滿灰塵的	adj.		中級		4
3192	dye	染料；染色	noun/verb		中級		4
3193	dynamic	有活力的、不斷變化的	adj.		中級	L7	4
3194	dynasty	朝代	noun		中級		4
3195	eager	熱切的、渴望的	adj.		中級		3
3196	earnest	認真的、誠摯的；認真、誠摯	adj./noun		中級		4
3197	earnings	薪水、收入	noun		中級		
3198	earring	耳環	noun		中級		2
3199	earthquake	地震	noun		中級		2
3200	ease	減輕、緩和；輕易	verb/noun		中級		2
3201	echo	回聲、共鳴；產生回聲、迴響	noun/verb		中級		3
3202	economic	經濟的	adj.		中級	L1	4
3203	economical	經濟實惠的、節約的	adj.		中級		4
3204	economics	經濟學	noun		中級		4
3205	economist	經濟學家	noun		中級		4
3206	economy	經濟	noun		中級	L1	4
3207	edible	可食用的	adj.		中級		6
3208	edit	編輯	verb		中級	L6	3
3209	edition	版本	noun		中級		2
3210	editor	編輯	noun		中級		3
3211	editorial	編輯的；社論、評論	adj./noun		中級		6
3212	educate	教育	verb		中級		3
3213	educational	教育的	adj.		中級		3
3214	efficiency	效率	noun		中級		4
3215	efficient	有效率的	adj.		中級		
3216	elaborate	詳盡的、精美的；詳盡闡述	adj./verb		中級		5
3217	elastic	有彈性的	adj.		中級		4
3218	elbow	手肘；用肘推	noun/verb		中級		3
3219	elderly	年長的	adj.		中級		3
3220	electrical	電的	adj.		中級		2
3221	electrician	電工	noun		中級		6
3222	electricity	電力	noun		中級		3
3223	electronic	電子的	adj.		中級		3
3224	electronics	電子學、電子儀器	noun		中級		4
3225	elegant	優雅的	adj.		中級		4
3226	elementary	初級的、基礎的	adj.		中級		4
3227	elevator	電梯	noun		中級		3
3228	eliminate	排除、淘汰	verb		中級	L7	4
3229	elsewhere	(到)別處	adv.		中級		4
3230	embassy	大使館	noun		中級		4
3231	emerge	浮現、顯露	verb		中級	L4	4
3232	emergency	緊急、突發狀況	noun		中級		3
3233	emotional	感情的、激起情感的	adj.		中級		3
3234	emperor	皇帝	noun		中級		3
3235	emphasis	強調、重點	noun		中級	L3	4
3236	empire	帝國	noun		中級		4
3237	employee	雇員、員工	noun		中級		2
3238	employer	雇主、老闆	noun		中級		2
3239	employment	工作、就業	noun		中級		
3240	enable	使能夠	verb		中級	L5	3
3241	enclose	圍住；(隨信)附上	verb		中級		4
3242	encounter	遭遇、遇到；偶遇	verb/noun		中級	L10	4
3243	encouragement	鼓勵	noun		中級		
3244	endanger	危害、危及	verb		中級		4
3245	ending	結局	noun		中級		2
3246	endurance	耐久力	noun		中級		6
3247	endure	忍耐、持久	verb		中級		4
3248	energetic	有活力的	adj.		中級	L5	3
3249	enforce	實施、執行、強迫	verb		中級	L5	
3250	engage	吸引(注意力)、從事、忙於；訂婚	verb		中級		
3251	engineering	工程學	noun		中級		4
3252	enhance	提高、增進	verb		中級	L6	
3253	enjoyable	令人愉快的	adj.		中級		3
3254	enjoyment	愉快、享受	noun		中級		
3255	enlarge	擴展、放大	verb		中級		
3256	enlargement	擴展、放大	noun		中級		
3257	enormous	龐大的	adj.		中級	L10	4
3258	enroll	註冊、登記	verb	= enrol (British English)	中級		
3259	ensure	保證、確保	verb		中級	L3	4
3260	enterprise	企業、事業	noun		中級		5
3261	entertain	娛樂、款待	verb		中級		
3262	entertainer	藝人、表演者	noun		中級		
3263	entertainment	娛樂(活動)	noun		中級		
3264	enthusiasm	熱忱	noun		中級		4
3265	enthusiastic	有熱忱的	adj.		中級		5
3266	entitle	使有資格、權利；命名	verb		中級		5
3267	entry	進入、入口；條目	noun		中級		3
3268	envious	羨慕的、嫉妒的	adj.		中級		5
3269	environmental	環境的	adj.		中級	L1	2
3270	equality	平等	noun		中級		4
3271	equip	裝備、配備；使有能力	verb		中級	L7	
3272	equipment	設備、器材	noun		中級	L7	
3273	equivalent	相等的；相等物	adj./noun		中級	L5	5
3274	era	年代	noun		中級		4
3275	erase	消除、擦掉	verb		中級		3
3276	erect	建造、豎立	verb		中級		5
3277	errand	差事、跑腿	noun		中級		5
3278	escalator	電扶梯	noun		中級		5
3279	escape	逃脫、退出	verb/noun		中級		2
3280	essay	論說文、文章	noun		中級		2
3281	essential	不可或缺的、本質的	adj.		中級		4
3282	essentially	本質上、基本上	adv.		中級		
3283	establish	建立	verb		中級	L1	
3284	estate	地產、資產、莊園	noun		中級	L6	5
3285	estimate	估計、估算	verb/noun		中級	L1	4
3286	etc.	等等	adv.	= et cetera	中級		
3287	evaluate	評估、評價	verb		中級	L2	4
3288	even	平坦的、均等的	adj.		中級		1
3289	eventual	最終的	adj.		中級	L8	4
3290	everyday	每天的、日常的	adj.		中級		
3291	evidence	證據；作為證據、證明	noun/verb		中級	L1	4
3292	evident	顯而易見的	adj.		中級	L1	4
3293	evolution	演化、演變	noun		中級	L5	5
3294	evolve	演化、演變	verb		中級	L5	5
3295	exactly	準確地、完全、確實如此	adv.		中級		
3296	exaggerate	誇張、誇大	verb		中級		4
3297	examination	考試；檢查、審查、調查	noun		中級		2
3298	examiner	考官	noun		中級		6
3299	excellence	卓越	noun		中級		3
3300	exception	例外	noun		中級		4
3301	exceptional	卓越的、非比尋常的	adj.		中級		5
3302	exchange	交換、兌換	noun/verb		中級		3
3303	excitement	興奮	noun		中級		
3304	exclaim	驚呼、大聲叫嚷	verb		中級		5
3305	excursion	遠足、短途旅行	noun		中級		
3306	executive	執行的、行政的	adj.		中級		5
3307	executive	高層主管、執行委員會	noun		中級		5
3308	exhaust	廢氣	noun		中級		4
3309	exhaust	使精疲力盡、用光	verb		中級		4
3310	exhibit	展覽(品)	noun		中級	L8	4
3311	exhibit	展覽；表現出	verb		中級	L8	4
3312	exhibition	展覽；表現	noun		中級		3
3313	existence	存在	noun		中級		2
3314	expand	擴展、擴大	verb		中級	L5	4
3315	expansion	擴展、擴大	noun		中級		4
3316	expectation	期望	noun		中級		3
3317	expense	費用、開銷	noun		中級		2
3318	experiment	實驗、試驗	noun/verb		中級		3
3319	experimental	實驗性的	adj.		中級		4
3320	explanation	解釋	noun		中級		4
3321	explode	爆炸	verb		中級		3
3322	exploit	剝削、利用、開採	verb		中級	L8	5
3323	explore	探索	verb		中級		3
3324	explorer	探險者	noun		中級		
3325	explosion	爆炸	noun		中級		4
3326	explosive	易爆的、爆炸性的；爆炸物	adj./noun		中級		4
3327	expose	暴露、揭露	verb		中級	L5	4
3328	exposure	暴露、揭露；曝光、宣傳	noun		中級		4
3329	expression	表達；表情；措詞	noun		中級		2
3330	extend	擴大、延長	verb		中級		4
3331	extension	延長、擴大、延伸；電話分機	noun		中級		5
3332	extensive	廣闊的、廣泛的	adj.		中級		5
3333	extent	程度、範圍	noun		中級		4
3334	extinct	絕種的	adj.		中級		5
3335	extraordinary	非凡的、異常的	adj.		中級		5
3336	extreme	極度的、極端的；極端	adj./noun		中級		3
3337	eyebrow	眉毛	noun		中級		2
3338	eyesight	視力	noun		中級		6
3339	fable	寓言	noun		中級		6
3340	facial	臉部的	adj.		中級		4
3341	facility	設施、設備	noun		中級		4
3342	factor	因素	noun		中級	L1	2
3343	fade	變淡、逐漸消失	verb		中級		3
3344	faint	微弱的；昏眩的	adj.		中級		3
3345	faint	昏倒	verb/noun		中級		3
3346	fairly	相當地、公正地	adv.		中級		3
3347	fairy	仙子、小精靈	noun		中級		3
3348	faith	信心、信仰	noun		中級		3
3349	faithful	忠誠的、如實的	adj.		中級		4
3350	fake	假的、偽造的；假貨；偽造、佯裝	adj./noun/verb		中級		3
3351	fame	名氣	noun		中級		4
3352	familiar	熟悉的	adj.		中級		3
3353	fantasy	幻想、想像、奇幻文學	noun		中級		4
3354	fare	(交通工具)費	noun		中級		3
3355	farewell	告別；告別的	noun/adj.		中級		4
3356	farming	農業、畜牧業、養殖業	noun		中級		
3357	fascinate	迷住	verb		中級		5
3358	fasten	扣緊、使牢固	verb		中級		4
3359	fatal	致命的、災難性的	adj.		中級		4
3360	fate	命運	noun		中級		2
3361	faulty	有缺陷的	adj.		中級		
3362	favorable	贊同的、有利的	adj.		中級		4
3363	fax	傳真(機)	noun/verb		中級		4
3364	feast	盛宴	noun/verb		中級		4
3365	feather	羽毛	noun		中級		3
3366	feature	特色；以…為特色	noun/verb		中級	L2	2
3367	federal	聯邦政府的	adj.		中級	L6	5
3368	feedback	回饋	noun		中級		4
3369	ferry	渡輪；運送	noun/verb		中級		4
3370	fertile	肥沃的、豐富的；可生育的	adj.		中級		4
3371	fertilizer	肥料	noun		中級		6
3372	fetch	(跟狗玩的)丟接遊戲	noun		中級		4
3373	fetch	拿來、取物、接	verb		中級		4
3374	fiction	小說、虛構的事	noun		中級		4
3375	fierce	激烈的、兇猛的	adj.		中級		4
3376	fighter	戰士、打者；戰鬥機	noun		中級		3
3377	file	檔案	noun		中級	L7	1
3378	file	把(文件)歸檔；提出(訴訟、申請等)	verb		中級	L7	1
3379	finance	金融、財政；(提供)資金	noun/verb		中級	L1	4
3380	financial	財務的、金融的	adj.		中級		4
3381	fireplace	壁爐	noun		中級		4
3382	firework	煙火	noun		中級		3
3383	fist	拳頭;握拳、拳打	noun/verb		中級		3
3384	fit	一陣；(病)發作	noun		中級		2
3385	flame	火焰；燃燒	noun/verb		中級		3
3386	flash	閃光、(想法)掠過	noun/verb		中級		3
3387	flatter	奉承	verb		中級		4
3388	flavor	味道；調味	noun/verb	= flavour (British English)	中級		3
3389	flea	跳蚤	noun		中級		4
3390	flee	逃離	verb		中級		4
3391	flesh	肉	noun		中級		3
3392	flexible	有彈性的	adj.		中級	L6	4
3393	float	漂浮、飄動；浮板	verb/noun		中級		3
3394	flock	(羊或鳥)群、人群；聚集	noun/verb		中級		3
3395	flood	水災；淹水、氾濫	noun/verb		中級		3
3396	flooding	水災	noun		中級		
3397	fluent	流利的	adj.		中級		4
3398	flush	臉紅；沖馬桶	verb/noun		中級		4
3399	foam	泡沫；起泡沫	noun/verb		中級		4
3400	foggy	多霧的	adj.		中級		3
3401	fold	摺疊；褶(痕)	verb/noun		中級		3
3402	folk	人們；民俗的、民間的	noun/adj.		中級		2
3403	follower	追隨者	noun		中級		3
3404	fond	喜歡的	adj.		中級		3
3405	forbid	禁止、阻止	verb		中級		4
3406	forecast	預報；預測	noun/verb		中級		4
3407	forehead	額頭	noun	= brow (British English)	中級		
3408	foresee	預見	verb		中級		
3409	forever	永遠	adv.		中級		3
3410	forgetful	健忘的	adj.		中級		
3411	formation	組成	noun		中級		4
3412	formula	公式、方程式	noun		中級	L1	4
3413	fort	要塞、堡壘	noun		中級		4
3414	forth	向前	adv.		中級		2
3415	fortunate	幸運的	adj.		中級		4
3416	fortune	運氣、命運；財富	noun		中級		3
3417	found	創辦、建立	verb		中級	L9	2
3418	foundation	創辦；基礎；基金會	noun		中級	L7	4
3419	founder	創辦者、建立者	noun		中級		4
3420	fountain	噴泉、噴水池	noun		中級		3
3421	fragrance	香味、香水	noun		中級		6
3422	frame	裝框、構想；架構、框架	verb/noun		中級		4
3423	freeway	高速公路	noun	= motorway (British English)	中級		6
3424	freeze	結冰、冷凍；呆住、不動	verb		中級		3
3425	freezing	極冷的、冰凍的	adj.		中級		
3426	frequency	頻繁、頻率	noun		中級		4
3427	frequent	頻繁的；常去(某處)	adj./verb		中級		3
3428	freshman	(高中或大學)一年級新生	noun		中級		4
3429	fridge	冰箱	noun	= refrigerator	中級		2
3430	fright	驚嚇、恐怖	noun		中級		3
3431	frost	霜、嚴寒；結霜	noun/verb		中級		4
3432	frosty	結霜的、嚴寒的	adj.		中級		
3433	frown	皺眉、表示不滿；皺眉、不悅之色	verb/noun		中級		4
3434	frozen	冷凍的	adj.		中級		
3435	frustrate	挫敗、使灰心	verb		中級		4
3436	fuel	燃料、提供燃料；刺激因素、刺激	noun/verb		中級		3
3437	fulfill	實現、履行	verb	= fulfil (British English)	中級		
3438	full-time	全職的(地)、全日的(地)	adj./adv.		中級		
3439	fully	完全地、充分地	adv.		中級		
3440	functional	實用的、功能的	adj.		中級	L1	4
3441	fund	資金、基金；資助	noun/verb		中級	L3	3
3442	fundamental	根本的、基礎的	adj.		中級	L5	4
3443	funeral	葬禮	noun		中級		4
3444	fur	毛(皮)	noun		中級		3
3445	furious	盛怒的	adj.		中級		4
3446	furnish	配備傢俱	verb		中級		4
3447	furthermore	而且、此外	adv.		中級	L6	4
3448	gallery	畫廊、展覽館	noun		中級		4
3449	gallon	加侖	noun		中級		3
3450	gamble	賭博、打賭	verb/noun		中級		3
3451	gambler	賭徒	noun		中級		
3452	gang	幫派、一夥(朋友)；結夥	noun/verb		中級		3
3453	gangster	歹徒、流氓	noun		中級		6
3454	gap	缺口、縫隙、差距	noun		中級		3
3455	gardener	園丁	noun		中級		2
3456	garlic	大蒜	noun		中級		2
3457	gay	同性戀的、愉快的	adj.		中級		6
3458	gaze	凝視、注視	verb/noun		中級		4
3459	gear	(汽車)排檔、齒輪；裝備、用具	noun		中級		4
3460	gear	使適合	verb		中級		4
3461	gene	基因	noun		中級		4
3462	generosity	慷慨、大方	noun		中級		4
3463	genuine	真的、真誠的	adj.		中級		
3464	germ	微生物、細菌	noun		中級		4
3465	gifted	有天賦的	adj.		中級		4
3466	gigantic	巨大的	adj.		中級		4
3467	giggle	咯咯笑	verb/noun		中級		4
3468	ginger	薑	noun		中級		4
3469	giraffe	長頸鹿	noun		中級		2
3470	girlfriend	女朋友	noun		中級		
3471	glance	瞥一眼、瀏覽	verb/noun		中級		3
3472	glide	滑行、滑動	verb/noun		中級		6
3473	glimpse	一瞥；瞥見	noun/verb		中級		4
3474	global	全球的	adj.		中級	L7	3
3475	globe	地球、世界、地球儀	noun		中級	L7	4
3476	glorious	榮耀的、壯麗的	adj.		中級		4
3477	glory	光榮、壯麗	noun		中級		3
3478	glow	發光、容光煥發	verb/noun		中級		3
3479	goddess	女神	noun		中級		1
3480	goodness	善良、美德	noun		中級		
3481	goods	商品	noun		中級		4
3482	gossip	流言蜚語；說閒話	noun/verb		中級		3
3483	govern	統治、控制	verb		中級		2
3484	governor	州長、總督	noun		中級		3
3485	gown	禮服、長袍	noun		中級		
3486	grab	抓住、攫取	verb/noun		中級		3
3487	grace	優雅、(神)恩典；增光	noun/verb		中級		4
3488	graceful	優雅的	adj.		中級		4
3489	gracious	親切的、慈祥的	adj.		中級		4
3490	grade	評分、分等級	verb		中級	L7	1
3491	gradual	逐漸的	adj.		中級		2
3492	graduate	畢業生；畢業	noun/verb		中級		3
3493	graduation	畢業	noun		中級		4
3494	grain	穀物	noun		中級		2
3495	grammar	文法	noun		中級		4
3496	grandchild	孫子、孫女	noun		中級		
3497	grandparent	祖父母	noun		中級		
3498	grant	補助金	noun		中級	L4	5
3499	grant	准予、同意	verb		中級	L4	5
3500	grapefruit	葡萄柚	noun		中級		6
3501	grasp	緊握；理解	verb/noun		中級		3
3502	grateful	感激的	adj.		中級		4
3503	gratitude	感謝	noun		中級		4
3504	grave	嚴肅的、嚴重的	adj.		中級		4
3505	grave	墳墓	noun		中級		4
3506	gravity	重力、地心引力	noun		中級		5
3507	greasy	油膩的	adj.		中級		4
3508	greatly	非常、大大地	adv.		中級		
3509	greenhouse	溫室	noun		中級		3
3510	greeting	問候、招呼	noun		中級		4
3511	grief	悲痛	noun		中級		4
3512	grieve	使悲傷、哀悼	verb		中級		5
3513	grin	露齒笑	verb/noun		中級		3
3514	grind	令人厭倦的苦事	noun		中級		4
3515	grind	磨(碎)、碾(碎)	verb		中級		4
3516	grocery	食品雜貨(店)	noun		中級		3
3517	grown-up	成人	noun		中級		
3518	guarantee	保證、擔保	verb/noun		中級	L7	4
3519	guardian	保護者、監護人	noun		中級		4
3520	guidance	指導	noun		中級		3
3521	guilt	罪行、內疚	noun		中級		4
3522	guilty	犯罪的、感到內咎的	adj.		中級		4
3523	gulf	海灣、隔閡	noun		中級		4
3524	gum	樹脂、口香糖、牙齦	noun		中級		3
3525	habitual	慣常的	adj.		中級		4
3526	hairdresser	美髮師	noun		中級		3
3527	halfway	在中途、中途的	adv.		中級		
3528	hallway	走廊	noun		中級		3
3529	halt	暫停；停止	verb/noun		中級		4
3530	handbag	手提包	noun		中級		
3531	handful	一把(的量)	noun		中級		3
3532	handicap	殘疾、阻礙	noun		中級		6
3533	handicap	阻礙	verb		中級		6
3534	handwriting	手寫、筆跡	noun		中級		4
3535	handy	方便的、便於使用的、靈巧的	adj.		中級		3
3536	harbor	港口	noun		中級		3
3537	harbor	心懷、藏有	verb		中級		3
3538	harden	變硬、變堅固	verb		中級		6
3539	hardship	困苦	noun		中級		4
3540	hardware	硬體	noun		中級		4
3541	hardworking	努力工作的	adj.		中級		
3542	harm	傷害	noun/verb		中級		3
3543	harmful	有害的	adj.		中級		3
3544	harmony	和諧、一致	noun		中級		
3545	harsh	殘酷的、嚴厲的、惡劣的	adj.		中級		4
3546	harvest	收穫	noun/verb		中級		3
3547	hassle	麻煩；(不斷)煩擾	noun/verb		中級		
3548	hasty	匆忙的、草率的	adj.		中級		3
3549	hatch	（牆、地板等上的）開口、活板門	noun		中級		3
3550	hatch	孵化、謀劃	verb		中級		3
3551	hatred	憎恨	noun		中級		4
3552	hawk	隼、鷹	noun		中級		4
3553	hay	乾草	noun		中級		3
3554	headline	(報紙)頭條	noun		中級		3
3555	headline	加標題	verb		中級		3
3556	headmaster	(尤指私校)校長	noun		中級		
3557	headphones	耳機	noun		中級		
3558	headquarters	總部	noun		中級		3
3559	headset	耳機	noun		中級		
3560	heal	癒合、治療	verb		中級		3
3561	heap	一堆、大量	noun		中級		3
3562	heap	堆積、裝滿	verb		中級		3
3563	heartbreak	心碎	noun		中級		
3564	heaven	天堂	noun		中級		2
3565	heavenly	天的、天堂般的	adj		中級		
3566	heel	腳後跟、鞋後跟	noun		中級		3
3567	hell	地獄	noun		中級		3
3568	helmet	頭盔、安全帽	noun		中級		3
3569	hence	因此	adv.		中級	L4	5
3570	herd	牧群；放牧	noun/verb		中級		4
3571	hesitate	猶豫	verb		中級		
3572	hesitation	猶豫	noun		中級		4
3573	hidden	隱藏的	adj.		中級		
3574	high-rise	（建築）高層的；高樓建築	adj./noun		中級		
3575	highly	非常、高	adv.		中級		2
3576	hijack	劫持、劫機	verb		中級		6
3577	hijacker	劫機者	noun		中級		
3578	hiker	遠足者、健行者	noun		中級		
3579	hint	提示、暗示、建議	noun/verb		中級		3
3580	historian	歷史學家	noun		中級		3
3581	historic	歷史性的	adj.		中級		3
3582	historical	歷史的	adj.		中級		2
3583	hive	蜂巢	noun		中級		4
3584	hollow	空(心)的、空洞的；洞、坑	adj./noun		中級		3
3585	holy	神聖的	adj.		中級		3
3586	homeland	祖國	noun		中級		4
3587	honestly	誠實地、確實	adv.		中級		
3588	honeymoon	蜜月；度蜜月	noun/verb		中級		4
3589	honor	榮譽、敬意；尊敬、表揚	noun/verb	= honour (British English)	中級		3
3590	honorable	值得尊敬的	adj.		中級		5
3591	hook	(掛)鉤；鉤住	noun/verb		中級		4
3592	hopeful	充滿希望的	adj.		中級		3
3593	hopefully	抱希望地、但願	adv.		中級		
3594	horizon	地平線、視野	noun		中級		4
3595	horn	動物(角)、號角	noun		中級		3
3596	horrify	驚嚇	verb		中級		
3597	horror	恐懼、驚恐	noun		中級		3
3598	hose	軟管、水管；用軟管噴水	noun/verb		中級		4
3599	hostage	人質	noun		中級		5
3600	hostel	(青年)旅社	noun		中級		6
3601	hourly	每小時的；每小時地	adj./adv.		中級		3
3602	household	家庭；家庭的	noun/adj.		中級		4
3603	housekeeper	管家	noun		中級		3
3604	housewife	家庭主婦	noun		中級		1
3605	housework	家事	noun		中級		4
3606	housing	住宅	noun		中級		5
3607	hug	擁抱	verb/noun		中級		3
3608	hum	哼(曲)；嗡嗡聲	verb/noun		中級		3
3609	humanity	人類、人性	noun		中級		4
3610	humidity	溼度、潮濕	noun		中級		4
3611	hurricane	颶風	noun		中級		4
3612	hush	使安靜；沉默	verb/noun		中級		4
3613	hut	(簡陋)小屋	noun		中級		3
3614	hydrogen	氫	noun		中級		4
3615	iceberg	冰山	noun		中級		6
3616	icy	結冰的、冰冷的	adj.		中級		3
3617	ideal	理想的；理想	adj./noun		中級		2
3618	identical	完全相同的	adj.		中級	L7	4
3619	identification	身分證明、辨認	noun		中級		4
3620	identify	確認、認出	verb		中級	L1	4
3621	identity	身分	noun		中級		2
3622	idiom	成語、慣用語	noun		中級		4
3623	idle	閒置的、無所事事的；閒晃、虛度（光陰）	adj./verb		中級		4
3624	idol	偶像	noun		中級		4
3625	ignorance	無知、愚昧	noun		中級	L6	4
3626	ignorant	不知道的、無知的	adj.		中級	L6	4
3627	illness	疾病	noun		中級		
3628	illustrate	說明、加插圖	verb		中級	L3	4
3629	illustration	插圖、圖示	noun		中級		4
3630	imaginable	可想像的	adj.		中級		
3631	imaginary	想像中的	adj.		中級		4
3632	imagination	想像(力)	noun		中級		3
3633	imaginative	有想像力的	adj.		中級		4
3634	imitate	模仿	verb		中級		4
3635	imitation	模仿	noun		中級		4
3636	immediate	立即的、當前的	adj.		中級		3
3637	immediately	立即、直接地	adv.		中級		
3638	immigrant	移民	noun		中級	L3	4
3639	immigration	移居(入境)	noun		中級		4
3640	impact	衝擊；對…產生影響	noun/verb		中級	L2	
3641	imperial	帝國的	adj.		中級		6
3642	impersonal	無人情味的、客觀的	adj.		中級		
3643	implement	實施	verb		中級	L4	5
3644	implication	暗指、可能的影響	noun		中級		5
3645	imply	暗指、說明	verb		中級	L3	4
3646	impose	強加、徵(稅)	verb		中級	L4	4
3647	impress	留下深刻印象	verb		中級		3
3648	impression	印象	noun		中級		4
3649	impressive	令人印象深刻的	adj.		中級		2
3650	improvement	改善	noun		中級		
3651	incident	(尤指不好的)事件	noun		中級	L6	4
3652	increasingly	漸增地	adv.		中級		
3653	incredible	難以置信的、極好的	adj.		中級		4
3654	indeed	的確	adv.		中級		2
3655	independence	獨立	noun		中級		2
3656	India	印度	noun		中級		
3657	indication	指示、跡象	noun		中級		4
3658	indoor	室內的	adj.		中級		3
3659	indoors	在室內	adv.		中級		3
3660	industrial	工業的	adj.		中級		3
3661	industrialize	工業化	verb		中級		6
3662	inevitable	不可避免的	adj.		中級	L8	5
3663	infant	嬰兒	noun		中級		4
3664	infect	感染	verb		中級		5
3665	infection	感染	noun		中級		4
3666	infer	推論	verb		中級	L7	6
3667	inference	推論	noun		中級	L7	
3668	inferior	較差的、下級的；屬下	adj./noun		中級		3
3669	inflation	通貨膨脹	noun		中級		4
3670	influential	有影響力的	adj.		中級		4
3671	inform	通知、了解	verb		中級		3
3672	informal	非正式的、不拘禮節的	adj.		中級		
3673	informative	給予知識的	adj.		中級		4
3674	informed	消息靈通的、有見識的	adj.		中級		
3675	ingredient	(烹飪)材料、成分	noun		中級		4
3676	inhabitant	居民	noun		中級		6
3677	inherit	繼承、遺傳	verb		中級		5
3678	initial	起初的	adj.		中級	L3	4
3679	initial	首字母；簽署姓名首字母	noun/verb		中級	L3	4
3680	inject	注射	verb		中級		5
3681	injection	注射	noun		中級		5
3682	injure	受傷、傷害	verb		中級	L2	4
3683	inn	小旅館、客棧	noun		中級		3
3684	inner	裡面的、內心的	adj.		中級		3
3685	innocence	清白、天真無邪	noun		中級		4
3686	innocent	無辜的、清白的、天真的	adj.		中級		3
3687	input	輸入、投入；（將資訊）輸入、錄入（電腦或其他電子設備）	noun/verb		中級	L6	4
3688	inquire	詢問、調查	verb	= enquire	中級		6
3689	inquiry	詢問、調查	noun	= enquiry	中級		5
3690	insert	插入	verb		中級	L7	4
3691	inspect	檢查、審視	verb		中級	L8	3
3692	inspector	檢查員	noun		中級		3
3693	inspiration	靈感	noun		中級		4
3694	install	安裝	verb		中級		4
3695	instead	代替、反而	adv.		中級		2
3696	instinct	本能、直覺	noun		中級		4
3697	institute	學院、協會	noun		中級	L2	5
3698	institution	機構、制度	noun		中級		5
3699	instruct	教授、指示、命令	verb		中級	L6	4
3700	instruction	指示、命令	noun		中級		2
3701	instructor	教練、講師	noun		中級		4
3702	insult	侮辱、辱駡	noun/verb		中級		4
3703	insurance	保險(業)	noun		中級		4
3704	intellectual	智力的、聰明的；知識份子	adj./noun		中級		4
3705	intelligence	智慧	noun		中級	L6	4
3706	intend	打算、意指	verb		中級		4
3707	intense	劇烈的、熱切的	adj.		中級	L8	4
3708	intensify	變激烈、增強	verb		中級		5
3709	intensive	密集的、加強的	adj.		中級		4
3710	intention	意圖	noun		中級		4
3711	interact	互動	verb		中級	L3	4
3712	interfere	干涉、妨礙	verb		中級		4
3713	interference	干涉、妨礙	noun		中級		5
3714	intermediate	中級的、中間的	adj.		中級	L9	4
3715	internal	內部的、國內的	adj.		中級	L4	2
3716	interpret	詮釋、理解為	verb		中級	L1	4
3717	interpretation	詮釋、理解	noun		中級	L1	5
3718	interpreter	口譯員	noun		中級		6
3719	interval	(時間)間隔	noun		中級	L6	5
3720	intimate	親密的、諳熟的、隱私的；知己	adj./noun		中級		4
3721	introduction	介紹	noun		中級		2
3722	intrude	打擾、侵入	verb		中級		6
3723	intruder	侵入者	noun		中級		6
3724	invade	侵略	verb/noun		中級		4
3725	invention	發明(物)	noun		中級		4
3726	inventor	發明者	noun		中級		3
3727	invest	投資、投入時間	verb		中級	L2	
3728	investment	投資、投入	noun		中級		
3729	investor	投資者	noun		中級		
3730	invisible	隱形的	adj.		中級		
3731	involve	牽涉、包含、參加	verb		中級	L1	
3732	isolate	孤立、隔離	verb		中級	L7	4
3733	isolation	孤立、隔離	noun		中級		4
3734	issue	議題、問題	noun		中級	L1	4
3735	issue	發行	verb		中級	L1	4
3736	itch	發癢；癢	verb/noun		中級		6
3737	ivory	象牙白色的	adj.		中級		3
3738	ivory	象牙、象牙製品	noun		中級		3
3739	jail	監獄；監禁	noun/verb		中級		3
3740	jam	塞進、擠滿	verb		中級		2
3741	jar	(玻璃)罐子、一罐	noun		中級		3
3742	jaw	下巴	noun		中級		3
3743	jealousy	妒忌	noun		中級		4
3744	jelly	膠狀物、果凍	noun		中級		3
3745	jet	噴射機；乘噴射機	noun/verb		中級		3
3746	jewel	寶石、首飾	noun		中級		3
3747	jewelry	珠寶	noun	= jewellery (British English)	中級		3
3748	journal	報刊雜誌、日記	noun		中級	L2	2
3749	journey	旅行	noun/verb		中級		3
3750	joyful	令人愉快的	adj.		中級		3
3751	judgment	判斷、審判	noun	= judgement	中級		
3752	juicy	多汁的	adj.		中級		3
3753	jungle	叢林	noun		中級		3
3754	junk	廢舊物、垃圾	noun		中級		3
3755	jury	陪審團	noun		中級		5
3756	justice	正義、司法	noun		中級		2
3757	keen	熱切的、熱心的	adj.		中級		4
3758	keeper	飼養者、看守人	noun		中級		2
3759	kettle	水壺	noun		中級		4
3760	keyboard	鍵盤	noun		中級		3
3761	kidnap	綁架	verb		中級		5
3762	kidney	腎	noun		中級		3
3763	kindly	親切的；親切地	adj./adv		中級		
3764	kindness	親切、和藹	noun		中級		
3765	kit	成套工具	noun		中級		3
3766	kneel	跪下	verb		中級		4
3767	knight	騎士	noun		中級		3
3768	knit	縫紉；針織衫	verb/noun		中級		3
3769	knob	球形把手、旋鈕	noun		中級		4
3770	knot	繩結；打結	noun/verb		中級		3
3771	knowledgeable	博學的、有見識的	adj.		中級		6
3772	label	標籤；貼標籤於、歸為	noun/verb		中級	L4	3
3773	labor	勞動、勞工；努力做	noun/verb	= labour (British English)	中級	L1	4
3774	laboratory	實驗室	noun	= lab	中級		4
3775	lace	蕾絲；用帶繫	noun/verb		中級		3
3776	ladder	梯子、階梯	noun		中級		3
3777	ladybug	瓢蟲	noun	= ladybird (British English)	中級		2
3778	lag	掉隊、滯後、緩慢移動；（兩件事之間的）間隔，延遲	verb/noun		中級		4
3779	landlady	女房東、女地主	noun		中級		6
3780	landlord	房東、地主	noun		中級		5
3781	landmark	地標	noun		中級		4
3782	landscape	風景；美化(環境)	noun/verb		中級		4
3783	landslide	土石流	noun		中級		6
3784	lane	小路、巷弄	noun		中級		2
3785	lap	大腿、一圈(跑道)	noun		中級		2
3786	largely	大部分、主要地	adv.		中級		4
3787	laser	雷射	noun		中級		5
3788	last	持續	verb		中級		1
3789	lately	最近	adv.		中級		3
3790	latitude	緯度	noun		中級		6
3791	latter	後面的、後者的	adj.		中級		2
3792	laughter	笑、笑聲	noun		中級		3
3793	launch	發動、發行、發射、下水	verb/noun		中級		4
3794	laundry	洗衣店、洗好或待洗的衣物	noun		中級		3
3795	lavatory	盥洗室、廁所	noun	= toilet	中級		
3796	lawful	合法的、法定的	adj.		中級		
3797	lawn	草坪	noun		中級		3
3798	layer	層	noun		中級	L3	5
3799	lead	鉛	noun		中級		1
3800	leading	最重要的、領先的	adj.		中級		
3801	leaflet	傳單	noun		中級		
3802	league	聯盟、社團	noun		中級		5
3803	leak	滲漏、走漏；漏洞	verb/noun		中級		3
3804	lean	瘦(肉)的	adj.		中級		4
3805	lean	傾斜、倚靠	verb		中級		4
3806	leap	跳躍、巨變、激增	verb/noun		中級		3
3807	learned	有學問的	adj.		中級		4
3808	learner	學習者	noun		中級		
3809	learning	學識、學習	noun		中級		3
3810	leather	皮革	noun		中級		3
3811	lecture	講課；演講	noun/verb		中級	L6	4
3812	lecturer	演講者、講師	noun		中級		4
3813	legend	傳奇、傳奇人物	noun		中級		4
3814	legendary	傳奇的	adj.		中級		5
3815	leisure	閒暇、休閒	noun		中級		3
3816	leisurely	悠閒從容的/地	adj./adv.		中級		4
3817	lemonade	檸檬水	noun		中級		3
3818	lengthen	加長	verb		中級		4
3819	lens	鏡片	noun		中級		2
3820	leopard	豹	noun		中級		3
3821	liar	撒謊者	noun		中級		4
3822	liberal	開明的、自由的；自由主義者	adj./noun		中級	L5	2
3823	liberate	解放	verb		中級		6
3824	liberty	自由	noun		中級		3
3825	librarian	圖書館員	noun		中級		4
3826	license	發許可證；執照	verb/noun	= licence (British English)	中級		4
3827	lifestyle	生活方式	noun		中級		
3828	lifetime	一生	noun		中級		3
3829	lighten	變亮、照亮；減輕	verb		中級		6
3830	lighthouse	燈塔	noun		中級		3
3831	lily	百合花	noun		中級		3
3832	limb	肢、臂、大樹枝	noun		中級		3
3833	limitation	限制	noun		中級		4
3834	linen	亞麻布	noun		中級		4
3835	lipstick	口紅	noun		中級		4
3836	liquor	酒精飲料、烈酒	noun	= spirits (British English)	中級		4
3837	listener	聽者	noun		中級		2
3838	literary	文學的	adj.		中級		4
3839	literature	文學	noun		中級		4
3840	litter	垃圾；亂扔、使凌亂	noun/verb		中級		3
3841	live	實況的、現場演出的、活的	adj.		中級		1
3842	lively	精力充沛的	adj.		中級		3
3843	liver	肝臟	noun		中級		2
3844	load	負載（量）；裝載	noun/verb		中級		2
3845	loan	貸款、借款；借出、貸與	noun/verb		中級		4
3846	lobby	大廳	noun		中級		3
3847	lobster	龍蝦	noun		中級		4
3848	locate	位於、確定位置	verb		中級	L3	3
3849	location	地點、位置	noun		中級		3
3850	locker	寄物櫃	noun		中級		6
3851	log	原木；伐木	noun/verb		中級		3
3852	logic	邏輯	noun		中級	L5	4
3853	logical	按照邏輯的、合乎情理的	adj.		中級		4
3854	loneliness	寂寞	noun		中級		
3855	long	渴望、期盼	verb		中級		1
3856	long-standing	存在已久的、悠久的	adj.		中級		
3857	long-term	長期的	adj.		中級		
3858	loop	環、圈、環狀物；繞圈	noun/verb		中級		5
3859	loose	鬆的、鬆動的	adj.		中級		3
3860	loosen	鬆開、變鬆	verb		中級		4
3861	lord	君主、領主	noun		中級		3
3862	lorry	卡車	noun	= truck (American English)	中級		
3863	lotion	護膚乳液	noun		中級		6
3864	loudspeaker	擴音器、喇叭	noun		中級		6
3865	lousy	極糟的、討厭的	adj.		中級		4
3866	lower	減少、縮小、放低	verb		中級		2
3867	loyal	忠誠的	adj.		中級		4
3868	loyalty	忠誠	noun		中級		4
3869	luggage	行李	noun		中級		3
3870	lullaby	搖籃曲	noun		中級		6
3871	lunar	陰曆的、月亮的	adj.		中級		6
3872	lung	肺	noun		中級		3
3873	luxurious	豪華的、奢侈的	adj.		中級		4
3874	luxury	奢侈(品)	noun		中級		4
3875	lychee	荔枝	noun	= litchi 荔枝	中級		
3876	machinery	機器、機制	noun		中級		4
3877	madam	夫人、女士	noun		中級		6
3878	magical	魔術的、奇妙的	adj.		中級		3
3879	magnet	磁鐵	noun		中級		3
3880	magnetic	有磁性的、磁鐵的	adj.		中級		4
3881	magnificent	壯麗的	adj.		中級		4
3882	maid	女僕、少女	noun		中級		3
3883	mainland	大陸、本土	noun		中級		6
3884	majority	大多數	noun		中級		3
3885	maker	製作者	noun		中級		
3886	makeup	化妝品、構成	noun		中級		4
3887	man-made	人造的	adj.		中級		
3888	manage	設法解決、管理	verb		中級		
3889	manageable	可處理的	adj.		中級		
3890	management	管理、經營	noun		中級		
3891	mankind	人類	noun		中級		
3892	mansion	大廈、宅第	noun		中級		5
3893	manual	手冊、導覽；用手的、手工的	noun/adj.		中級	L9	4
3894	manufacture	大量製造；生產	verb/noun		中級		4
3895	manufacturer	生產者、製造商	noun		中級		4
3896	marathon	馬拉松	noun		中級		4
3897	marble	大理石	noun		中級		3
3898	march	行進、行軍；示威遊行、持續的發展	verb/noun		中級		3
3899	margin	邊緣、差距	noun		中級	L5	4
3900	master	征服、控制；精通	verb		中級		2
3901	masterpiece	傑作	noun		中級		5
3902	mate	夥伴、伴侶；交配	noun/verb		中級		2
3903	mathematical	數學的	adj.		中級		3
3904	mature	成熟的	adj.		中級	L9	2
3905	maturity	成熟、完善	noun		中級		4
3906	mayor	市長	noun		中級		3
3907	meadow	（牧）草地	noun		中級		3
3908	mean	吝嗇的、卑鄙的	adj.		中級		1
3909	meaningful	有意義的	adj.		中級		3
3910	meantime	同時	noun		中級		5
3911	meanwhile	同時	adv.		中級		3
3912	measurable	可測量的、顯著的	adj.		中級		4
3913	mechanical	機械的	adj.		中級		4
3914	medal	獎章	noun		中級		3
3915	media	新聞媒體	noun		中級	L7	1
3916	medical	醫學的	adj.		中級	L5	2
3917	melody	旋律、樂曲	noun		中級		2
3918	melt	融化	verb		中級		3
3919	membership	會員（資格）	noun		中級		2
3920	memorable	難忘的	adj.		中級		4
3921	memorandum	備忘錄	noun		中級		
3922	memorial	紀念碑；紀念的	noun/adj.		中級		4
3923	memorize	記住、背熟	verb		中級		4
3924	mend	修補	verb		中級		3
3925	mental	精神的、心理的	adj.		中級	L5	3
3926	mention	提及、寫到；簡短的陳述	verb/noun		中級		2
3927	merchant	商人	noun		中級		4
3928	mercy	慈悲、憐憫	noun		中級		4
3929	mere	僅僅的	adj.		中級		4
3930	merit	優點、長處	noun		中級		4
3931	merry	愉快的	adj.		中級		3
3932	mess	骯髒雜亂、麻煩；弄髒、弄亂	noun/verb		中級		3
3933	messenger	送信人、信差	noun		中級		4
3934	messy	凌亂的	adj.		中級		4
3935	meter	用儀表測量	verb		中級		2
3936	metro	地鐵	noun	= Metro	中級		2
3937	microphone	麥克風	noun	= mike	中級		3
3938	microscope	顯微鏡	noun		中級		4
3939	midday	正午	noun		中級		
3940	middle-aged	中年的、煩人的、過時的	adj.		中級		
3941	might	力量	noun		中級		
3942	mighty	強而有力的	adj.		中級		3
3943	mild	溫和的、溫暖的	adj.		中級		4
3944	milkshake	奶昔	noun		中級		
3945	mill	磨坊；磨成粉	noun/verb		中級		4
3946	mine	採礦、礦（坑）	noun		中級		1
3947	miner	採礦者	noun		中級		4
3948	mineral	礦物質；礦物質的	noun/adj.		中級		4
3949	minimum	最小的；最小值	adj./noun	= min.	中級	L6	4
3950	minister	部長	noun		中級		4
3951	ministry	(政府的)部	noun		中級	L6	4
3952	minority	少數	noun		中級		2
3953	minute	極小的、仔細的	adj.		中級		1
3954	miracle	奇蹟	noun		中級		3
3955	mischief	惡作劇、淘氣	noun		中級		4
3956	miserable	悲慘的、難受的	adj.		中級		4
3957	misery	痛苦、不幸	noun		中級		3
3958	misfortune	不幸、惡運	noun		中級		4
3959	mislead	誤導、引入歧途	verb		中級		4
3960	missile	飛彈	noun		中級		3
3961	mission	任務、使命、使團	noun		中級		3
3962	mist	薄霧；結霧	noun/verb		中級		3
3963	mister	先生	noun		中級		1
3964	mistress	女主人	noun		中級		6
3965	misunderstand	誤解	verb		中級		4
3966	mixture	混合(物)	noun		中級		2
3967	mob	暴民；(圍攻)襲擊	noun/verb		中級		3
3968	mobile	活動的、可移動的	adj.		中級		3
3969	moderate	適度的、中等的	adj.		中級		4
3970	modest	謙虛的、不太大的	adj.		中級		4
3971	modesty	謙遜	noun		中級		4
3972	moist	(微)濕潤的	adj.		中級		3
3973	moisture	濕氣、水分	noun		中級		3
3974	monitor	監視、檢查；顯示器、監視器	verb/noun		中級	L5	4
3975	monk	僧侶	noun		中級		3
3976	monument	紀念碑	noun		中級		4
3977	mood	心情	noun		中級		2
3978	moonlight	月光	noun		中級		
3979	moral	(有)道德的；道德、寓意	adj./noun		中級		3
3980	moreover	而且	adv.		中級		4
3981	mortgage	貸款；抵押	noun/verb		中級		5
3982	motel	汽車旅館	noun		中級		3
3983	moth	蛾	noun		中級		3
3984	motivate	激發、給…動機	verb		中級	L6	4
3985	motivation	動機	noun		中級		4
3986	motor	馬達	noun		中級		3
3987	mountainous	(多)山的	adj.		中級		4
3988	moustache	上唇的鬍子、八字鬍	noun	= mustache	中級		
3989	movable	可動的	adj.		中級		
3990	mow	割、修剪	verb		中級		6
3991	muddy	泥濘的	adj.		中級		4
3992	mug	馬克杯	noun		中級		2
3993	mug	（在公共場合）攔路搶劫	verb		中級		2
3994	multiple	多樣的	adj.		中級		4
3995	multiply	乘以、成倍增加	verb		中級		3
3996	murder	謀殺、兇殺	noun/verb		中級		3
3997	murderer	兇手	noun		中級		4
3998	murmur	喃喃低語(聲)	verb/noun		中級		4
3999	muscle	肌肉	noun		中級		3
4000	mushroom	蘑菇	noun		中級		3
4001	mushroom	迅速增長	verb		中級		3
4002	musical	音樂的；音樂劇	adj./noun		中級		2
4003	mutual	互相的、共同的	adj.		中級	L9	4
4004	mysterious	神秘的、奇怪的	adj.		中級		4
4005	mystery	神秘的事物、謎	noun		中級		3
4006	naked	裸體的、裸露的	adj.		中級		3
4007	namely	也就是	adv.		中級		4
4008	nap	打盹；小睡	noun/verb		中級		3
4009	nasty	令人不快的、惡意的	adj.		中級		5
4010	nationality	國籍	noun		中級		4
4011	native	當地的、出生地的；本地人	adj./noun		中級		3
4012	naturalist	博物學家、 自然主義者	noun		中級		
4013	naval	海軍的	adj.		中級		
4014	navy	海軍	noun		中級		3
4015	nearby	附近的；在附近	adj./adv.		中級		2
4016	neat	整潔的	adj.		中級		3
4017	necessarily	必然地、必要地	adv.		中級		
4018	necessity	必要性、必需品	noun		中級		3
4019	needy	貧困的	adj.		中級		4
4020	neglect	忽視	verb		中級		4
4021	negotiate	協商、談判	verb		中級		
4022	negotiation	協商、談判	noun		中級		5
4023	neighborhood	街區、鄰近地區	noun		中級		3
4024	nerve	神經、緊張、勇氣、厚顏無恥；鼓足勇氣	noun/verb		中級		2
4025	net	淨值的	adj.		中級		1
4026	net	網(狀物)；用網捕	noun/verb		中級		1
4027	network	網路；連接成網路	noun/verb		中級	L5	2
4028	nevertheless	儘管如此、然而	adv.		中級	L6	4
4029	newcomer	新來者	noun		中級		
4030	newscaster	新聞播報員	noun		中級		
4031	nickname	綽號；起綽號	noun/verb		中級		3
4032	nightmare	惡夢、夢魘	noun		中級		4
4033	noble	高尚的、貴族的；貴族	adj./noun		中級		4
4034	nonetheless	儘管如此	adv.		中級	L10	
4035	nonsense	胡扯	noun		中級		4
4036	nonstop	直達的、不停的；不休息地	adj./adv.		中級		
4037	normal	正常的、標準的	adj.		中級	L2	3
4038	northeast	東北方	noun/adv./adj.		中級		
4039	northwest	西北方	noun/adv./adj.		中級		
4040	noun	名詞	noun		中級		
4041	nourish	滋養	verb		中級		
4042	novelist	小說家	noun		中級		3
4043	nowadays	現今	adv.		中級		4
4044	nowhere	無處	adv.		中級		5
4045	nuclear	核能的	adj.		中級	L8	4
4046	numerous	許多的	adj.		中級		4
4047	nun	修女、尼姑	noun		中級		
4048	nursery	托兒所	noun		中級		4
4049	nursing	護理、看護；護理的、哺乳的	noun/adj.		中級		
4050	nut	堅果	noun		中級		2
4051	nutrient	營養物、養分	noun		中級		5
4052	nutrition	營養	noun		中級		5
4053	nylon	尼龍	noun		中級		
4054	oak	橡樹	noun		中級		3
4055	obedient	順從的	adj.		中級		4
4056	objection	反對	noun		中級		4
4057	objective	目的；客觀的	noun/adj.		中級	L5	4
4058	observation	觀察、評論	noun		中級		4
4059	observe	注意到、觀察	verb		中級		3
4060	obstacle	阻礙、絆腳石	noun		中級		4
4061	obtain	獲得	verb		中級	L2	4
4062	obvious	明顯的	adj.		中級	L4	2
4063	occasion	場合、盛典	noun		中級		3
4064	occasional	偶爾的	adj.		中級		4
4065	occupation	職業、佔領	noun		中級		4
4066	occupy	佔用、忙於、佔領	verb		中級	L4	4
4067	odd	奇怪的	adj.		中級	L10	3
4068	offend	冒犯、犯法	verb		中級		4
4069	offense	犯法、進攻	noun	= offence (British English)	中級		4
4070	offensive	冒犯的；進攻	adj./noun		中級		
4071	oh	哦、哎喲	interj.		中級		
4072	Olympic	奧林匹克的	adj.		中級		
4073	one-sided	片面的、一面倒的	adj.		中級		
4074	oneself	自己	pron.		中級		
4075	onto	到…之上	prep.		中級		3
4076	opener	開罐器；開場白	noun		中級		
4077	opening	開始的	adj.		中級		
4078	opening	缺口、開幕	noun		中級		
4079	opera	歌劇	noun		中級		4
4080	operator	操作人員、技工	noun		中級		2
4081	opponent	對手、反對者	noun		中級		5
4082	oppose	反對	verb		中級		4
4083	opposite	在對面(的)；在…對面	adj./adv.		中級		
4084	opposite	反面	noun		中級		
4085	opposition	反對、對抗	noun		中級		5
4086	optimistic	樂觀的	adj.		中級		3
4087	option	選擇	noun		中級	L4	4
4088	oral	口頭的；口試	adj./noun		中級		3
4089	orbit	(天體)運行軌道；沿軌道運行	noun/verb		中級		4
4090	orchestra	管絃樂隊	noun		中級		
4091	orderly	有條理的、整齊的	adj.		中級		6
4092	orderly	(醫院)護理員、(軍)勤務兵	noun		中級		6
4093	organ	器官	noun		中級		2
4094	organic	有機的、器官的	adj.		中級		3
4095	origin	起源、出身	noun		中級		2
4096	original	起初的、獨創的；原型	adj./noun		中級		3
4097	orphan	孤兒	noun		中級		4
4098	orphanage	孤兒院	noun		中級		6
4099	otherwise	否則、除此之外	adv.		中級		4
4100	ought	應當	aux.		中級		
4101	ounce	盎司	noun	= oz.	中級		6
4102	outcome	結果	noun		中級	L3	4
4103	outdoor	戶外的	adj.		中級		3
4104	outdoors	在戶外	adv.		中級		3
4105	outer	在外面的	adj.		中級		3
4106	outline	概述、(勾勒)輪廓	verb/noun		中級		3
4107	output	產量、輸出	noun		中級	L4	5
4108	outstanding	優秀的	adj.		中級		4
4109	outward	外面的；外面地	adj./adv.		中級		6
4110	oval	橢圓形(的)、卵形(的)	adj./noun		中級		4
4111	overall	全面的；全部、大致上	adj./adv.		中級	L4	5
4112	overall	工作褲/服	noun		中級	L4	5
4113	overcoat	長大衣	noun		中級		4
4114	overcome	克服	verb		中級		4
4115	overflow	溢出、充滿；容納不下的人(或物)、溢出	verb/noun		中級		6
4116	overhead	在頭頂上(的)； 在空中(的)	adj./adv.		中級		5
4117	overlook	忽略、眺望	verb		中級		4
4118	overnight	在夜間、突然；夜間的	adv./adj.		中級		4
4119	overtake	趕上、超過	verb		中級		5
4120	overthrow	推翻	verb/noun		中級		4
4121	overweight	過重的	adj.		中級		
4122	owe	欠債、欠(人情)	verb		中級		3
4123	owl	貓頭鷹	noun		中級		3
4124	ownership	所有權	noun		中級		3
4125	oxygen	氧氣	noun		中級		4
4126	pace	速度、步調；來回踱步、調整節奏	noun/verb		中級		4
4127	Pacific	太平洋(的)	noun/adj.		中級		
4128	packet	小包(裹)、小袋	noun		中級		6
4129	pad	襯墊、護具；填塞、加墊子	noun/verb		中級		3
4130	pal	夥伴、好友	noun		中級		3
4131	palace	宮殿	noun		中級		3
4132	palm	手掌；藏在手中	noun/verb		中級		3
4133	pancake	鬆餅	noun		中級		3
4134	panel	鑲板、專門小組	noun		中級	L10	4
4135	panic	驚慌	noun/verb		中級		3
4136	parachute	降落傘；跳傘	noun/verb		中級		4
4137	parade	遊行	noun/verb		中級		3
4138	paradise	天堂、樂園	noun		中級		3
4139	paragraph	段落	noun		中級	L8	
4140	parallel	平行的、同時發生的；相似之處；與…同時發生、與…相似	adj./noun/verb		中級		5
4141	parcel	包裹；打包	noun/verb		中級		3
4142	parliament	議會	noun		中級		6
4143	part	離開、分別	verb		中級		1
4144	part-time	部分時間的、兼職的、兼職	adj./adv.		中級		
4145	partial	部分的、偏袒的	adj.		中級		4
4146	participant	參與者、參加者	noun		中級	L2	5
4147	participate	參與、參加	verb		中級	L2	2
4148	participle	分詞	noun		中級		
4149	particularly	特別、尤其	adv.		中級		
4150	partnership	合夥關係	noun		中級		4
4151	passage	通道、段落	noun		中級		3
4152	passion	熱情	noun		中級		3
4153	passive	被動的、消極的	adj.		中級	L9	4
4154	passport	護照	noun		中級		3
4155	pasta	義大利麵食	noun		中級		4
4156	pat	輕拍	verb/noun		中級		3
4157	patience	耐心	noun		中級		3
4158	patriotic	愛國的	adj.		中級		6
4159	pave	舖(路)、舖設	verb		中級		
4160	paw	(動物的)爪；用腳爪抓	noun/verb		中級		4
4161	payment	付款、款項	noun		中級		
4162	pea	豌豆	noun		中級		3
4163	peak	山峰；最高的；達到高峰	noun/adj./verb		中級		2
4164	peanut	花生	noun		中級		3
4165	pearl	珍珠	noun		中級		3
4166	peasant	農夫、佃農	noun		中級		5
4167	pebble	鵝卵石	noun		中級		6
4168	peculiar	怪異的、特殊的	adj.		中級		4
4169	pedal	踏板；踩踏板	noun/verb		中級		5
4170	peel	外皮；剝(皮)、剝掉	noun/verb		中級		3
4171	peep	偷瞥	verb/noun		中級		4
4172	peer	同儕；凝視	verb/noun		中級		4
4173	penalty	處罰、刑罰	noun		中級		4
4174	penguin	企鵝	noun		中級		3
4175	penny	便士(貨幣單位)	noun		中級		3
4176	per	每(一)	prep.		中級		2
4177	percent	百分比、百分之一	noun	= per cent	中級	L1	4
4178	percentage	百分率	noun		中級	L1	4
4179	perfection	完美	noun		中級		4
4180	perform	表演、表現	verb		中級		3
4181	performance	表演、表現	noun		中級		3
4182	performer	表演者	noun		中級		5
4183	perfume	香水；(使充滿)香氣	noun/verb		中級		4
4184	permanent	永久的；燙髮	adj./noun		中級		4
4185	permission	准許、許可	noun		中級		3
4186	permit	允許、准許；許可證	verb/noun		中級		3
4187	persist	堅持	verb		中級	L10	5
4188	personality	個性	noun		中級		2
4189	persuade	說服、使相信	verb		中級		3
4190	persuasion	說服、勸說	noun		中級		4
4191	persuasive	有說服力的	adj.		中級		4
4192	pessimistic	悲觀的	adj.		中級		4
4193	pest	害蟲	noun		中級		4
4194	petal	花瓣	noun		中級		
4195	petrol	汽油	noun	= gas, gasoline (American English)	中級		6
4196	phenomenon	現象	noun		中級	L7	4
4197	philosopher	哲學家	noun		中級	L3	4
4198	philosophical	哲學的	adj.		中級		4
4199	philosophy	哲學	noun		中級	L3	4
4200	photographic	攝影的、逼真的	adj.		中級		5
4201	photography	攝影	noun		中級		4
4202	phrase	片語；用言語表達	noun/verb		中級		2
4203	physical	身體的、物質的；體檢	adj./noun		中級	L3	4
4204	physician	醫師、內科醫師	noun		中級		4
4205	physicist	物理學家	noun		中級		4
4206	pianist	鋼琴家	noun		中級		6
4207	pilgrim	朝聖者	noun		中級		6
4208	pill	藥丸、藥片	noun		中級		3
4209	pilot	飛行員、領航員；駕駛(飛機或船)	noun/verb		中級		3
4210	pine	松樹、松木	noun		中級		3
4211	pine	渴望；憔悴	verb		中級		3
4212	pint	品脫	noun		中級		3
4213	pioneer	先鋒、先驅；倡導、作先鋒	noun/verb		中級		4
4214	pirate	海盜、侵犯版權者；盜版	noun/verb		中級		5
4215	pit	坑、洞；使有凹洞	noun/verb		中級		3
4216	pitch	投球、音高；投擲	noun/verb		中級		3
4217	pity	同情、憐憫	noun/verb		中級		3
4218	plastic	塑膠；塑膠(製)的	noun/adj.		中級		3
4219	plentiful	充足的、大量的	adj.		中級		4
4220	plenty	大量、很多	pron./adv.		中級		3
4221	plot	情節、陰謀；密謀	noun/verb		中級		4
4222	plug	塞子、插頭；塞住	noun/verb		中級		3
4223	plum	李子、梅子；稱心的	noun/adj.		中級		4
4224	plumber	水管工	noun		中級		4
4225	plural	複數的；複數形式	adj./noun		中級		5
4226	poet	詩人	noun		中級		2
4227	poetry	詩作、詩集	noun		中級		2
4228	poisonous	有毒的	adj.		中級		4
4229	pole	杆子、地極	noun		中級		3
4230	polish	拋光、亮光劑；擦亮、潤飾	noun/verb		中級		4
4231	political	政治的	adj.		中級		3
4232	politician	政治人物	noun		中級		3
4233	politics	政治	noun		中級		3
4234	poll	(做)民意調查、(獲得)投票	noun/verb		中級		3
4235	pony	小型馬	noun		中級		6
4236	pop	突然出現、發出砰聲；砰的一聲	verb/noun		中級		2
4237	port	港口	noun		中級		2
4238	portable	可攜式的；手提式機器	adj./noun		中級		
4239	porter	行李員、門房	noun		中級		6
4240	portion	份、部分	noun		中級	L9	3
4241	portrait	肖像	noun		中級		3
4242	portray	描繪、描述	verb		中級		4
4243	pose	姿勢；擺好姿勢(拍照)、引起(尤指問題或困難)	verb/noun		中級	L10	2
4244	possess	擁有	verb		中級		4
4245	possession	擁有、所有物、財產	noun		中級		4
4246	possibility	可能性	noun		中級		2
4247	post	職位、郵件；杆/柱	noun		中級		2
4248	postage	郵資	noun		中級		4
4249	postal	郵政的	adj.		中級		
4250	poster	海報	noun		中級		3
4251	postpone	延遲、暫緩	verb		中級		
4252	potential	潛在的、可能的；潛力、可能性	adj./noun		中級	L2	4
4253	pottery	陶器	noun		中級		3
4254	poultry	家禽	noun		中級		6
4255	pound	猛擊、(心)怦怦跳、猛烈敲擊	verb		中級		2
4256	pour	倒(出)、湧現	verb		中級		3
4257	poverty	貧窮	noun		中級		3
4258	powerless	無力量的、無權力的	adj.		中級		
4259	practical	實際的、實用的；實驗課	adj./noun		中級		3
4260	prayer	禱告、祈禱文	noun		中級		2
4261	precise	精確的	adj.		中級	L5	4
4262	predict	預言、預測	verb		中級	L4	4
4263	prediction	預言、預測	noun		中級		4
4264	preferable	更好的	adj.		中級		
4265	pregnancy	懷孕	noun		中級		4
4266	pregnant	懷孕的	adj.		中級		4
4267	preparation	準備	noun		中級		3
4268	presence	出席、出現	noun		中級		3
4269	presentation	授予、報告、演講	noun		中級		4
4270	presently	此刻、現在	adv.		中級		
4271	preserve	保存、維護；保護區、蜜餞	verb/noun		中級		4
4272	presidential	總統(制)的	adj.		中級		5
4273	pressure	壓力；對…施壓	noun/verb		中級		2
4274	pretend	假裝、扮作	verb		中級		3
4275	prevent	阻礙、防止	verb		中級		3
4276	prevention	預防、阻止	noun		中級		4
4277	preview	（電影或節目等的）預告；預習	noun/verb		中級		6
4278	previous	先前的	adj.		中級	L2	3
4279	pride	自豪、驕傲；以…而自豪	noun/verb		中級		2
4280	primary	首要的、主要的、基本的	adj.		中級		2
4281	primary	(美國推舉黨內候選人的)初選	noun		中級	L2	2
4282	prime	原始的、首位的	adj.		中級	L5	4
4283	prime	全盛時期	noun		中級	L5	4
4284	prime	使準備好	verb		中級	L5	4
4285	primitive	原始的	adj.		中級		4
4286	principal	最重要的、主要的	adj.		中級	L4	2
4287	privacy	隱私	noun		中級		4
4288	privilege	特權、特殊待遇；優待	noun/verb		中級		4
4289	probable	可能的	adj.		中級		3
4290	procedure	程序、步驟	noun		中級		4
4291	proceed	繼續進行、前進	verb		中級	L1	4
4292	process	過程；處理、加工	noun/verb		中級	L1	3
4293	producer	生產者、製造商	noun		中級		3
4294	productive	生產的、多產的、有效益的	adj.		中級		4
4295	profession	職業	noun		中級		4
4296	professional	職業的、專業的；專家	adj./noun		中級	L4	4
4297	profit	利潤、好處；獲益	noun/verb		中級		3
4298	profitable	獲利的、有益的	adj.		中級		4
4299	progressive	進步的、逐漸的；改革派	adj./noun		中級		5
4300	prohibit	(以法令)禁止	verb		中級	L7	5
4301	prominent	重要的、著名的	adj.		中級		
4302	promising	有希望的、有前途的	adj.		中級		4
4303	promote	促進、推動	verb		中級	L4	3
4304	promotion	提升、晉升、促銷活動	noun		中級		4
4305	prompt	迅速的	adj.		中級		4
4306	prompt	提示	noun		中級		4
4307	prompt	促使	verb		中級		4
4308	pronunciation	發音	noun		中級		4
4309	proof	防…的	adj.		中級		3
4310	proof	證據、證實	noun		中級		3
4311	proper	正確的、恰當的	adj.		中級		2
4312	property	財產、房地產	noun		中級		3
4313	proportion	部分、比例	noun		中級	L3	5
4314	proposal	提案、求婚	noun		中級		4
4315	prospect	可能性、前景	noun		中級		5
4316	prosper	繁榮	verb		中級		4
4317	prosperity	繁榮	noun		中級		4
4318	prosperous	繁榮的	adj.		中級		4
4319	protective	保護的、防護的	adj.		中級		2
4320	protein	蛋白質	noun		中級		4
4321	protest	抗議、反對	noun/verb		中級		4
4322	proverb	諺語	noun		中級		6
4323	province	省份	noun		中級		5
4324	psychological	心理的	adj.		中級	L5	4
4325	psychologist	心理學家	noun		中級		4
4326	psychology	心理、心理學	noun		中級	L5	4
4327	pub	酒吧	noun		中級		3
4328	publication	出版、出版物	noun		中級	L7	4
4329	publicity	宣傳、關注	noun		中級		4
4330	publish	出版、刊載	verb		中級	L3	4
4331	publisher	出版商	noun		中級		4
4332	pudding	布丁	noun		中級		2
4333	punch	拳打；用拳猛擊	noun/verb		中級		3
4334	punctual	準時的	adj.		中級		6
4335	punishment	處罰	noun		中級		
4336	pupil	(小學)學生；瞳孔	noun		中級		2
4337	puppet	木偶	noun		中級		3
4338	pure	純的、純粹的	adj.		中級		3
4339	pursue	追趕、追求	verb		中級	L5	4
4340	pursuit	追趕、追求	noun		中級		4
4341	qualification	資格	noun		中級		6
4342	qualified	合格的、勝任的	adj.		中級		
4343	qualify	使具有資格	verb		中級		5
4344	quantity	數量	noun		中級		2
4345	quarrel	爭吵	noun/verb		中級		4
4346	queue	隊伍；排隊	noun/verb		中級		
4347	quilt	被子	noun		中級		4
4348	quote	引用、引述；引語	verb/noun		中級	L7	
4349	racial	種族的	adj.		中級		3
4350	radar	雷達	noun		中級		4
4351	radiation	輻射	noun		中級		5
4352	radical	徹底的、激進的；激進份子	adj./noun		中級	L8	5
4353	rage	盛怒、狂暴；肆虐	noun/verb		中級		4
4354	raincoat	雨衣	noun		中級		2
4355	rainfall	降雨(量)	noun		中級		4
4356	raisin	葡萄乾	noun		中級		4
4357	rank	分等級、排行；地位、級別	noun/verb		中級		3
4358	rarely	很少、不常	adv.		中級		
4359	rate	速度、(比)率；評估、評價	noun/verb		中級		3
4360	raw	生的、原始的	adj.		中級		3
4361	ray	光線、射線	noun		中級		3
4362	razor	刮鬍刀	noun		中級		3
4363	react	反應	verb		中級	L3	3
4364	reaction	反應	noun		中級		3
4365	reader	讀者、簡易讀本	noun		中級		
4366	readily	樂意地、迅速地	adv.		中級		
4367	reading	閱讀、讀物	noun		中級		
4368	realistic	現實的、實際的	adj.		中級		4
4369	reality	現實、事實	noun		中級		2
4370	rear	後面的；後部	adj./noun		中級		5
4371	rear	撫養、飼養	verb		中級		5
4372	reasonable	合理的、(價錢)公道的	adj.		中級		3
4373	rebel	叛亂者；反叛	noun/verb		中級		4
4374	rebuild	重組、重建	verb		中級		
4375	recall	回憶起；記性	verb/noun		中級		4
4376	receipt	收據	noun		中級		3
4377	receiver	聽筒、接收者	noun		中級		3
4378	reception	接待處、招待會、接受	noun		中級		4
4379	recession	(經濟)衰退	noun		中級		5
4380	recipe	食譜	noun		中級		4
4381	recite	朗誦	verb		中級		5
4382	recognition	認出、認可	noun		中級		4
4383	recognize	認出、認可	verb		中級		3
4384	recommend	推薦	verb		中級		5
4385	recorder	錄音(像)機	noun		中級		3
4386	recovery	復得、恢復	noun		中級		4
4387	recreation	消遣、娛樂	noun		中級		4
4388	reduce	減少、縮小	verb		中級		3
4389	reduction	減少、折扣	noun		中級		4
4390	refer	提及、參考	verb		中級		4
4391	reference	提到、參考、出處	noun		中級		4
4392	reflect	反映、反射	verb		中級		4
4393	reflection	反映、反射、倒影	noun		中級		4
4394	reform	改革、改良	noun/verb		中級		4
4395	refresh	使清涼、提醒	verb		中級		
4396	refugee	難民、流亡者	noun		中級		4
4397	refusal	拒絕	noun		中級		4
4398	refuse	垃圾、廢棄物	noun		中級		2
4399	regarding	關於	prep.		中級		4
4400	regardless	儘管	adv.		中級		5
4401	regional	地方的、區域的	adj.		中級	L2	3
4402	register	註冊；登記(簿)	verb/noun		中級	L3	4
4403	registration	註冊、登記	noun		中級		4
4404	regulate	規範、調節	verb		中級	L2	4
4405	regulation	規則	noun		中級		4
4406	rehearsal	排演、彩排	noun		中級		5
4407	rehearse	排演	verb		中級		6
4408	relate	使有聯繫、敘述	verb		中級		2
4409	related	相關的、有親戚關係的	adj.		中級		
4410	relation	關係、往來	noun		中級		2
4411	relationship	關係	noun		中級		2
4412	relatively	相對地、相當	adv.		中級		
4413	relax	放鬆、放心	verb		中級	L9	3
4414	relaxation	放鬆、消遣	noun		中級	L9	4
4415	release	釋放、宣泄；獲釋、發行	verb/noun		中級	L7	3
4416	reliable	可信賴的、可靠的	adj.		中級		3
4417	relief	解脫、減輕	noun		中級		3
4418	relieve	減輕、緩和	verb		中級		4
4419	religion	宗教	noun		中級		2
4420	religious	宗教的、虔誠的	adj.		中級		3
4421	reluctant	不情願的	adj.		中級	L10	4
4422	rely	仰賴、信賴	verb		中級	L3	3
4423	remain	仍然是、繼續	verb		中級		3
4424	remark	言論、評論；談論、說起	noun/verb		中級		4
4425	remarkable	非凡的、顯著的	adj.		中級		4
4426	remedy	療法、解決方法；治療、補救	noun/verb		中級		4
4427	reminder	提醒	noun		中級		5
4428	remote	偏遠的、遙控的	adj.		中級		3
4429	remove	去除、脫去	verb		中級	L3	2
4430	renew	延長期限、重新開始	verb		中級		4
4431	repeatedly	一再地、重複地	adv.		中級		
4432	repetition	重複、反覆	noun		中級		4
4433	replace	取代、代替	verb		中級		
4434	represent	代表	verb		中級		3
4435	representation	代表、表現	noun		中級		4
4436	representative	代表；典型的、代表的	noun/adj.		中級		3
4437	republic	共和國	noun		中級		3
4438	republican	共和主義者；共和主義者的	noun/adj.		中級		5
4439	reputation	名譽、名聲	noun		中級		4
4440	request	要求、請求	noun/verb		中級		3
4441	requirement	需要、要求	noun		中級		
4442	rescue	援救、營救	noun/verb		中級		4
4443	research	研究、調查	noun/verb		中級	L1	4
4444	researcher	研究人員	noun		中級		4
4445	resemble	看起來像	verb		中級		4
4446	reservation	預訂、訂位	noun		中級		4
4447	reserve	儲備（物）	noun		中級		3
4448	reserve	預訂、訂位	verb		中級		3
4449	residence	居住、住處	noun		中級		5
4450	resident	居民、住戶；定居的、常駐的	noun/adj.		中級		5
4451	resign	辭職	verb		中級		4
4452	resignation	辭職、辭呈	noun		中級		4
4453	resist	抵抗、反抗	verb		中級		3
4454	resistance	抵抗、反抗	noun		中級		4
4455	resistant	抵抗的、抗…的	adj.		中級		6
4456	resolution	決心、決議、解決	noun		中級	L4	4
4457	resolve	解決、決心	verb		中級	L4	4
4458	resource	資源	noun		中級	L2	3
4459	respond	回應、回答	verb		中級	L1	2
4460	response	回應、答覆	noun		中級		3
4461	responsibility	責任	noun		中級		3
4462	restless	煩躁的	adj.		中級		
4463	restore	恢復、復原	verb		中級	L8	4
4464	restrict	限制、束縛	verb		中級	L2	3
4465	restriction	限制	noun		中級		4
4466	retain	保留、留住	verb		中級	L4	4
4467	retire	退休、退回	verb		中級		
4468	retreat	僻靜處；撤退、躲避	noun/verb		中級		4
4469	reunite	重逢、再結合	verb		中級		
4470	reveal	顯示、透漏	verb		中級	L6	3
4471	revenge	復仇(行動)；替...報仇、報復	noun/verb		中級		4
4472	revision	修訂、修正	noun		中級		4
4473	revolution	革命	noun		中級	L9	4
4474	revolutionary	革命(性)的	adj.		中級		4
4475	reward	報答；酬賞	noun/verb		中級		4
4476	rewrite	重寫、改寫；修改	verb/noun		中級		
4477	rhyme	押韻；押韻詞	verb/noun		中級		4
4478	rhythm	節奏、律動	noun		中級		4
4479	ribbon	緞帶、絲帶	noun		中級		
4480	riches	財富	noun		中級		2
4481	rid	使...免除；擺脫	verb/adj.		中級		3
4482	riddle	謎語；使佈滿	noun/verb		中級		4
4483	rider	騎士	noun		中級		
4484	ridiculous	荒謬的、可笑的	adj.		中級		5
4485	rifle	來福槍；匆忙翻找	noun/verb		中級		5
4486	ripe	成熟的	adj.		中級		3
4487	risk	風險、危險；冒…風險	noun/verb		中級		3
4488	rival	競爭者；競爭的；與...競爭	noun/adj./verb		中級		5
4489	roar	吼叫、呼嘯	verb/noun		中級		3
4490	roast	烤；烘烤過的；烤肉	verb/adj./noun		中級		3
4491	robber	搶劫犯	noun		中級		4
4492	robbery	搶劫	noun		中級		3
4493	robe	睡袍、禮袍	noun		中級		3
4494	rocket	火箭；快速增長	noun/verb		中級		3
4495	rod	竿、棒	noun		中級		5
4496	romance	浪漫史；虛構(故事)	noun/verb		中級		4
4497	romantic	浪漫的、愛情的；浪漫的人	adj./noun		中級		3
4498	rooster	公雞	noun	= cock (British English)	中級		2
4499	rot	腐爛；腐朽	verb/noun		中級		3
4500	rotten	腐爛的	adj.		中級		3
4501	rough	粗糙的、粗略的、粗暴的、艱難的；粗野地、大略地；艱難度日	adj./adv./verb		中級		3
4502	roughly	大約、大致、粗暴地	adv.		中級		3
4503	route	路線；按路線發送	noun/verb		中級	L9	4
4504	routine	常規；例行公事的	noun/adj.		中級		3
4505	rubbish	垃圾；糟透的	noun/adj.	(used mainly in British English)	中級		6
4506	rug	小地毯	noun		中級		3
4507	rumor	謠言	noun	= rumour (British English)	中級		3
4508	runner	跑者	noun		中級		2
4509	running	連續的	adj.		中級		
4510	rural	農村的	adj.		中級		4
4511	rust	(鐵)銹；生鏽	noun/verb		中級		3
4512	rusty	生鏽的	adj.		中級		4
4513	sack	麻布袋、一袋；解雇	noun/verb		中級		3
4514	sacrifice	犧牲、奉獻；獻祭品	verb/noun		中級		4
4515	sadden	使難過	verb		中級		
4516	sake	緣故、目的	noun		中級		3
4517	salary	薪水	noun		中級		3
4518	salty	含鹽的、鹹的	adj.		中級		2
4519	sanction	批准、制裁、強硬措施；批准、贊成	noun/verb		中級		
4520	satellite	衛星、人造衛星	noun		中級		4
4521	satisfaction	滿意	noun		中級		4
4522	satisfactory	令人滿意的	adj.		中級		3
4523	sauce	醬汁	noun		中級		3
4524	sausage	香腸、臘腸	noun		中級		3
4525	saving	節省、存款	noun		中級		3
4526	saw	鋸子；鋸	noun/verb		中級		2
4527	saying	諺語、格言	noun		中級		
4528	scan	掃描；審視	verb/noun		中級		5
4529	scarce	稀少的、缺乏的	adj.		中級		3
4530	scarcely	幾乎不	adv.		中級		4
4531	scare	驚嚇、嚇跑；驚慌、擔憂	verb/noun		中級		2
4532	scary	嚇人的	adj.		中級		3
4533	scatter	使分散、消散；散播、少量	verb/noun		中級		3
4534	scenery	風景	noun		中級		4
4535	schedule	工作行程、時刻表；安排時間、預定	noun/verb		中級	L8	2
4536	scheme	體制、陰謀；密謀	noun/verb		中級	L3	5
4537	scholar	學者	noun		中級		3
4538	scholarship	獎學金	noun		中級		3
4539	schoolmate	學校同學	noun		中級		
4540	scientific	科學(上)的	adj.		中級		3
4541	scissors	剪刀	noun		中級		3
4542	scold	訓斥、責罵	verb		中級		4
4543	scoop	用勺舀、用鏟子鏟；杓子、一勺	verb/noun		中級		4
4544	scout	童子軍	noun		中級		3
4545	scratch	搔、抓傷；抓痕、劃傷	verb/noun		中級		4
4546	scream	尖叫；尖叫聲	verb/noun		中級		3
4547	screw	用螺絲固定、旋；螺絲	verb/noun		中級		3
4548	scrub	刷洗	verb/noun		中級		3
4549	sculpture	雕刻品、雕刻術	noun		中級		4
4550	seafood	海鮮	noun		中級		2
4551	seagull	海鷗	noun	= gull	中級		6
4552	seal	蓋章、密封；印章、封條; 海豹	verb/noun		中級		3
4553	seaside	海邊	noun		中級		
4554	season	調味	verb		中級		1
4555	second-hand	舊的、二手的；二手地、間接地	adj./adv.		中級		
4556	secondary	次要的	adj.		中級		2
4557	sector	部門、分區	noun		中級	L1	5
4558	secure	保護、使安全；安心的、安全的	verb/adj.		中級	L2	4
4559	security	安全(工作)	noun		中級		3
4560	seize	抓住、奪取	verb		中級		4
4561	selection	挑選	noun		中級		2
4562	self	自我	noun		中級		2
4563	senior	年長的、資深的；較年長者、前輩	adj./noun		中級		3
4564	sensible	明理的、理智的	adj.		中級		3
4565	sensitive	敏感的、靈敏的	adj.		中級		2
4566	sentence	句子、判決；宣判	noun/verb		中級		1
4567	separation	分離、分隔	noun		中級		3
4568	series	系列、連續	noun		中級	L4	5
4569	session	一節(課程)、會議、開庭	noun		中級		5
4570	settle	解決、決定、安頓	verb		中級		
4571	settlement	協議、解決	noun		中級		
4572	settler	移民	noun		中級		4
4573	setup	組織、結構	noun		中級		
4574	severe	嚴重的、嚴厲的	adj.		中級		4
4575	sew	縫、縫補	verb		中級		4
4576	sex	性別、性	noun		中級	L3	2
4577	sexual	性的、性別的	adj.		中級		3
4578	sexy	性感迷人的	adj.		中級		3
4579	shade	蔭、陰影；遮擋(光線)、畫陰影	noun/verb		中級		4
4580	shadow	影子；遮蔽、跟蹤	noun/verb		中級		3
4581	shady	多蔭的、陰暗的	adj.		中級		4
4582	shallow	淺的、膚淺的	adj.		中級		3
4583	shame	羞愧、遺憾；使感到羞恥	noun/verb		中級		2
4584	shameful	可恥的、丟臉的	adj.		中級		4
4585	shampoo	洗髮精；用洗髮精洗(頭髮)	noun/verb		中級		3
4586	sharpen	使鋒利、加劇、提高	verb		中級		6
4587	shave	剃、刮毛髮	verb		中級		4
4588	shaver	刮鬍刀	noun		中級		6
4589	shell	殼、殼狀物	noun		中級		2
4590	shelter	避難所、遮蔽處；躲避、保護、遮蔽	noun/verb		中級		4
4591	shepherd	牧羊人；牧羊、帶領	noun/verb		中級		3
4592	shift	變換、輪班；轉移、變換	verb/noun		中級	L3	4
4593	shining	發光的；明亮而快樂的；出色的	adj.		中級		
4594	shiny	光亮的	adj.		中級		3
4595	shopkeeper	商店老闆	noun		中級		2
4596	short-sighted	近視的、目光短淺的	adj.		中級		
4597	short-term	短期的、近期的	adj.		中級		
4598	shortage	缺少、不足	noun		中級		5
4599	shortcoming	缺點	noun		中級		6
4600	shortcut	捷徑	noun		中級		
4601	shorten	縮短	verb		中級		3
4602	shortly	不久、立刻	adv.		中級		3
4603	shorts	短褲	noun		中級		1
4604	shovel	鏟子；鏟	noun/verb		中級		3
4605	shrink	縮小、減少；畏縮	verb/noun		中級		3
4606	shrug	聳肩	verb/noun		中級		5
4607	shuttle	航班、班車、梭；(頻繁)往返	noun/verb		中級		5
4608	sickness	疾病	noun		中級		
4609	sigh	嘆息	verb/noun		中級		3
4610	sightseeing	觀光、遊覽	noun		中級		4
4611	signal	顯著的、非凡的	adj		中級		3
4612	signal	信號；發信號	noun/verb		中級		3
4613	signature	簽名	noun		中級		4
4614	significance	重要性、意義	noun		中級		4
4615	significant	顯著的、有重大意義的	adj.		中級	L1	3
4616	silk	絲(稠)、絲織品	noun		中級		3
4617	similarity	相似(處)	noun		中級		3
4618	simplify	簡化	verb		中級		6
4619	sin	罪(惡)、過失；犯過失	noun/verb		中級		3
4620	singular	單數的	adj.		中級		4
4621	sip	啜飲；一小口	verb/noun		中級		3
4622	site	位址、網站	noun		中級	L2	4
4623	situation	情況、形勢	noun		中級		3
4624	sketch	素描、概述	noun/verb		中級		4
4625	skim	撇去、掠過、瀏覽	verb/noun		中級		6
4626	skip	跳、蹦；省略	noun		中級		3
4627	skip	蹦蹦跳跳；略過	verb		中級		3
4628	skyscraper	摩天大樓	noun		中級		4
4629	slang	俚語	noun		中級		6
4630	slave	奴隸；拼命工作	noun/verb		中級		3
4631	slavery	奴隸制	noun		中級		
4632	sleeve	袖子	noun		中級		3
4633	slice	(薄)片；切、切成薄片	noun/verb		中級		3
4634	slight	輕微的；輕視、冷落	adj./verb/noun		中級		4
4635	slippery	滑的	adj.		中級		3
4636	slogan	標語	noun		中級		4
4637	slope	斜坡；傾斜	noun/verb		中級		3
4638	smog	煙霧(污染物)	noun		中級		5
4639	smoky	冒煙的、煙霧瀰漫的	adj.		中級		
4640	smooth	平整的、平滑的；使平整、使平滑	adj./verb		中級		2
4641	snap	匆忙的、不加思索的	adj		中級		3
4642	snap	突然折斷(或闔上)的聲音、喀嚓聲	noun		中級		3
4643	snap	突然折斷；(門等)突然關上；拍快照；突然發作(尤指動怒)	verb		中級		3
4644	sneak	偷溜、偷偷地做	verb		中級		5
4645	sneeze	打噴嚏；打噴嚏聲	verb/noun		中級		6
4646	snowman	雪人	noun		中級		
4647	sob	嗚咽、啜泣；啜泣(聲)	verb/noun		中級		5
4648	sociable	好交際的、友善的	adj.		中級		6
4649	socket	插座	noun		中級		4
4650	softball	壘球	noun		中級		
4651	software	軟體	noun		中級		4
4652	soil	土壤	noun		中級		2
4653	soil	弄髒	verb		中級		2
4654	solar	太陽(能)的	adj.		中級		4
4655	solid	固體的、實心的、堅固的；固體	adj./noun		中級		3
4656	somehow	不知怎麼的、以某種方式	adv.		中級		3
4657	sometime	在某時；從前的、一度的	adv./adj.		中級		3
4658	somewhat	有點、稍微	adv.		中級	L7	2
4659	sorrow	悲傷	noun		中級		3
4660	sound	健康的、狀況良好的	adj.		中級		1
4661	south-east	東南方；在東南方；東南方的	noun/adv./adj.		中級		
4662	south-west	西南方；在西南方；西南方的	noun/adv./adj.		中級		
4663	souvenir	紀念品	noun		中級		5
4664	sow	播種、散佈	verb		中級		5
4665	soybean	黃豆	noun	= soya bean= soy	中級		2
4666	spacecraft	太空船	noun	= spaceship	中級		
4667	spade	鏟子	noun		中級		4
4668	spare	備用的；備用品	adj./noun		中級		4
4669	spare	剩下、(尤指在自己困難的情況下)抽出	verb		中級		4
4670	spark	火花；觸發	noun/verb		中級		4
4671	sparkle	閃耀、閃爍；閃耀、閃爍、火花	verb/noun		中級		5
4672	sparrow	麻雀	noun		中級		6
4673	spear	矛；用尖物刺穿	noun/verb		中級		4
4674	specialized	專用的、專門的、專業的	adj.		中級		
4675	species	物種	noun		中級		4
4676	specific	特定的、明確的	adj.		中級	L1	3
4677	spectator	觀眾	noun		中級		5
4678	spell	咒語	noun		中級		1
4679	spice	香料、趣味；加香料、增添趣味	noun/verb		中級		3
4680	spicy	辛辣的、加有香料的	adj.		中級		5
4681	spill	灑出、溢出；泄漏(量)	verb/noun		中級		3
4682	spin	旋轉	noun		中級		3
4683	spin	旋轉；紡紗；(蠶、蜘蛛等)吐(絲)、結(網)	verb		中級		3
4684	spinach	菠菜	noun		中級		3
4685	spiritual	心靈的、精神的	adj.		中級		4
4686	spit	吐(口水等)；唾液	verb/noun		中級		3
4687	spite	惡意、怨恨	noun		中級		3
4688	splash	潑濺；潑濺聲	verb/noun		中級		3
4689	splendid	燦爛的、極佳的	adj.		中級		4
4690	split	分攤、分裂；分裂；分裂的	verb/noun/adj.		中級		4
4691	spoil	破壞、寵壞；戰利品	verb/noun		中級		3
4692	sponsor	贊助；贊助者	verb/noun		中級		5
4693	sportsmanship	運動精神	noun		中級		6
4694	sportsperson	運動員	noun	= sportsman, sportswoman	中級		
4695	spot	斑點、地點	noun		中級		2
4696	spot	看出、注意到	verb		中級		2
4697	spray	水花、噴霧；噴灑	noun/verb		中級		3
4698	sprinkle	撒上	verb/noun		中級		4
4699	spy	間諜；當間諜、暗中監視	noun/verb		中級		3
4700	squeeze	榨、擠	verb/noun		中級		3
4701	squirrel	松鼠	noun		中級		3
4702	stab	(用刀)捅、刺	verb/noun		中級		4
4703	stable	穩定的、牢固的	adj.		中級	L5	3
4704	stable	馬廄	noun		中級	L5	3
4705	stadium	體育場	noun		中級		3
4706	staff	全體員工；成為員工、(為機構)提供人員	noun/verb		中級		3
4707	staircase	樓梯	noun		中級		
4708	stake	樁、股份、風險；打賭	noun/verb		中級		5
4709	stare	盯著看；凝視	verb/noun		中級		3
4710	starvation	飢餓、餓死	noun		中級		
4711	starve	捱餓、餓死	verb		中級		3
4712	state	國家的、州的	adj.		中級		
4713	state	州、國家；狀態	noun		中級		
4714	state	陳述、說明、宣布	verb		中級		
4715	statement	說法、聲明	noun		中級		
4716	statue	雕像	noun		中級		3
4717	status	地位、狀況	noun		中級	L4	4
4718	steady	穩固的、不變的；使穩固、穩定	adj./verb		中級		3
4719	steel	鋼、鋼鐵業；鋼的、鋼鐵業的	noun/adj.		中級		2
4720	steel	鋼化、給...包上鋼；使堅強、下決心應付	verb		中級		2
4721	steep	陡峭的	adj.		中級		3
4722	steer	駕駛、引導	verb/noun		中級		5
4723	stem	莖、梗、樹幹、(工具的)柄	noun		中級		4
4724	stem	起源於	verb		中級		4
4725	stepfather	繼父	noun		中級		6
4726	stepmother	繼母	noun		中級		6
4727	stereo	立體聲的、立體音響的；立體聲、立體音響	adj./noun		中級		4
4728	sticky	黏的	adj.		中級		3
4729	stiff	硬的、僵硬的；硬地、僵硬地	adj./adv.		中級		3
4730	still	靜止的、不動的	adj.		中級		1
4731	stimulate	刺激、激發	verb		中級		5
4732	sting	螫、刺；刺傷	verb/noun		中級		3
4733	stir	攪動、攪拌、激起、喚醒	verb/noun		中級		3
4734	stitch	縫、縫線；縫補	noun/verb		中級		3
4735	stock	庫存的、現有的；陳腐的、平凡的	adj.		中級		5
4736	stock	貯存、存貨；股票	noun		中級		5
4737	stock	貯存、庫存	verb		中級		5
4738	stocking	長襪	noun		中級		4
4739	stool	凳子	noun		中級		3
4740	storey	樓層	noun	= story (American English)	中級		
4741	storyteller	說故事者	noun		中級		
4742	strategy	策略、戰略	noun		中級	L2	3
4743	strength	體力、力氣	noun		中級		3
4744	strengthen	增強、鞏固	verb		中級		4
4745	stretch	拉長、伸展；一段	verb/noun		中級		2
4746	strict	嚴格的	adj.		中級		2
4747	string	細繩、線；懸掛、串在一起	noun/verb		中級		1
4748	strip	條、帶	noun		中級		3
4749	strip	剝去、脫光衣服	verb		中級		3
4750	strive	努力、奮鬥	verb		中級		4
4751	stroke	中風、游泳姿勢；輕撫	noun/verb		中級		4
4752	structure	結構、建築物；構成、組織	noun/verb		中級	L1	3
4753	stubborn	固執的	adj.		中級		3
4754	studio	錄音室、電影公司、工作室	noun		中級		3
4755	stuff	物品、東西、材料	noun		中級		3
4756	stuff	裝、填、塞、把...裝滿、塞進	verb		中級		3
4757	subject	易受...的、隸屬的、取決於；使順從、使遭受	adj./verb		中級		1
4758	submarine	潛水艇；海底的	noun/adj.		中級		4
4759	substance	物質、本質	noun		中級		3
4760	substitute	代替的人(物)；代替	noun/verb		中級	L5	5
4761	subtract	減去	verb		中級		3
4762	suburb	郊區	noun		中級		3
4763	suck	吸吮	verb		中級		3
4764	suffer	遭受、受苦	verb		中級		3
4765	suffering	痛苦、磨難	noun		中級		
4766	sufficient	充足的、足夠的	adj.		中級	L3	3
4767	suggestion	建議	noun		中級		4
4768	suicide	自殺	noun		中級		3
4769	suitable	適宜的	adj.		中級		2
4770	suitcase	手提箱	noun		中級		6
4771	sum	總和；共計、總結	noun/verb		中級	L4	3
4772	summarize	摘要	verb		中級		4
4773	summary	概要、總結	noun		中級	L4	3
4774	summit	山峰、頂峰	noun		中級		3
4775	sunbathe	日光浴	verb		中級		
4776	sunlight	日光	noun		中級		
4777	sunrise	日出	noun		中級		
4778	sunset	日落	noun		中級		
4779	superb	極佳的	adj.		中級		5
4780	superior	較高的、較優秀的；上級	adj./noun		中級		3
4781	supervisor	主管人、指導者	noun		中級		5
4782	supporter	支持者	noun		中級		
4783	suppose	認為、應當	verb		中級		2
4784	supreme	最高的、最大的	adj.		中級		5
4785	surely	一定、想必	adv.		中級		
4786	surgeon	外科醫生	noun		中級		4
4787	surgery	外科手術	noun		中級		4
4788	surrender	投降、放棄	verb/noun		中級		4
4789	surround	圍繞、圍住	verb/noun		中級		3
4790	surroundings	周圍事物、環境	noun		中級		4
4791	survey	(民意)調查；查看、審視	noun/verb		中級	L2	3
4792	survival	生存、存活	noun		中級	L7	2
4793	survivor	倖存者、生還者	noun		中級		3
4794	suspect	懷疑；嫌疑犯；可疑的	verb/noun/adj.		中級		3
4795	suspend	懸掛、中止、暫時取消	verb		中級	L9	5
4796	suspension	暫停、停學(職)	noun		中級		6
4797	suspicion	懷疑	noun		中級		3
4798	suspicious	(令人)懷疑的	adj.		中級		4
4799	swallow	吞嚥、吞沒；一口的量	verb/noun		中級		2
4800	swear	發誓、罵髒話	verb		中級		3
4801	sweat	汗；流汗	noun/verb		中級		3
4802	swell	腫脹、增大、隆起；腫脹、增大、隆起處	verb/noun		中級		3
4803	swift	迅速的、敏捷的	adj.		中級		3
4804	switch	改變、交換；開關、改變	verb/noun		中級		2
4805	sword	劍	noun		中級		3
4806	syllable	音節	noun		中級		4
4807	symbolize	象徵、代表	verb		中級		6
4808	sympathetic	有同情心的、支持的	adj.		中級		4
4809	sympathize	同情、支持	verb		中級		6
4810	sympathy	同情心、支持	noun		中級		4
4811	symphony	交響樂	noun		中級		6
4812	symptom	症狀	noun		中級		5
4813	syrup	糖漿	noun		中級		6
4814	systematic	有系統的	adj.		中級		4
4815	tablecloth	桌巾	noun		中級		
4816	tablet	藥片、平板電腦	noun		中級		3
4817	tack	圖釘；(用釘)釘住	noun/verb		中級		
4818	tag	標籤；加標籤、附加	noun/verb		中級		3
4819	tailor	裁縫師；專門訂做	noun/verb		中級		3
4820	tale	故事	noun		中級		2
4821	tame	馴服的；馴服	adj./verb		中級		3
4822	tap	輕叩；(水)龍頭	noun		中級		3
4823	tap	輕拍、輕敲	verb		中級		3
4824	tasty	可口的	adj.		中級		3
4825	tax	稅；課稅	noun/verb		中級		2
4826	tease	取笑、逗弄	verb/noun		中級		3
4827	technical	技術的、專門的	adj.		中級	L3	3
4828	technician	技術人員	noun		中級		4
4829	technique	技巧、工藝	noun		中級	L3	3
4830	technological	科技的	adj.		中級	L3	4
4831	technology	科技	noun		中級	L3	2
4832	teen	青少年；十幾歲的	noun/adj.		中級		
4833	teenage	十幾歲的	adj.		中級		3
4834	telescope	望遠鏡	noun		中級		4
4835	televise	電視播送	verb		中級		
4836	temper	脾氣、怒氣	noun		中級		3
4837	temper	使緩和	verb		中級		3
4838	temporary	暫時的	adj.		中級	L9	3
4839	tenant	房客、租戶	noun		中級		6
4840	tend	傾向、往往會	verb		中級		3
4841	tendency	傾向、趨勢	noun		中級		4
4842	tender	嫩的、溫柔的	adj.		中級		3
4843	tense	繃緊的、緊張的；繃緊	adj./verb		中級	L8	4
4844	tension	繃緊、緊張	noun		中級		4
4845	terminal	終點、(航空或交通運輸的)終站；終點的、末期的	noun/adj.		中級	L8	5
4846	terrify	使恐懼	verb		中級		5
4847	territory	領土	noun		中級		3
4848	terror	恐懼、恐怖	noun		中級		4
4849	text	正文、文本	noun		中級	L2	2
4850	thankful	感謝的	adj.		中級		3
4851	theft	偷竊	noun		中級		5
4852	theirs	他們的	pron.		中級		
4853	theme	主題	noun		中級	L8	4
4854	theory	學說、理論、看法	noun		中級	L1	3
4855	therapy	療法	noun		中級		5
4856	thinking	思想、思考；有思考力的	noun/adj.		中級		
4857	thirst	口渴、渴望	noun/verb		中級		3
4858	thorough	徹底的	adj.		中級		4
4859	thoughtful	體貼的、深思熟慮的	adj.		中級		4
4860	thread	線、一絲；穿針線	noun/verb		中級		3
4861	threat	威脅	noun		中級		3
4862	threaten	揚言要、威脅	verb		中級		3
4863	thunderstorm	雷雨	noun		中級		
4864	tickle	搔癢、發癢	verb		中級		4
4865	tide	潮汐、趨勢	noun		中級		3
4866	tight	緊的；緊地	adj./adv.		中級		3
4867	tighten	使變緊、加強	verb		中級		3
4868	timber	樹木、木材	noun		中級		3
4869	timetable	時間表；為…安排時間	noun/verb		中級		4
4870	timid	膽怯的	adj.		中級		4
4871	tin	錫、罐	noun		中級		5
4872	tiptoe	踮腳、躡手躡腳	verb/noun		中級		6
4873	tire	輪胎	noun	= tyre (British English)	中級		2
4874	tire	使疲勞	verb		中級		2
4875	tiresome	令人厭煩的	adj.		中級		6
4876	tissue	面紙、(動植物)組織	noun		中級		2
4877	tobacco	煙草	noun		中級		3
4878	tolerable	可容忍的、還可以的	adj.		中級		4
4879	tolerance	寬容、忍耐	noun		中級		4
4880	tolerant	寬容的、忍耐的	adj.		中級		4
4881	tolerate	寬容、忍耐	verb		中級		4
4882	tomb	墳墓	noun		中級		4
4883	ton	噸、大量	noun		中級		3
4884	tone	腔調、語氣；調和	noun/verb		中級		2
4885	toothpaste	牙膏	noun		中級		
4886	torch	火把；放火燒	noun/verb		中級		5
4887	tornado	龍捲風	noun		中級		6
4888	tortoise	陸龜	noun		中級		4
4889	toss	拋、投、擲	verb/noun		中級		3
4890	tough	堅強的、困難的、強硬的	adj.		中級		3
4891	tourism	觀光(業)	noun		中級		3
4892	tourist	遊客、觀光客	noun		中級		3
4893	tow	拖、拉、牽引	verb/noun		中級		3
4894	trademark	商標、特徵	noun		中級		6
4895	trader	商人、證券交易人	noun		中級		3
4896	tragedy	悲劇	noun		中級		4
4897	tragic	悲劇的、悲慘的	adj.		中級		4
4898	trail	蹤跡、小道；拖曳	noun/verb		中級		3
4899	training	訓練	noun		中級		
4900	transfer	調動、搬遷	noun/verb		中級	L2	4
4901	transform	改變、改造	verb		中級	L6	4
4902	translate	翻譯	verb		中級		4
4903	translation	翻譯	noun		中級		4
4904	translator	翻譯、譯者	noun		中級		4
4905	transplant	移植(器官等)	noun/verb		中級		6
4906	transport	運輸、交通工具；運送	noun/verb		中級	L6	3
4907	transportation	運輸	noun		中級	L6	4
4908	traveler	旅行者	noun	= traveller (British English)	中級		3
4909	traveling	旅行的、巡迴的	adj.	= travelling (British English)	中級		
4910	tray	托盤	noun		中級		3
4911	treaty	條約	noun		中級		5
4912	tremble	發抖、震顫	verb/noun		中級		4
4913	tremendous	巨大的、極大的	adj.		中級		4
4914	trend	趨勢	noun		中級	L5	3
4915	tribe	部落	noun		中級		3
4916	tricky	狡猾的、難對付的	adj.		中級		3
4917	triumph	(大)勝利、成功	noun/verb		中級		4
4918	troop	軍隊、一群；成群結隊而行	noun/verb		中級		3
4919	tropical	熱帶的	adj.		中級		3
4920	troublesome	令人煩惱的	adj.		中級		4
4921	trunk	樹幹	noun		中級		3
4922	truthful	誠實的、真實的	adj.		中級		3
4923	tube	管子、地鐵	noun	地鐵 = underground, railway	中級		2
4924	tug	拉、拖	verb/noun		中級		3
4925	tulip	鬱金香	noun		中級		
4926	tumble	跌倒、倒塌	verb/noun		中級		4
4927	tune	曲調；調音	noun/verb		中級		3
4928	tutor	家庭教師；指導、當家教	noun/verb		中級		3
4929	twig	細枝	noun		中級		4
4930	twin	雙胞胎；雙胞胎的；使相連	noun/adj./verb		中級		3
4931	twinkle	閃爍；閃亮	verb/noun		中級		6
4932	twist	彎曲、扭轉、轉彎	verb/noun		中級		3
4933	typewriter	打字機	noun		中級		
4934	typical	典型的	adj.		中級		2
4935	typist	打字員	noun		中級		
4936	underground	地下的、暗中的；在地下；地鐵	adj./adv./noun		中級		3
4937	understanding	理解；體諒的	noun/adj.		中級		
4938	undertake	承擔、從事	verb		中級	L4	5
4939	underwater	在水下；水下的	adv./adj.		中級		
4940	underweight	體重不足的	adj.		中級		
4941	unexpected	出乎意料的	adj.		中級		
4942	union	合併、和諧、工會	noun		中級		3
4943	unite	聯合、團結、統一	verb		中級		3
4944	unity	團結一致、聯合	noun		中級		3
4945	universal	普遍的、全體的；普通性、普遍現象	adj./noun		中級		4
4946	unknown	未知的、無名的	adj.		中級		
4947	unless	除非	conj.		中級		2
4948	unlike	不像	prep.		中級		
4949	untouched	未動過的、未受影響的	adj.		中級		
4950	unusual	不尋常的、特別的	adj.		中級		
4951	upset	苦惱的；混亂；擾亂、惹惱	adj./noun/verb		中級		2
4952	upward	向上的	adj.		中級		6
4953	urban	都市的、城鎮的	adj.		中級		3
4954	urge	敦促、強烈主張；衝動	verb/noun		中級		
4955	urgent	緊急的	adj.		中級		4
4956	usage	使用、用法	noun		中級		4
4957	useless	無用的	adj.		中級		
4958	vacant	空的、未被佔用的	adj.		中級		3
4959	vague	模糊的、粗略的	adj.		中級		5
4960	vain	徒勞的、虛榮的	adj.		中級		4
4961	valuable	寶貴的、貴重的	adj.		中級		2
4962	van	廂型車、小貨車	noun		中級		3
4963	vanish	突然消失	verb		中級		3
4964	vapor	水汽、蒸汽	noun	= vapour (British English)	中級		6
4965	variety	各種樣式、變化	noun		中級		3
4966	various	各式各樣的	adj.		中級		3
4967	vary	不同、相異	verb		中級	L1	3
4968	vase	花瓶	noun		中級		3
4969	vast	廣闊的、大量的	adj.		中級		4
4970	vegetarian	素食主義的；素食主義者	adj./noun		中級		4
4971	vehicle	交通工具	noun		中級	L8	3
4972	venture	冒險	noun/verb		中級		5
4973	verb	動詞	noun		中級		
4974	verse	韻文、詩節	noun		中級		3
4975	version	版本、說法	noun		中級	L5	5
4976	vessel	船艦	noun		中級		4
4977	victim	罹難者、受害者	noun		中級		3
4978	vigor	精力、活力	noun	= vigour (British English)	中級		6
4979	vigorous	精力充沛的、強健的	adj.		中級		6
4980	violate	違反、侵犯	verb		中級	L9	4
4981	violation	違反、侵犯	noun		中級		4
4982	violence	暴力、猛烈	noun		中級		3
4983	violent	暴力的、猛烈的	adj.		中級		3
4984	violet	紫羅蘭；紫羅蘭色的	noun/adj.		中級		3
4985	violinist	小提琴手	noun		中級		6
4986	virgin	處女；處女的、未開發的	noun/adj.		中級		6
4987	virtue	美德、長處	noun		中級		4
4988	virus	病毒	noun		中級		4
4989	visible	可見的	adj.		中級	L7	3
4990	vision	視力、眼光、憧憬	noun		中級	L9	3
4991	visual	視覺的	adj.		中級	L8	4
4992	vital	必不可少的、生氣勃勃的	adj.		中級		4
4993	vitamin	維他命	noun		中級		3
4994	vivid	鮮明的、有生氣的	adj.		中級		3
4995	volcano	火山	noun		中級		5
4996	voluntary	志願的、自願的	adj.		中級	L7	4
4997	volunteer	義工；自願	noun/verb		中級		4
4998	vowel	母音	noun		中級		6
4999	voyage	航行	noun/verb		中級		4
5000	wage	工資	noun		中級		3
5001	wage	發動、進行	verb		中級		3
5002	wagon	(運貨)馬車	noun		中級		3
5003	waken	醒來、喚醒	verb		中級		4
5004	waltz	華爾茲舞；跳華爾茲舞	noun/verb		中級		
5005	wander	遊蕩、閒逛	verb/noun		中級		3
5006	ward	病房；避免	noun/verb		中級		6
5007	warfare	戰爭	noun		中級		
5008	warmth	溫暖、熱情	noun		中級		3
5009	warn	警告、提醒注意	verb		中級		3
5010	warning	警告的、警戒的	adj.		中級		
5011	warship	軍艦	noun		中級		
5012	washing	洗(或待洗)的衣物	noun		中級		
5013	watchman	巡夜者、夜間警衛	noun		中級		
5014	waterproof	防水的；防水材料；使防水	adj./noun/verb		中級		6
5015	wax	蠟；上蠟	noun/verb		中級		3
5016	way	(加強語氣)太	adv.		中級		1
5017	weaken	(使)虛弱、削弱	verb		中級		3
5018	wealth	財富、富有、大量	noun		中級		2
5019	wealthy	富有的	adj.		中級		3
5020	weave	編織、交織；編法、織法	verb/noun		中級		3
5021	web	網、蜘蛛網、網路	noun		中級		3
5022	website	網站	noun		中級		4
5023	weed	雜草；除草	noun/verb		中級		3
5024	weep	哭泣、流淚	verb/noun		中級		3
5025	weigh	重、秤重、權衡	verb		中級		2
5026	welfare	幸福、福利；福利的	noun/adj.		中級	L5	4
5027	well	井	noun		中級		1
5028	well-known	有名的	adj.		中級		
5029	westerner	西方人、西部人	noun		中級		
5030	wheat	小麥	noun		中級		3
5031	whenever	任何時候、每次；究竟什麼時候	adv./conj.		中級		2
5032	wherever	任何地方、各處；究竟在哪裡	adv./conj.		中級		2
5033	whichever	無論哪個、任何一個	determiner/pron.		中級		
5034	whip	鞭子；鞭打、攪打(蛋、奶油)	noun/verb		中級		3
5035	whisper	低語、竊竊私語	verb/noun		中級		2
5036	whistle	吹哨子；哨子、哨聲	verb/noun		中級		3
5037	whoever	誰、任何人	pron./conj.	= whomever	中級		2
5038	wicked	邪惡的、淘氣的	adj.		中級		3
5039	widespread	普遍的、廣泛的	adj.		中級	L8	5
5040	wilderness	荒野	noun		中級		5
5041	wildlife	野生動物	noun		中級		5
5042	wildly	瘋狂地、失控地	adv.		中級		
5043	will	意志、心願、遺囑	noun		中級		1
5044	willow	柳(樹)	noun		中級		
5045	wink	眨眼(示意)、閃爍	verb/noun		中級		4
5046	wipe	擦拭、抹掉；(濕)抹布、(濕)紙巾	verb/noun		中級		3
5047	wire	金屬絲、電線；用金屬絲綑紮	noun/verb		中級		2
5048	wisdom	智慧、明智	noun		中級		3
5049	wit	機智風趣(的人)	noun		中級		4
5050	witch	女巫	noun		中級		4
5051	withdraw	提領(錢)、撤回	verb		中級		
5052	witness	目擊者、證人；目擊、見證	noun/verb		中級		4
5053	wizard	男巫	noun		中級		4
5054	wool	毛(絨)	noun		中級		2
5055	working	工作的、暫定的；運作	adj./noun		中級		
5056	workout	(身體)鍛鍊、訓練	noun		中級		
5057	workshop	專題討論會、工作坊	noun		中級		5
5058	worldwide	在世界各地；世界各地的	adv./adj.		中級		
5059	worm	蠕蟲、寄生蟲；擠過、鑽過	noun/verb		中級		2
5060	worn	用舊的、磨壞的、精疲力盡的	adj.		中級		
5061	worthless	無用的、無價值的	adj.		中級		
5062	worthwhile	值得(花費時間或金錢)的	adj.		中級		5
5063	worthy	有價值的、值得的	adj./noun		中級		5
5064	wow	哇；使驚嘆	interj./verb		中級		
5065	wrap	包、裹；披肩、包裝材料	verb/noun		中級		3
5066	wrapping	包裝材料	noun		中級		
5067	wreck	使(船)失事、毀壞；船難、殘骸	verb/noun		中級		4
5068	wrinkle	皺紋、皺褶；皺起、起皺褶	noun/verb		中級		6
5069	writing	寫、寫作、筆跡、作品	noun		中級		
5070	written	書面的	adj.		中級		
5071	X-ray	X光(片)；照X光	noun/verb		中級		
5072	yam	番薯、山藥	noun	= sweet potato (American English)	中級		2
5073	yawn	打哈欠；哈欠	verb/noun		中級		4
5074	yell	喊叫	verb/noun		中級		3
5075	yogurt	優格	noun	= yoghurt	中級		6
5076	yolk	蛋黃	noun		中級		3
5077	youngster	年輕人、小孩	noun		中級		3
5078	youthful	青年的、年輕的	adj.		中級		4
5079	zipper	拉鍊	noun		中級		3
5080	zone	地區、區域；分區	noun/verb		中級		3
5081	abbey	大修道院	noun		中高級		
5082	abbreviate	縮寫、使簡短	verb		中高級		6
5083	abbreviation	縮寫、簡稱	noun		中高級		
5084	abdomen	腹部	noun		中高級		
5085	abide	容忍、遵守	verb		中高級		6
5086	abolish	廢除	verb		中高級		5
5087	aboriginal	土著的；土著	adj./noun		中高級		
5088	aborigine	原住民	noun		中高級		
5089	abortion	流產、墮胎	noun		中高級		5
5090	abound	大量存在、富足	verb		中高級		6
5091	abrupt	突然的、唐突的	adj.		中高級		5
5092	absent-minded	心不在焉的	adj.		中高級		
5093	abstraction	抽象(概念)、抽取、提取	noun		中高級	L6	6
5094	absurd	荒謬的；荒誕(的事物)	adj./noun		中高級		5
5095	abundance	大量、充裕	noun		中高級		6
5096	abundant	大量的	adj.		中高級		5
5097	accelerate	加速	verb		中高級		5
5098	acceleration	加速	noun		中高級		
5099	accessible	可到達的、可使用的、易理解的	adj.		中高級		5
5100	accessory	附件、配件；副的、輔助的	noun/adj.		中高級		6
5101	acclaim	稱譽、(給予)高度評價	verb/noun		中高級		6
5102	accomplished	技藝高超的、有才華的	adj.		中高級		
5103	accordance	依照、依據	noun		中高級		6
5104	accordingly	相應地、因此	adv.		中高級		6
5105	accountable	應負責任的	adj.		中高級		6
5106	accounting	會計	noun		中高級		5
5107	accumulate	累積、逐漸增加	verb		中高級	L8	6
5108	accumulation	累積	noun		中高級		6
5109	accusation	控告、指控	noun		中高級		6
5110	accustom	使習慣於	verb		中高級		6
5111	accustomed	習慣於	adj.		中高級		
5112	ace	第一流的、極好的	adj.		中高級		
5113	ace	A紙牌、擅長...的人、(網球)發球得分	noun		中高級		
5114	ace	表現得很好	verb		中高級		
5115	acknowledge	承認、告知、致意、感謝	verb		中高級	L6	
5116	acne	痤瘡、粉刺	noun		中高級		6
5117	acoustic	聲音的、聽覺的、(樂器)原聲的	adj.		中高級		
5118	acoustic	(建築物、房間的)傳音效果、音響效果	noun		中高級		
5119	acquisition	獲得、獲得物	noun		中高級		5
5120	acting	臨時代理的	adj.		中高級		
5121	activate	使活動、活化	verb		中高級		
5122	activist	活躍份子	noun		中高級		5
5123	acute	嚴重的、(病痛)急性的、靈敏的	adj.		中高級		5
5124	acute	銳音符	noun		中高級		5
5125	adaptation	改編、適應	noun		中高級		6
5126	addict	成癮者、入迷的人	noun		中高級		4
5127	addicted	上癮的、入迷的	adj.		中高級		
5128	addiction	上癮、入迷	noun		中高級		
5129	additive	附加的	adj.		中高級		
5130	additive	(尤指食品的)添加物	noun		中高級		
5131	adhere	附著、遵循	verb		中高級		
5132	adjacent	毗連的、鄰近的	adj.		中高級	L10	
5133	adjoin	毗連、鄰接	verb		中高級		
5134	adjustment	調整、適應	noun		中高級		
5135	administer	管理、執行；給予、施行	verb		中高級		
5136	administrative	管理的、行政的	adj.		中高級		5
5137	administrator	管理人員、行政人員	noun		中高級		5
5138	admiral	海軍上將、艦隊司令	noun		中高級		6
5139	adolescence	青春期	noun		中高級		6
5140	adolescent	青春期的；青少年	adj./noun		中高級		5
5141	adore	熱愛、愛慕	verb		中高級		5
5142	adulthood	成年	noun		中高級	L7	
5143	advancement	發展、促進、晉升	noun		中高級		
5144	advent	出現、到來	noun		中高級		
5145	adverb	副詞	noun	=adv.	中高級		
5146	adverse	不利的、負面的、有害的	adj.		中高級		5
5147	advert	廣告	noun	= ad, advertisement	中高級		
5148	advertiser	廣告商、登廣告者	noun		中高級		
5149	advertising	廣告業、廣告活動	noun		中高級		
5150	advisable	明智的、可取的	adj.		中高級		
5151	advisory	顧問的、諮詢的	adj.		中高級		6
5152	advisory	公告、警報	noun		中高級		6
5153	advocate	提倡者、擁護者	noun		中高級	L7	5
5154	aerial	從飛機上的、空中的	adj.		中高級		
5155	aerial	天線	noun	noun = antenna (American English)	中高級		
5156	aerospace	航空航天業(的)、航空航天技術(的)	noun/adj.		中高級		
5157	aesthetic	美感的、審美的	adj.	=aesthetical, esthetic, esthetical	中高級		6
5158	aesthetics	美學、美感	noun	= esthetics	中高級		
5159	affectionate	表示關愛的、充滿深情的	adj.		中高級		6
5160	affiliate	附屬機構、分公司	noun		中高級		6
5161	affiliate	使隸屬於、加入、為...工作	verb		中高級		6
5162	affirm	申明、斷言	verb		中高級		6
5163	afflict	折磨、使痛苦	verb		中高級		
5164	aftermath	後果、餘波	noun		中高級		
5165	agenda	議程、待處理事項	noun		中高級		5
5166	aggravate	加重、惡化	verb		中高級		
5167	aggregate	總計(的)、合計(的)	adj./noun/verb		中高級	L6	
5168	aggression	侵略、挑釁	noun		中高級		5
5169	aging	變老的；老化	adj./noun	= ageing	中高級		
5170	agitate	鼓動、煽動；激怒	verb		中高級		
5171	agitation	焦慮不安、煩亂；煽動、鼓動	noun		中高級		
5172	agony	極度痛苦、苦惱	noun		中高級		5
5173	agricultural	農業的	adj.		中高級		5
5174	AI	人工智慧	noun	= artificial intelligence	中高級		
5175	aide	(從政者或軍隊高官的)助理、助手	noun		中高級		
5176	airlift	空運、空投	noun/verb		中高級		
5177	airtight	密封的、不透氣的	adj.		中高級		6
5178	airway	(肺的)氣道；飛行航線	noun		中高級		6
5179	aisle	走道	noun		中高級		5
5180	alarming	驚人的、令人驚慌的	adj.		中高級		
5181	algebra	代數	noun		中高級		6
5182	alien	外國的、異域的、外星人的；陌生的、不熟悉的	adj.		中高級		5
5183	alien	外國人、外星人(生物)	noun		中高級		5
5184	alienate	使疏遠、離間	verb		中高級		6
5185	allegation	(未經證實的)指責、指控	noun		中高級		
5186	allege	(未經證實地)指責、指控	verb		中高級		6
5187	alleged	(證據不足的情況下)被指控的、涉嫌的	adj.		中高級		
5188	allergic	過敏的、過敏引起的；對...十分反感的	adj.		中高級		
5189	allergy	過敏	noun		中高級		5
5190	alleviate	減輕、緩和	verb		中高級		
5191	alliance	(國家)結盟、聯盟	noun		中高級		5
5192	allied	結盟的、聯盟的；類似的、有關聯的	adj.		中高級		
5193	alligator	短吻鱷	noun		中高級		6
5194	allocate	分配、調撥	verb		中高級	L6	5
5195	alloy	合金；把...鑄成合金	noun/verb		中高級		
5196	alloy	把(價值)降低、損壞	verb		中高級		
5197	ally	同盟、盟友；與...結盟	noun/verb		中高級		5
5198	almond	杏仁	noun		中高級		3
5199	alter	改變、更動、修改(衣服使其合身)	verb		中高級	L5	5
5200	alternate	輪流(的)、交替(的)	verb/adj.		中高級		5
5201	ambiguity	歧義、模稜兩可	noun		中高級		6
5202	ambiguous	模稜兩可的、含混不清的	adj.		中高級	L8	4
5203	ambush	埋伏、伏擊	verb/noun		中高級		
5204	amend	修訂、修正(法律文件等)	verb		中高級	L5	5
5205	amendment	修正案、修訂	noun		中高級		
5206	amends	賠罪、賠償	noun		中高級		
5207	amiable	和藹可親的	adj.		中高級		
5208	amicable	友善的、友好的	adj.		中高級		
5209	ammunition	彈藥	noun		中高級		
5210	amnesty	赦免、赦免期	noun		中高級		
5211	ample	足夠的、豐富的	adj.		中高級		5
5212	amplify	擴大、增強	verb		中高級		6
5213	analogy	類比、比喻	noun		中高級	L9	6
5214	analytical	分析的	adj.	= analytic	中高級		6
5215	anchor	主持人；主持(電視、廣播節目)	noun/verb		中高級		6
5216	anchor	錨；拋錨、下錨	noun/verb		中高級		6
5217	anecdote	趣聞軼事	noun		中高級		
5218	angler	垂釣者	noun		中高級		
5219	animate	有生命的、有活力的；使有生命、使有活力	adj./verb		中高級		6
5220	annoyance	惱怒、煩惱、令人煩惱的事	noun		中高級		6
5221	anonymous	匿名的、不具名的	adj.		中高級		5
5222	Antarctic	南極的、南極地區的；南極、南極地區	adj./noun	= antarctic	中高級		
5223	antenna	觸角、觸鬚；天線	noun		中高級		
5224	anthem	國歌、(群體的)團歌	noun		中高級		6
5225	antibiotic	抗生素；抗菌的	noun/adj.		中高級		6
5226	antibody	抗體	noun		中高級		
5227	anticipate	預料、預見、期盼	verb		中高級	L9	5
5228	anticipation	預料、預見、期盼	noun		中高級		
5229	antique	古董、古物；古老的、古董的	noun/adj.		中高級		5
5230	antonym	反義詞	noun		中高級		6
5231	apartheid	(南非)種族隔離	noun		中高級		
5232	appall	使驚駭、使大為震驚	verb	= appal (British English)	中高級		
5233	appalling	令人震驚的、糟糕的	adj.		中高級		
5234	apparatus	儀器、設備；(政府的)組織、機構	noun		中高級		
5235	appendix	(書或文件的)附錄；闌尾	noun		中高級		
5236	applicable	適用的	adj.		中高級		6
5237	appraisal	評價、評估	noun		中高級		
5238	appreciable	可觀的	adj.		中高級	L8	
5239	apprehension	憂慮、恐懼	noun		中高級		
5240	apprentice	學徒；使當學徒	noun/verb		中高級		6
5241	approximate	大約的；接近	adj./verb		中高級	L4	6
5242	apt	有…傾向的；恰當的、適當的；聰穎的	adj.		中高級		5
5243	aptitude	天資、資質	noun		中高級		
5244	arbitrary	武斷的、專制的	adj.		中高級	L8	
5245	arc	弧形；作弧形運動	noun/verb		中高級		
5246	archaeology	考古學	noun	= archeology	中高級		6
5247	architectural	建築學的、建築方面的	adj.		中高級		
5248	archive	檔案、檔案室；歸檔、存檔	noun/verb		中高級		6
5249	Arctic	北極的、北極地區的；北極、北極地區	adj./noun	= arctic	中高級		
5250	arena	圓形運動場、圓形劇場、活動場所	noun		中高級		5
5251	armor	盔甲、裝甲；穿盔甲、提供防禦	noun/verb	= armour (British English)	中高級		
5252	arms	武器、兵器	noun		中高級		4
5253	array	大量、一批	noun		中高級		5
5254	array	配置、布置、排列	verb		中高級		5
5255	arrogant	傲慢的、自大的	adj.		中高級		5
5256	artery	動脈、(道路)主幹線	noun		中高級		
5257	articulate	口齒清楚的、善於表達的；清楚說明、口齒清楚	adj./verb		中高級		5
5258	artifact	手工藝品	noun	=artefact	中高級		
5259	artillery	火炮	noun		中高級		
5260	ascertain	查明、弄清	verb		中高級		
5261	ascribe	把...歸因於、認為...具有	verb		中高級		
5262	aspiration	抱負、渴望	noun		中高級		
5263	ass	傻瓜、笨蛋；屁股	noun		中高級		5
5264	assault	攻擊、襲擊	noun/verb		中高級		5
5265	assert	堅稱、維護(權利)	verb		中高級		5
5266	assess	評價、估算	verb		中高級	L1	
5267	assessment	評價、評定	noun		中高級		
5268	assignment	(學業或工作上的)任務、分派(任務)	noun		中高級		
5269	assimilate	消化吸收、理解、融入	verb		中高級		
5270	assumption	假設	noun		中高級		5
5271	assured	自信的、確定的	adj.		中高級		
5272	asthma	氣喘	noun		中高級		6
5273	astray	迷路地、誤入歧途地；迷路的、誤入歧途的	adv./adj.		中高級		6
5274	astronomer	天文學家	noun		中高級		6
5275	astronomy	天文學	noun		中高級		6
5276	asylum	庇護、避難	noun		中高級		
5277	athletics	體育運動、田徑運動	noun		中高級		5
5278	ATM	自動提款機	noun	= automatic teller machine	中高級		
5279	atrocity	凶惡、殘暴行為	noun		中高級		
5280	attached	依戀的、附屬的	adj.		中高級	L6	
5281	attain	獲得、達到	verb		中高級	L9	
5282	attempted	(犯罪)未遂的	adj.		中高級		
5283	attendance	參加、出席、出席人數	noun		中高級		5
5284	attendant	伴隨的、隨之而來的	adj.		中高級		6
5285	attendant	服務員、侍者	noun		中高級		6
5286	attic	閣樓	noun		中高級		5
5287	attorney	律師	noun		中高級		5
5288	attribute	屬性、特徵	noun		中高級	L4	5
5289	attribute	歸因於	verb		中高級	L4	5
5290	auction	拍賣	noun/verb		中高級		5
5291	audit	旁聽(大學課程)	verb		中高級		6
5292	audit	審計、稽核、查帳	verb/noun		中高級		6
5293	auditorium	觀眾席；禮堂、劇院、音樂廳	noun		中高級		6
5294	authentic	真實的、真正的、真跡的、可信的	adj.		中高級		4
5295	authoritative	具權威的、專斷的	adj.		中高級	L1	
5296	authorize	批准、授權	verb	= authorise (British English)	中高級		5
5297	auto	汽車	noun		中高級		3
5298	autograph	親筆簽名；在...上簽名	noun/verb		中高級		4
5299	automation	自動化	noun		中高級		
5300	autonomous	自治的、自主的	adj.		中高級		
5301	autonomy	自治(權)、自主(權)	noun		中高級		5
5302	avail	(對人或物)有幫助；幫助、效益	verb/noun		中高級		
5303	avert	防止、避開	verb		中高級		6
5304	aviary	大鳥籠、鳥舍	noun		中高級		
5305	aviation	航空、航空製造業、飛行	noun		中高級		6
5306	awe	敬畏、驚嘆	noun/verb		中高級		5
5307	awesome	令人驚嘆的、很棒的	adj.		中高級		6
5308	awhile	一會兒	adv.		中高級		6
5309	axis	軸、軸線	noun		中高級		
5310	bachelor	單身漢；學士	noun		中高級		6
5311	backbone	脊椎、脊骨；支柱、基礎	noun		中高級		6
5312	backing	支持、援助、資助	noun		中高級		
5313	backpack	背包；背包旅行	noun/verb		中高級		2
5314	badge	徽章、名牌	noun		中高級		6
5315	baffle	困惑	verb		中高級		
5316	bail	保釋金；獲得保釋	noun/verb		中高級		
5317	ballot	不記名投票、選票；進行不記名投票	noun/verb		中高級		5
5318	bandit	土匪、盜賊	noun		中高級		
5319	bankruptcy	破產	noun		中高級		
5320	banner	橫布條、橫幅廣告	noun		中高級		5
5321	banquet	宴會、盛宴	noun		中高級		6
5322	barbarian	野蠻人、無教養的人；野蠻的、野蠻人的	noun/adj.		中高級		6
5323	barefoot	赤腳的；赤腳地	adj./adv.		中高級		
5324	barge	大型平底船	noun		中高級		
5325	barge	衝撞、亂闖	verb		中高級		
5326	barometer	氣壓計、指標	noun		中高級		
5327	barrack	起哄、喝倒采	verb		中高級		
5328	barracks	兵營、營房	noun	單複數同形	中高級		
5329	barren	貧瘠的、不毛的；不孕的；不結果實的	adj.		中高級		5
5330	barricade	障礙物、(設)路障；阻擋	noun/verb		中高級		
5331	bash	猛攻、痛擊	noun/verb		中高級		
5332	basically	基本上	adv.		中高級		
5333	basics	基礎、基本需要、基本設施	noun		中高級		2
5334	bass	低音、男低音、低音吉他；低音的	noun/adj.		中高級		6
5335	bastard	討厭鬼、壞蛋	noun		中高級		
5336	bastard	私生子；私生的	noun/adj.		中高級		
5337	batch	一批	noun		中高級		5
5338	battalion	(軍隊的)營部、隊伍	noun		中高級		
5339	batter	(棒球的)打擊手；麵糊	noun		中高級		6
5340	batter	連續猛擊、毆打	verb		中高級		6
5341	battlefield	戰場	noun		中高級		
5342	bazaar	(某些東方國家的)市集；義賣	noun		中高級		
5343	bearing	關係、影響；舉止、風度	noun		中高級		
5344	beautify	美化、裝飾	verb		中高級		6
5345	beckon	招手示意、舉手招喚	verb		中高級		
5346	beep	(電子設備的)嘟嘟聲、嗶嗶聲；發出嘟嘟或嗶嗶聲	noun/verb		中高級		6
5347	beforehand	事先、預先	adv.		中高級		6
5348	behalf	作為...的代表、代替...	noun		中高級	L9	5
5349	belongings	財務、擁有物、行李	noun		中高級		5
5350	beloved	深愛的、心愛的；愛人、心上人	adj./noun		中高級		5
5351	bent	彎曲的、駝背的	adj.		中高級		
5352	bent	天賦	noun		中高級		
5353	besiege	包圍、圍困	verb		中高級		
5354	betray	背叛、出賣、對...不忠誠	verb		中高級		5
5355	beverage	飲料	noun		中高級		6
5356	beware	小心、提防	verb		中高級		5
5357	bewilder	使困惑	verb		中高級		
5358	bias	偏見、偏袒；對...懷有偏見	noun/verb		中高級	L8	5
5359	bibliography	參考書目、文獻目錄	noun		中高級		
5360	bilateral	雙邊的、雙方的	adj.		中高級		6
5361	binding	必須遵守的，有法律約束力的	adj.		中高級		
5362	binding	(書籍的)封皮、鑲邊	noun		中高級		
5363	binoculars	雙筒望遠鏡	noun		中高級		
5364	biochemistry	生物化學	noun		中高級		
5365	biological	生物的、生物學的、親生的	adj.		中高級		5
5366	birdie	小鳥	noun		中高級		
5367	birdie	(高爾夫球)小鳥擊、比標準桿少一桿入洞	noun/verb		中高級		
5368	bitch	母狗；[冒犯]壞女人、潑婦	noun		中高級		
5369	bitch	說壞話	verb		中高級		
5370	bizarre	怪誕的、異乎尋常的	adj.		中高級		5
5371	blacksmith	鐵匠	noun		中高級		
5372	blade	刀片、刀刃；(機器上旋轉的)槳片、槳葉；(草的)葉片	noun		中高級		4
5373	bland	清淡的、平淡乏味的	adj.		中高級		
5374	blare	發出響亮刺耳的聲音；響亮刺耳的聲音	verb/noun		中高級		
5375	blast	狂風、強勁的氣流	noun		中高級		5
5376	blast	(突然發出的)響聲；發出巨大聲響	noun/verb		中高級		5
5377	blast	炸毀、爆破；爆炸	noun/verb		中高級		5
5378	blaze	熊熊燃燒；大火、烈火、火焰	verb/noun		中高級		6
5379	blaze	閃耀、發亮光；燦爛	verb/noun		中高級		6
5380	bleach	漂白、使褪色；漂白劑	verb/noun		中高級		6
5381	bleak	荒涼的、陰冷的、暗淡無望的	adj.		中高級		
5382	blizzard	暴風雪	noun		中高級		
5383	bloc	(政治利益類似的)集團、陣營	noun		中高級		
5384	blockade	包圍、封鎖	noun/verb		中高級		
5385	blot	墨水漬、汙點；把墨水濺到、弄髒	noun/verb		中高級		6
5386	blot	(用軟紙或布)吸乾液體	verb		中高級		6
5387	blues	藍調(音樂)	noun		中高級		
5388	blunder	粗心或愚蠢的錯誤；犯大錯	noun/verb		中高級		
5389	blunt	(鉛筆、刀等)鈍的、不鋒利的；直率的、直截了當的	adj.		中高級		6
5390	blunt	使變鈍、減弱	verb		中高級		6
5391	blur	模糊；使模糊不清	noun/verb		中高級		5
5392	bob	(在水中)快速上下擺動、快速移動；快速點頭或鞠躬	verb/noun		中高級		
5393	bob	(水中)快速擺動；(女)齊短髮、快速點頭	verb/noun		中高級		
5394	bodily	人體的、身體的	adj.		中高級		6
5395	bodily	移動全身地；親身地；全體地、整體地	adv.		中高級		6
5396	bodyguard	保鑣	noun		中高級		5
5397	bog	沼澤	noun		中高級		
5398	boiling	炙熱的	adj.		中高級		
5399	bolster	長靠枕	noun		中高級		
5400	bolster	加強、支撐、改善	verb		中高級		
5401	bolt	(門窗的)閂、螺栓；閃電、霹靂	noun		中高級		5
5402	bolt	閂上、用螺栓固定；(因受到驚嚇而)快跑、奔跑	verb		中高級		5
5403	bombard	轟炸、大量信息轟炸	verb		中高級		
5404	bomber	轟炸機、轟炸者	noun		中高級		
5405	bondage	束縛、奴役	noun		中高級		
5406	bonus	津貼、獎金	noun		中高級		5
5407	boom	繁榮、增長、迅速發展	noun/verb		中高級		5
5408	boom	隆隆聲；發出隆隆聲、轟鳴	noun/verb		中高級		5
5409	boost	使增加、幫助、提高	verb/noun		中高級		5
5410	booth	小亭、(有棚的)臨時貨攤、(餐廳裡的)隔間	noun		中高級		5
5411	boredom	無聊、厭煩	noun		中高級		5
5412	borough	自治區、行政區	noun		中高級		
5413	borrowing	借貸、借款額	noun		中高級		
5414	bosom	胸部、內心	noun		中高級		6
5415	botanical	植物的、植物學的、和植物有關的	adj.	= botanic	中高級		
5416	botany	植物學	noun		中高級		
5417	boulevard	林蔭大道、大街	noun		中高級		6
5418	bound	跳躍、跳動	verb/noun		中高級		5
5419	boundary	分界線、邊界	noun		中高級		5
5420	bout	(疾病的)發作	noun		中高級		
5421	bowel	腸	noun		中高級		
5422	bowler	玩保齡球者、(板球)投手	noun		中高級		
5423	boxer	拳擊手	noun		中高級		5
5424	boyhood	(男子的)孩童時期	noun		中高級		
5425	brace	托架、支架；牙箍	noun		中高級		6
5426	brace	支撐、加固；做準備、防備	verb		中高級		6
5427	bracket	括號；用括弧括上	noun/verb		中高級		
5428	braid	彩色穗帶、髮辮；編辮子	noun/verb		中高級		
5429	brassiere	胸罩	noun	= bra	中高級		6
5430	breach	(法規等的)違反、違背；(關係)中斷、終止；缺口	noun		中高級		
5431	breach	違反、違背；在...打開缺口	verb		中高級		
5432	breadth	寬度、(知識或興趣等的)廣泛	noun		中高級		6
5433	break-in	闖入、入室偷竊	noun		中高級		
5434	breakdown	故障、損壞；(關係的)破裂、(討論或系統的)失敗；精神崩潰、神經衰弱	noun		中高級		6
5435	breakthrough	重大進展、突破	noun		中高級		
5436	breakup	(關係的)破裂、中斷；(組織、國家的)分裂、分離	noun		中高級		6
5437	breeder	飼養者	noun		中高級		
5438	brew	啤酒；混合物	noun		中高級		
5439	brew	釀製(啤酒)、泡茶或咖啡；(壞事的)即將來臨、醞釀	verb		中高級		
5440	briefing	簡報、簡報會	noun		中高級		
5441	brigade	(軍隊的)旅、(有相同主張或信念的)隊伍或團體	noun		中高級		
5442	brink	(峭壁、河岸等的)邊緣、(事情發生的)邊緣	noun		中高級		6
5443	brisk	輕快的、生氣勃勃的	adj.		中高級		
5444	brittle	易碎的、脆弱的	adj.		中高級		
5445	broadcaster	廣播員、廣播電台或電視公司	noun		中高級		
5446	broaden	變寬、增長(經驗或知識)	verb		中高級		6
5447	brochure	小冊子、資料或廣告手冊	noun		中高級		6
5448	broil	炙烤、被曝曬	verb	= grill	中高級		6
5449	broker	經紀人、中間人；居中安排	noun/verb		中高級		
5450	bronze	青銅	noun		中高級		5
5451	brooch	胸針	noun	=pin, broach	中高級		
5452	brood	一窩雛鳥、一窩動物	noun		中高級		
5453	brood	擔憂、焦慮；孵蛋	verb		中高級		
5454	broth	(加入蔬菜烹煮的)肉湯、魚湯	noun		中高級		6
5455	brotherhood	手足情誼、兄弟關係	noun		中高級		6
5456	brow	額頭、眉毛	noun		中高級		2
5457	bruise	瘀傷、碰傷；撞傷、挫傷	noun/verb		中高級		5
5458	brute	野獸、殘暴的人、暴君；暴力的、蠻幹的	noun/adj.		中高級		
5459	buck	美元；雄鹿、公兔	noun		中高級		
5460	buck	(馬)弓背跳躍、尥起後蹄跳躍；反抗、抵制	verb		中高級		
5461	buckle	(皮帶等的)扣環、鎖扣；用扣環扣住	noun/verb		中高級		
5462	buffer	緩衝物、減震器、(電腦的)緩存區；減緩(傷害)、緩存	noun/verb		中高級		
5463	build-up	(重要事情的)準備過程、準備期	noun	= buildup, build up	中高級		
5464	build-up	增長、增大	noun	= buildup, build up	中高級		
5465	bulge	鼓起、凸起；暫時的激增、突然上漲	noun		中高級		
5466	bulge	塞滿、鼓脹凸起	verb		中高級		
5467	bulk	大部分、大規模、巨大的東西；加大、加重	noun/verb		中高級	L9	5
5468	bulky	龐大的、笨重的、高大肥胖的	adj.		中高級	L9	6
5469	bully	仗勢欺人者、恃強凌弱者；脅迫、霸凌	noun/verb		中高級		5
5470	bunker	地堡、(高爾夫球球場上的)沙坑	noun		中高級		
5471	bureaucracy	官僚作風、官僚體制	noun		中高級		5
5472	bureaucrat	官僚、官僚主義者	noun		中高級		6
5473	bureaucratic	官僚的、繁文縟節的	adj.		中高級		
5474	burial	埋葬、葬禮	noun		中高級		5
5475	bust	破碎的、毀壞的	adj.		中高級		
5476	bust	半身像；胸圍；逮捕、搜捕	noun		中高級		
5477	bust	打破、摔碎；突擊搜捕	verb		中高級		
5478	bypass	繞過、避開；旁道	verb/noun		中高級		6
5479	byte	(電腦訊息)位元組	noun		中高級		
5480	cactus	仙人掌	noun		中高級		
5481	caffeine	咖啡因	noun		中高級		6
5482	calcium	鈣	noun		中高級		5
5483	calculated	預先計畫的、蓄意的	adj.		中高級		
5484	calculating	工於心計的、精明的	adj.		中高級		
5485	calf	小牛；小腿肚	noun		中高級		
5486	calligraphy	書法	noun		中高級		6
5487	calorie	(熱量)卡路里	noun		中高級		4
5488	campaigner	從事社會運動者、運動倡導者	noun		中高級		
5489	cannon	大砲	noun		中高級		
5490	cannon	碰撞	verb		中高級		
5491	capability	能力、性能	noun		中高級		5
5492	capsule	膠囊、小盒；太空艙	noun		中高級		6
5493	captive	被監禁的、被關起來的；俘虜、戰俘	adj./noun		中高級		6
5494	captivity	囚禁	noun		中高級		6
5495	carbohydrate	碳水化合物	noun		中高級		
5496	cardboard	硬紙板	noun		中高級		6
5497	cardinal	極重要的、基本的	adj.		中高級		6
5498	cardinal	樞機主教；基數；紅衣鳳頭鳥(見於北美，雄鳥為鮮紅色)	noun		中高級		6
5499	carefree	無憂無慮的	adj.		中高級		6
5500	caress	撫摸、愛撫	verb/noun		中高級		
5501	caretaker	(建築物的)管理員、看門者	noun		中高級		6
5502	caretaker	照顧者、護理員	noun	= carer	中高級		6
5503	carnation	康乃馨	noun		中高級		
5504	carnival	嘉年華、狂歡節、露天遊樂會	noun		中高級		5
5505	carol	歡快的歌、聖誕頌歌；歡快地歌唱、唱頌歌	noun/verb		中高級		
5506	carp	不停抱怨、挑剔	verb		中高級		
5507	carrier	運送人、運輸工具、航空公司；病原攜帶者、帶原者	noun		中高級		4
5508	cartel	同業聯盟	noun		中高級		
5509	carton	硬紙盒、塑膠盒	noun		中高級		6
5510	cashier	撤銷...的軍職、免除...的軍籍	verb		中高級		6
5511	casino	賭場	noun		中高級		5
5512	caste	(印度社會的)種姓制度、社會階層	noun		中高級		
5513	catastrophe	大災難、困境、不幸事件	noun		中高級		6
5514	category	種類、類別	noun		中高級	L2	4
5515	cater	承辦宴席、提供飲食；滿足需要、迎合	verb		中高級		6
5516	catering	餐飲業、酒席承辦	noun		中高級		
5517	cathedral	大教堂	noun		中高級		5
5518	caution	謹慎、慎重；告誡、警告、提醒	noun		中高級		5
5519	caution	警告、告誡	verb		中高級		5
5520	cautious	謹慎的	adj.		中高級		5
5521	cavalry	騎兵	noun		中高級		
5522	cavity	洞(孔、腔)、齲齒	noun		中高級		6
5523	ceasefire	停火、停戰	noun		中高級		
5524	celebrated	著名的、聞名的	adj.		中高級		
5525	celebrity	名人、名氣	noun		中高級		5
5526	celery	芹菜	noun		中高級		6
5527	cellar	地窖、地下室	noun		中高級		
5528	cello	大提琴	noun		中高級		
5529	Celsius	攝氏溫度	noun	=centigrade, 縮寫C	中高級		6
5530	cemetery	墓園、公墓	noun		中高級		5
5531	census	(官方的)調查、人口普查	noun		中高級		6
5532	ceramic	陶瓷的；陶瓷、陶瓷製品	adj./noun		中高級		6
5533	certainty	確實、必然	noun		中高級		5
5534	certify	(用書面形式)證明、證實	verb		中高級		6
5535	challenged	[委婉說法]有殘疾的	adj.		中高級	L5	
5536	challenger	挑戰者	noun		中高級		
5537	challenging	有挑戰性的、挑起爭論的	adj.		中高級		
5538	champagne	香檳酒	noun		中高級		6
5539	chant	聖歌、反覆吟詠的禱文、反覆呼喊或吟唱的話語	noun		中高級		6
5540	chant	反覆吟唱、反覆呼喊；唱聖歌、反覆吟誦禱文	verb		中高級		6
5541	chaos	混亂、無秩序狀態	noun		中高級		5
5542	chapel	小教堂	noun		中高級		5
5543	chapped	(皮膚或唇)裂開的	adj.		中高級		
5544	characterize	以…為特徵	verb	= characterise (British English)	中高級		5
5545	charcoal	木炭	noun		中高級		
5546	chariot	(古時用於比賽或戰爭的)雙輪馬車	noun		中高級		
5547	charitable	慈善的、慈善團體的、仁慈的	adj.		中高級		6
5548	charter	憲章、章程；許可證；(交通工具的)租賃	noun		中高級		
5549	charter	特許設立、發給許可證；包租(交通工具)	verb		中高級		
5550	chatter	喋喋不休的談話；(動物的)鳴叫聲；牙齒打顫的咯咯聲	noun		中高級		
5551	chatter	嘮叨、喋喋不休；(動物的)鳴叫、吱吱叫；(牙齒因冷或害怕)打顫	verb		中高級		
5552	checkbook	支票簿	noun	=chequebook (British English)	中高級		
5553	checked	格子花紋的	adj.		中高級		
5554	checkup	檢查、體檢	noun		中高級		6
5555	chef	廚師、主廚	noun		中高級		5
5556	chest	(常為木製的)箱子	noun		中高級		3
5557	chestnut	栗色的、紅褐色的	adj.		中高級		6
5558	chestnut	栗子；栗樹；栗色、紅褐色	noun		中高級		6
5559	chilli	辣椒	noun	= chili	中高級		
5560	chimpanzee	黑猩猩	noun		中高級		6
5561	chirp	(鳥或蟲)發啁啾聲、唧唧叫；(鳥或蟲的)啁啾聲、唧唧聲	verb/noun		中高級		6
5562	chisel	鑿、雕刻；鑿子	verb/noun		中高級		
5563	choir	唱詩班、合唱團	noun		中高級		5
5564	cholesterol	膽固醇	noun		中高級		6
5565	chord	(音樂的)和弦、和音；弦(數學中連接圓上任一兩點的線段)	noun		中高級		5
5566	chronic	(尤指疾病)慢性的、長期的	adj.		中高級		5
5567	chuck	(固定鑽頭等用的)卡盤、夾盤；牛肩胛肉	noun		中高級		
5568	chuck	(隨意地)拋、扔、甩；放棄、停止、終止(戀愛關係)	verb		中高級		
5569	chuckle	低聲輕笑、輕聲地笑	verb/noun		中高級		
5570	chunk	大塊、大量	noun		中高級		5
5571	circuit	環行路線、環形道路；電路、線路；巡迴、巡遊、巡迴賽	noun		中高級		5
5572	circumference	圓周、周長	noun		中高級		
5573	cite	引用、引述；舉例、列舉示例；嘉獎、表彰、表揚	verb		中高級	L6	5
5574	civic	城市的、市民的	adj.		中高級		5
5575	clam	蛤蜊、蚌	noun		中高級		6
5576	clamp	夾鉗；鉗緊、夾住	noun/verb		中高級		
5577	clan	宗族、家族	noun		中高級		
5578	clarity	清楚、明確	noun		中高級		5
5579	clasp	(包、皮帶或首飾的)扣子、扣環	noun		中高級		6
5580	clasp	緊抱、緊握、抓緊	verb/noun		中高級		6
5581	clause	(語法的)分句、子句；(法律文件的)條款	noun		中高級	L5	5
5582	cleanse	清潔(皮膚或傷口)、淨化	verb		中高級		
5583	cleanup	清掃	noun	= clean-up	中高級		
5584	clearance	清除、清理、清掃；間距、間隙	noun		中高級		6
5585	clearing	清掃、林中空地	noun		中高級		
5586	clench	捏緊(拳頭)、咬緊	verb/noun		中高級		
5587	clinch	擁抱、扭抱	noun		中高級		
5588	clinch	贏得、成功取得	verb		中高級		
5589	cling	緊抱、抓緊；黏住、附著、貼近	verb		中高級		5
5590	clinical	門診的、臨床的	adj.		中高級		5
5591	clockwise	順時針方向地；順時針方向的	adv./adj.		中高級		6
5592	clone	無性繁殖、複製、複製品；無性繁殖、複製	noun/verb		中高級		6
5593	closed	閉關自守的、不接受新思想的	adj.		中高級		
5594	closure	關閉、停業、倒閉	noun		中高級		6
5595	clover	苜蓿、三葉草	noun		中高級		
5596	cluster	團、串；成簇、群聚	noun/verb		中高級		5
5597	clutch	緊握、抱緊、(因害怕或痛苦)突然抓住	verb/noun		中高級		
5598	coalition	聯合、(政黨或國家)結盟	noun		中高級		6
5599	coastal	沿海的	adj.		中高級		
5600	coastline	海岸線	noun		中高級		6
5601	cocaine	古柯鹼	noun		中高級		5
5602	cockpit	(飛機或船的)駕駛艙、(賽車的)駕駛座	noun		中高級		
5603	cocoon	繭、保護膜、避風港；將...裹住、把...包緊	noun/verb		中高級		
5604	coffin	棺材、靈柩	noun		中高級		5
5605	coherent	(看法、論點)連貫的、條理清晰的	adj.		中高級	L9	5
5606	coil	(繩索、頭髮或電線等的)捲、圈；盤繞、捲成捲狀	noun/verb		中高級		
5607	coincide	同時發生、相符、一致	verb		中高級	L9	
5608	collaboration	合作、勾結	noun		中高級		5
5609	collected	冷靜的、鎮定的	adj.		中高級		
5610	collected	收集成冊的、收集成系列的	adj.		中高級		
5611	collective	集體的、共同的；企業集團、集體企業	adj./noun		中高級		5
5612	collector	收集者、收藏家	noun		中高級		5
5613	collide	相撞、衝突	verb		中高級		
5614	collision	碰撞(事故)、衝突牴觸	noun		中高級		6
5615	colloquial	口語的	adj.		中高級		6
5616	colonel	上校	noun		中高級		
5617	colonial	殖民的、殖民主義的、具有殖民地風格的；殖民地居民	adj./noun		中高級		5
5618	columnist	專欄作家	noun		中高級		5
5619	combat	戰鬥、打鬥	noun/verb		中高級		5
5620	comeback	復出、再度受歡迎	noun		中高級		
5621	comedown	衰落、落魄	noun		中高級		
5622	comet	彗星	noun		中高級		6
5623	comma	逗號	noun		中高級		3
5624	commemorate	紀念、緬懷	verb		中高級		
5625	commence	開始	verb		中高級	L9	
5626	commend	稱讚、表揚、推薦	verb		中高級		
5627	commentary	評論、註釋、實況報導	noun		中高級		5
5628	commentator	評論員、實況播音員	noun		中高級		5
5629	commissioner	委員、專員、(政府部門的)首長或長官	noun		中高級		
5630	commodity	商品、貨物、有價值的事物	noun		中高級	L8	5
5631	commonplace	平凡的、普通的；常見的事	adj./noun		中高級		6
5632	commonwealth	聯邦、自治政區	noun		中高級		6
5633	communal	共享的、公共的	adj.		中高級		
5634	communicative	健談的、溝通的、語言交際能力的	adj.		中高級		6
5635	communism	共產主義	noun		中高級		5
5636	commute	用...替代、變換；減輕(刑罰)	verb		中高級		5
5637	commute	通勤	verb/noun		中高級		5
5638	commuter	通勤者	noun		中高級		5
5639	compact	小型的、結實的、簡潔的；使緊密；小型車	adj./verb/noun		中高級		5
5640	companionship	友誼、情誼	noun		中高級		
5641	comparable	(大小、數量或品質上)相當的、類似的	adj.		中高級		5
5642	compartment	車廂隔間、隔間	noun		中高級		
5643	compass	羅盤、指南針、圓規；範圍、界線	noun		中高級		6
5644	compass	包圍	verb		中高級		6
5645	compassion	同情、憐憫	noun		中高級		5
5646	compassionate	有同情心的	adj.		中高級		5
5647	compatible	相容的、可共存的	adj.		中高級	L9	5
5648	compel	強迫、迫使	verb		中高級		5
5649	compelling	(理由或論證等)令人信服的、很有說服力的；引人入勝的、令人信服的	adj.		中高級		
5650	compensate	賠償、彌補	verb		中高級	L3	5
5651	compensation	補償、補償物、賠償金	noun		中高級		5
5652	competence	能力、本領；(法庭、機構或人的)權限、管轄權	noun		中高級		5
5653	competent	有能力的、稱職的、合格的	adj.		中高級		5
5654	competing	只能選其一的、不能同時接受的	adj.		中高級		
5655	compile	編纂、編譯	verb		中高級	L10	6
5656	complement	補充、使完美；補充物、足數、(語法)補語	verb/noun		中高級	L8	6
5657	complex	(尤指過去的不快經驗造成的)情結	noun		中高級	L2	2
5658	complexion	面色、氣色、性質	noun		中高級		6
5659	complexity	複雜性、難懂	noun		中高級		5
5660	complication	複雜(化)、困難、併發症	noun		中高級		5
5661	comply	遵守、服從	verb		中高級		5
5662	component	構成要素、成分、零件；組成的、構成的	noun/adj.		中高級	L3	5
5663	composite	合成的、複合的；合成物	adj./noun		中高級		
5664	comprehend	理解、領悟	verb		中高級		5
5665	comprehensive	詳盡的、全面的	adj.		中高級	L7	6
5666	compress	(止血消炎用)敷布	noun		中高級		
5667	compress	壓縮、壓緊、精簡(資訊、文字等)	verb		中高級		
5668	comprise	包括、組成	verb		中高級	L7	5
5669	compromise	妥協、折衷、讓步	noun/verb		中高級		5
5670	compulsory	義務的、必修的、強制的	adj.		中高級		5
5671	computerize	使電腦化、用電腦處理	verb		中高級		6
5672	computing	電腦操作、電腦學	noun		中高級		
5673	comrade	戰友、(共產黨的)同志	noun		中高級		6
5674	con	騙局；不利條件、弊病	noun		中高級		
5675	con	欺詐、詐騙	verb		中高級		
5676	concede	(勉強地)承認、認輸、讓步	verb		中高級		5
5677	conceit	自負、驕傲自大；(尤指詩歌中)巧妙的比喻	noun		中高級		
5678	conceive	構想、抱持(想法、感情)；受孕、懷孕	verb		中高級	L10	5
5679	conception	構想、概念、理解；懷孕、受孕	noun		中高級	L1	5
5680	concession	妥協、讓步、承認	noun		中高級		6
5681	concise	簡明扼要的	adj.		中高級		6
5682	condemn	譴責、判刑、迫使處於(不幸狀態)	verb		中高級		5
5683	condemnation	譴責、定罪	noun		中高級		
5684	condense	(使氣體)凝結、濃縮(液體)、簡縮(文字等)	verb		中高級		6
5685	condom	保險套	noun		中高級		
5686	confederation	聯盟、(加拿大)聯邦	noun		中高級		6
5687	confer	商討、協商；授予(獎項、學位、榮譽等)	verb		中高級	L4	
5688	confession	認罪、承認、告解	noun		中高級		5
5689	confidential	機密的、祕密的	adj.		中高級		5
5690	configuration	結構、配置、格局	noun		中高級		
5691	conform	順從、遵守、相符合	verb		中高級	L8	5
5692	congressional	立法機關的、(美國)國會的	adj.		中高級		
5693	congressman	國會議員、(尤指美國的)眾議會議員	noun		中高級		5
5694	congresswoman	(美國眾議院)國會女議員	noun		中高級		6
5695	conquest	征服、佔領地、被俘虜的人	noun		中高級		6
5696	conscientious	有良心的、認真勤勉的、謹慎的	adj.		中高級		6
5697	consciousness	知覺、意識	noun		中高級		
5698	consecutive	連續不斷的	adj.		中高級		5
5699	consensus	共識	noun		中高級	L3	5
5700	consent	同意、贊成	noun/verb		中高級	L3	5
5701	conservation	(對自然環境或歷史建築的)保育、保護、節約	noun		中高級		5
5702	conserve	蜜餞、糖漬食品	noun		中高級		6
5703	conserve	保存、保護、節約	verb		中高級		6
5704	considering	考慮到、就...而言、鑒於	prep./conj./adv.		中高級		
5705	consolation	安慰、慰藉	noun		中高級		6
5706	console	安慰、慰問	verb		中高級		6
5707	consolidate	鞏固、加強；合併、聯合	verb		中高級		
5708	consortium	財團、聯營企業	noun		中高級		
5709	conspicuous	顯眼的、引人注目的	adj.		中高級		
5710	conspiracy	陰謀、密謀	noun		中高級		6
5711	constable	(低階)警察	noun		中高級		
5712	constituency	選區、選區選民、支持者	noun		中高級		
5713	constituent	構成的	adj.		中高級		
5714	constituent	成分、要素；選民	noun		中高級		
5715	constitutional	符合憲法的、憲法准許的；體質的	adj.		中高級		5
5716	constrain	強迫、限制	verb		中高級	L3	
5717	constraint	限制、約束	noun		中高級		5
5718	consultation	諮詢、商議、協商會	noun		中高級		5
5719	consuming	消耗(時間或精力)的、(感情)強烈的	adj.		中高級		
5720	consumption	消耗(量)、消費	noun		中高級		5
5721	contagious	(疾病)接觸傳染的、(人)患傳染病的、(情感)具感染力的	adj.		中高級		5
5722	contaminant	污染物	noun		中高級		
5723	contaminate	污染、玷汙	verb		中高級		5
5724	contemplate	仔細考慮、思忖、凝視	verb		中高級		5
5725	contemplation	深思、凝視	noun		中高級		
5726	contempt	輕蔑、鄙視	noun		中高級		5
5727	contend	聲稱、主張；競爭、爭奪	verb		中高級		5
5728	contender	競爭者、角逐者	noun		中高級		
5729	contention	爭論、論點	noun		中高級		6
5730	contentment	滿意、知足	noun		中高級		
5731	contestant	競賽選手、競爭者	noun		中高級		6
5732	contingent	視...而定的、取決於...的；偶然的、可能的	adj.		中高級		
5733	contingent	(代表某一組織或國家的)代表團、(軍隊的)小分隊；偶然事件	noun		中高級		
5734	continuity	連續性、連貫	noun		中高級		6
5735	contractor	承包商	noun		中高級		5
5736	contradict	反駁、牴觸	verb		中高級	L8	6
5737	contradiction	矛盾、牴觸、反駁	noun		中高級		
5738	contradictory	相互矛盾的、不一致的	adj.		中高級		
5739	contributor	捐贈者、貢獻者；投稿人	noun		中高級		
5740	contrive	設計、發明；巧妙安排、策畫；設法做到	verb		中高級		
5741	controller	管理者、指揮者；控制器、調節器	noun		中高級		3
5742	controversial	有爭議的	adj.		中高級	L9	5
5743	controversy	爭議、辯論	noun		中高級	L9	5
5744	convene	召開、開會	verb		中高級	L3	6
5745	converge	相交、會合、聚集	verb		中高級		
5746	conversely	相反地	adv.		中高級	L9	
5747	conversion	改變、轉換、改變信仰或態度	noun		中高級	L7	5
5748	convert	轉換、改變信仰；皈依者	verb/noun		中高級	L7	5
5749	convertible	敞篷車；可轉換的、可兌換的	noun/adj.		中高級		
5750	convict	證明有罪、定罪；服刑囚犯	verb/noun		中高級		5
5751	conviction	定罪、判罪；信念、堅信	noun		中高級		5
5752	convoy	(尤指有護衛的)艦隊、車隊；護衛、護送	noun/verb		中高級		
5753	coordinate	同一類別的、同等重要的	adj.		中高級	L3	5
5754	coordinate	座標	noun		中高級	L3	5
5755	coordinate	協調、相配	verb		中高級	L3	5
5756	cop	警察、員警；逮捕、拘捕	noun		中高級		2
5757	cop	逮捕、拘捕；抓、拿、握	verb		中高級		2
5758	copyright	版權、著作權	noun		中高級		5
5759	coral	珊瑚、珊瑚色的	noun/adj.		中高級		6
5760	cordial	熱情友好的、誠摯的	adj.		中高級		
5761	core	果核、核心；去核	noun/verb		中高級	L3	5
5762	cork	軟木塞、用軟木塞封瓶	noun/verb		中高級		
5763	corporate	公司的、法人的	adj.		中高級	L3	5
5764	corps	兵團、部隊、(從事特定工作的)團、組	noun		中高級		
5765	corpse	屍體	noun		中高級		6
5766	correction	修正、改正、懲治	noun		中高級		
5767	correlate	相互關聯	verb		中高級		
5768	correlation	相關性、關聯	noun		中高級		5
5769	correspondence	關聯；通信、信件	noun		中高級		6
5770	correspondent	一致的、對應的	adj.		中高級		5
5771	corrode	侵蝕、腐蝕、損害	verb		中高級		
5772	corrupt	貪污腐敗的、墮落的；使腐敗	adj./verb		中高級		5
5773	corruption	貪污腐敗、 墮落、腐爛	noun		中高級		5
5774	cosmetic	化妝用的、表面的	adj.		中高級		6
5775	cosmetics	化妝品	noun		中高級		6
5776	cosmic	宇宙的	adj.		中高級		
5777	cosmopolitan	來自世界各地的、國際性的	adj.		中高級		
5778	cosmopolitan	見多識廣者	noun		中高級		
5779	costing	成本計算	noun		中高級		
5780	councilor	(州、市、鎮等)議會議員	noun	= councillor (British English)	中高級		
5781	counsel	建議、忠告；律師	noun		中高級		5
5782	counsel	提供諮詢、勸告	verb		中高級		5
5783	counselor	顧問、輔導員	noun	= counsellor (British English)	中高級		5
5784	countable	可數的	adj.		中高級		3
5785	counterclockwise	逆時針方向地；逆時針方向的	adv./adj.		中高級		
5786	counterpart	對應的人(或物)	noun		中高級		6
5787	countless	無數的、不計其數的	adj.		中高級		
5788	coup	意想不到的成功；政變	noun		中高級		
5789	coupon	優惠券、配給券	noun		中高級		6
5790	courier	信差、遞送員	noun		中高級		
5791	courtyard	庭院、天井	noun		中高級		6
5792	coverage	新聞報導、覆蓋範圍	noun		中高級		5
5793	covering	覆蓋物	noun		中高級		
5794	covet	貪圖、覬覦	verb		中高級		
5795	cowardly	膽小懦弱的	adj.		中高級		6
5796	cozy	舒適愜意的	adj.	= cosy (British English)	中高級		6
5797	crackdown	鎮壓、打擊	noun		中高級		6
5798	cracker	薄脆餅乾；爆竹、彩色拉炮	noun		中高級		6
5799	cramp	痙攣、抽筋	noun		中高級		6
5800	cramp	束縛、阻礙	verb		中高級		6
5801	crap	[冒犯]劣質的、差勁的	adj.		中高級		
5802	crap	[冒犯]廢話、胡扯、垃圾、排泄物	noun		中高級		
5803	crap	[冒犯]拉屎	verb		中高級		
5804	crater	火山口、(隕石)坑	noun		中高級		6
5805	creak	嘎吱聲；嘎吱作響	noun/verb		中高級		
5806	creativity	創造力	noun		中高級		4
5807	credibility	可信度、可靠性	noun		中高級		5
5808	credible	可信的	adj.		中高級		6
5809	creditor	債權人、貸方	noun		中高級		
5810	creek	小溪	noun		中高級		5
5811	crib	嬰兒床	noun		中高級		
5812	crib	抄襲(作弊)、剽竊	verb		中高級		
5813	criterion	標準、準則	noun		中高級	L3	5
5814	crocodile	鱷魚	noun		中高級		6
5815	crook	彎曲(部分)、曲柄杖	noun		中高級		
5816	crook	使(手指或手臂)彎曲	verb		中高級		
5817	crooked	彎曲的、歪的；欺詐的	adj.		中高級		
5818	cross-country	越野賽；越野的；橫越全國地	noun/adj./adv.		中高級		
5819	crossing	交叉口、十字路口、橫渡	noun	= pedestrian crossing, zebra crossing, crosswalk	中高級		6
5820	crouch	蹲(下)、俯蹲(姿勢)	verb/noun		中高級		
5821	crucial	重要的、決定性的	adj.		中高級	L8	5
5822	crude	未加工的、粗野的、粗陋的	adj.		中高級		5
5823	cruise	乘船遊覽、航行	noun/verb		中高級		5
5824	cruiser	遊艇、巡洋艦、巡邏車	noun		中高級		
5825	crumb	食物碎屑、麵包屑	noun		中高級		
5826	crumble	酥皮水果甜點	noun		中高級		
5827	crumble	使成碎屑、崩壞	verb		中高級		
5828	crunch	(發出)碎裂聲；嘎吱作響(聲)	verb/noun		中高級		
5829	crunchy	(食物)酥脆的	adj.		中高級		4
5830	crust	硬皮、外殼；麵包皮	noun		中高級		
5831	cube	立方體；求…立方、切成小方塊	noun/verb		中高級		4
5832	cubic	立方的	adj.		中高級		
5833	cuisine	烹飪、菜餚	noun		中高級		5
5834	culminate	以…告終、結束	verb		中高級		
5835	cult	受特定群體歡迎的	adj.		中高級		
5836	cult	狂熱崇拜、邪教	noun		中高級		
5837	cumulative	累積的	adj.		中高級		6
5838	curb	抑制、約束	verb/noun		中高級		6
5839	curfew	宵禁(時間)	noun		中高級		6
5840	currency	貨幣；流通、流傳	noun		中高級	L8	5
5841	curriculum	(學校)全部課程	noun		中高級		5
5842	curry	咖哩；烹製咖哩	noun/verb		中高級		6
5843	custody	保管、監護(權)、羈押	noun		中高級		5
5844	customary	習俗的、一貫的	adj.		中高級		6
5845	cutting	刻薄的	adj.		中高級		
5846	cutting	剪報、插枝	noun		中高級		
5847	cylinder	圓柱體；(引擎的)氣缸	noun		中高級		
5848	cynical	憤世嫉俗的、悲觀的	adj.		中高級		6
5849	daffodil	水仙花	noun		中高級		
5850	dame	女爵士	noun		中高級		
5851	dandruff	頭皮屑	noun		中高級		
5852	daring	勇敢的、大膽的；勇敢、膽量	adj./noun		中高級		
5853	dart	飛鏢	noun		中高級		
5854	dart	飛奔；猛然一瞥	verb		中高級		
5855	day-to-day	每天的、例行的	adj.		中高級		
5856	daybreak	黎明	noun		中高級		
5857	dazzle	使目眩、使讚嘆；耀眼炫目	verb/noun		中高級		6
5858	deadly	致命的、極度的；極其	adj./adv.		中高級		5
5859	deafen	使聽不見	verb		中高級		6
5860	dealer	商人、經銷商	noun		中高級		3
5861	dealing	交易、商業往來	noun		中高級		
5862	debris	殘骸、碎片	noun		中高級		5
5863	debut	初次演出、初次亮相	noun		中高級		5
5864	decent	正派的、正經的、相當不錯的	adj.		中高級		5
5865	decimal	十進位的	adj.		中高級		
5866	decimal	小數	noun		中高級		
5867	decisive	決定性的、果斷的	adj.		中高級		
5868	decorative	裝飾性的	adj.		中高級		
5869	decree	法令、判決；頒布	noun/verb		中高級		
5870	dedicate	獻出(時間、精力)給…、(把著作、演出等)獻給	verb		中高級		5
5871	dedicated	盡心盡力的、獻身的	adj.		中高級		
5872	dedication	獻身、奉獻	noun		中高級		6
5873	deduce	推論、演繹	verb		中高級	L3	
5874	deduct	扣除	verb		中高級		6
5875	deduction	演繹、扣除(額)	noun		中高級		
5876	deem	認為、相信	verb		中高級		6
5877	deepen	使加深、變糟、使變低	verb		中高級		3
5878	default	違約；預設值	noun		中高級		6
5879	default	違約、不清償債務	verb		中高級		6
5880	defect	缺陷	noun		中高級		6
5881	defect	背叛、叛變	verb		中高級		6
5882	defendant	被告	noun		中高級		5
5883	defender	守衛者、保護人、防守隊員	noun		中高級		
5884	defensible	可辯解的、有正當理由的	adj.		中高級		4
5885	defiance	違抗、拒絕服從	noun		中高級		
5886	defiant	反抗的、挑釁的	adj.		中高級		
5887	deficiency	缺乏、缺陷	noun		中高級		
5888	deficient	缺乏的、有缺陷的	adj.		中高級		
5889	definitive	最後的、決定性的	adj.		中高級		6
5890	defy	違抗、反抗	verb		中高級		5
5891	degenerate	衰退、惡化；墮落的；墮落的人	verb/adj./noun		中高級		
5892	degrade	貶低、侮辱、使惡化	verb		中高級		
5893	delegation	代表團、委派	noun		中高級		5
5894	deliberate	故意的；小心謹慎的	adj.		中高級		5
5895	deliberate	仔細考慮	verb		中高級		5
5896	delinquent	犯法的；逾期未付的	adj.		中高級		
5897	delinquent	青少年犯	noun		中高級		
5898	demise	終止、死亡	noun		中高級		
5899	demonstrator	示威者；示範者	noun		中高級		
5900	denial	否認、拒絕	noun		中高級		5
5901	denote	象徵、意指	verb		中高級	L8	
5902	denounce	譴責、告發	verb		中高級		
5903	density	濃度、密度	noun		中高級		5
5904	dental	牙齒的、牙科的	adj.		中高級		6
5905	depict	描繪、描述	verb		中高級		5
5906	deplete	消耗、耗盡	verb		中高級		6
5907	deploy	部署(軍隊或武器)、有效利用	verb		中高級		5
5908	deployment	部署、有效利用	noun		中高級		
5909	deport	驅逐出境	verb		中高級		
5910	deprive	剝奪、使喪失	verb		中高級		6
5911	derive	來自、衍生、獲得	verb		中高級	L1	5
5912	descend	下來、下降	verb		中高級		5
5913	descendant	後裔	noun		中高級		
5914	descent	下來、下降；血統	noun		中高級		6
5915	descriptive	描寫的、敘述的	adj.		中高級		5
5916	designate	新任命的	adj.		中高級		
5917	designate	指定、指派、標明	verb		中高級		
5918	despise	鄙視、看不起	verb		中高級		6
5919	destined	注定的、預定的	adj.		中高級		6
5920	destiny	命運	noun		中高級		5
5921	detach	拆卸、使分離、派遣	verb		中高級		6
5922	detached	分離的；不帶感情的、超然的	adj.		中高級		
5923	detain	拘留、耽擱	verb		中高級		6
5924	detection	偵查、探測	noun		中高級		
5925	detention	拘留、扣押、(作為懲罰的)課後留校	noun		中高級		6
5926	deter	阻止、威懾、使斷念	verb		中高級		6
5927	deteriorate	變壞、惡化	verb		中高級		
5928	deterioration	惡化	noun		中高級		
5929	devalue	(貨幣)貶值、貶低	verb		中高級		
5930	devastate	重創、摧毀、使震驚或悲痛	verb		中高級		
5931	devastating	毀滅性的、驚人的	adj.		中高級		
5932	developed	先進的、已開發的、成熟的	adj.		中高級		
5933	developer	開發商、開發者	noun		中高級		
5934	developing	發展中的、開發中的	adj.		中高級		
5935	deviate	偏離、脫軌	verb		中高級	L8	
5936	devour	狼吞虎嚥、吞噬、如飢似渴地讀	verb		中高級		6
5937	dew	露水	noun		中高級		4
5938	diabetes	糖尿病	noun		中高級		6
5939	diagnose	診斷	verb		中高級		5
5940	diagnosis	診斷	noun		中高級		5
5941	diagram	圖表、示意圖	noun		中高級		4
5942	diameter	直徑	noun		中高級		5
5943	diaper	尿布	noun		中高級		5
5944	dictator	獨裁者	noun		中高級		6
5945	dictatorship	獨裁統治、獨裁國家	noun		中高級		6
5946	diesel	柴油	noun		中高級		6
5947	differentiate	區分、使不同	verb		中高級	L7	6
5948	diffuse	擴散、散佈、(光)漫射	verb		中高級		
5949	dilemma	困境	noun		中高級		5
5950	dilute	稀釋、削弱；稀釋的	verb/adj.		中高級		
5951	dimension	尺寸；方面、面向	noun		中高級	L4	5
5952	diminish	減少、削弱、貶損	verb		中高級	L9	5
5953	diplomacy	外交、外交技巧	noun		中高級		6
5954	diplomatic	外交的、圓滑的	adj.		中高級		5
5955	directive	指令、命令	noun		中高級		6
5956	directory	目錄、指南	noun		中高級		5
5957	disability	缺陷、障礙	noun		中高級		4
5958	disable	使喪失能力、使無效或不能運轉	verb		中高級		6
5959	disagreement	意見不一、分歧	noun		中高級		
5960	disastrous	災難性的、完全失敗的	adj.		中高級		6
5961	disbelief	不信、懷疑	noun		中高級		6
5962	discern	識別、察覺出、分辨出	verb		中高級		
5963	discharge	准許(某人)離開、排出、放電	verb/noun		中高級		6
5964	disciple	信徒、追隨者	noun		中高級		6
5965	disciplinary	紀律的、懲戒的	adj.		中高級		6
5966	disclose	揭露、使顯露	verb		中高級		5
5967	disclosure	揭露、公開(的事情)	noun		中高級		6
5968	discomfort	不舒服、不自在	noun		中高級		6
5969	discredit	名譽受損	verb/noun		中高級		
5970	discreet	謹慎的、考慮周延的	adj.		中高級		6
5971	discrepancy	差異、不一致	noun		中高級		
5972	discrete	分離的	adj.		中高級	L5	
5973	discretion	決定權、判斷力	noun		中高級		
5974	discriminate	辨別；歧視	verb		中高級	L6	5
5975	discrimination	歧視；辨別能力	noun		中高級		5
5976	disgrace	恥辱、丟臉(的人或事)；丟臉	noun/verb		中高級		6
5977	disgraceful	可恥的、不光彩的	adj.		中高級		
5978	disintegrate	碎裂、崩潰瓦解	verb		中高級		
5979	dismantle	拆解(機器或結構)、廢除	verb		中高級		
5980	dismay	沮喪、失望	noun/verb		中高級		6
5981	dismissal	解雇、不予考慮、駁回	noun		中高級		
5982	dispatch	快訊	noun	= despatch (British English)	中高級		
5983	dispatch	派遣、發送	verb/noun	= despatch (British English)	中高級		
5984	dispensable	可有可無的、不重要的	adj.		中高級		6
5985	dispense	分發、提供、配藥	verb		中高級		6
5986	disperse	驅散、散開、傳播	verb		中高級		
5987	displace	取代、迫使離開、移開	verb		中高級	L8	
5988	displease	使不高興	verb		中高級		
5989	disposable	拋棄式的；拋棄式物品	adj./noun		中高級	L7	6
5990	disposal	處理、清除、處置權	noun		中高級		6
5991	dispose	配置、處理、使傾向於	verb		中高級	L7	6
5992	disposition	性情、傾向	noun		中高級		
5993	disregard	不顧、漠視	verb/noun		中高級		
5994	disrupt	擾亂、中斷	verb		中高級		5
5995	dissent	異議、持不同意見	noun/verb		中高級		6
5996	dissident	持不同政見者；持不同政見的	noun/adj.		中高級		
5997	dissipate	消散、消磨、揮霍	verb		中高級		
5998	dissuade	勸阻	verb		中高級		
5999	distill	蒸餾、濃縮	verb	= distil (British English)	中高級		
6000	distinctive	有特色的	adj.		中高級		5
6001	distort	使變形、曲解	verb		中高級	L9	
6002	distract	使分心	verb		中高級		5
6003	distraction	分散注意力的事、消遣	noun		中高級		6
6004	distress	苦惱、危難；使苦惱	noun/verb		中高級		
6005	distributed	[電腦]分散式的、分布的	adj.		中高級	L1	
6006	distributor	經銷商	noun		中高級		
6007	disturbed	有精神病的、不幸的、心煩的	adj.		中高級		
6008	disturbing	令人不安的、引起煩惱的	adj.		中高級		
6009	diverse	多元的、不同的	adj.		中高級	L6	4
6010	diversify	使多樣化	verb		中高級		6
6011	diversion	分散注意力之物；消遣、娛樂	noun		中高級		6
6012	diversity	差異、多樣性	noun		中高級		4
6013	divert	使轉向、改道、使分心	verb		中高級		6
6014	dividend	股利	noun		中高級		6
6015	doctrine	教義、信條	noun		中高級		5
6016	documentary	紀錄片；紀實的、文書的	noun/adj.		中高級		5
6017	dodge	躲避、閃躲	verb/noun		中高級		4
6018	domain	領域、範圍	noun		中高級	L6	5
6019	dome	圓屋頂、穹頂	noun		中高級		5
6020	donation	捐贈(物)	noun		中高級		5
6021	donor	捐贈者、器官捐獻者	noun/adj.		中高級		5
6022	doom	厄運、死亡	noun		中高級		6
6023	doom	注定(失敗)	verb		中高級		6
6024	doomed	注定失敗的	adj.		中高級		
6025	doorstep	門階	noun		中高級		
6026	doorway	門口	noun		中高級		5
6027	dosage	(藥)劑量	noun		中高級		
6028	doubtless	無疑地、必定地	adv.		中高級		
6029	dough	麵糰	noun		中高級		5
6030	drainage	排水系統	noun		中高級		
6031	drape	(窗)簾	noun		中高級		
6032	drape	披、垂掛	verb		中高級		
6033	drastic	猛烈的、嚴厲的	adj.		中高級		6
6034	drawback	缺點、不利條件	noun		中高級		
6035	dreary	陰鬱的、沉悶的	adj.		中高級		
6036	dressing	穿戴；(拌沙拉等的)調味醬	noun		中高級		6
6037	driveway	車道	noun	= drive (road)	中高級		5
6038	drizzle	毛毛雨;下毛毛雨	noun/verb		中高級		
6039	dual	兩的、雙重的	adj.		中高級		6
6040	dub	把…稱為、起綽號；配音	verb		中高級		
6041	dubious	懷疑的、可疑的、未定的	adj.		中高級		
6042	duplicate	複製；複製品；複製的	verb/noun/adj.		中高級		
6043	dwarf	使顯得矮小；侏儒；矮小的	verb/noun/adj.		中高級		6
6044	dwell	居住	verb		中高級		6
6045	dwelling	住所	noun		中高級		6
6046	dying	臨終的	adj.		中高級		
6047	dynamite	炸藥、炸毀	noun/verb		中高級		
6048	earphones	耳機	noun		中高級		
6049	ebb	退潮、衰退	noun/verb		中高級		
6050	eccentric	古怪的、怪人	adj./noun		中高級		6
6051	eclipse	日蝕、月蝕；衰落	noun		中高級		6
6052	eclipse	遮蔽、使黯然失色	verb		中高級		6
6053	ecological	生態學的	adj.		中高級		5
6054	ecology	生態(學)	noun		中高級		5
6055	ecosystem	生態系統	noun		中高級		5
6056	ecstasy	狂喜、陶醉	noun		中高級		
6057	ecstatic	狂喜的	adj.		中高級		
6058	edged	有稜(邊)的、有刀刃的	adj.		中高級		
6059	educated	受過教育的、有教養的	adj.		中高級		
6060	eel	鰻	noun		中高級		
6061	ego	自我、自尊	noun		中高級		5
6062	eject	逐出、彈出	verb		中高級		
6063	elapse	(時間)消逝	verb		中高級		
6064	electoral	選舉的	adj.		中高級		
6065	electorate	全體選民	noun		中高級		
6066	electron	電子	noun		中高級		
6067	elevate	使上升、提高	verb		中高級		6
6068	elevated	升高的、高尚的	adj.		中高級		
6069	elevation	海拔、高處、提升	noun		中高級		
6070	elicit	引起	verb		中高級		
6071	eligibility	資格、符合條件	noun		中高級		
6072	eligible	有資格的、合適的	adj.		中高級		5
6073	elite	精英；精英的	noun/adj.		中高級		
6074	eloquence	口才、雄辯	noun		中高級		
6075	eloquent	口才好的、雄辯的	adj.		中高級		5
6076	embargo	禁運、禁止	noun/verb		中高級		
6077	embark	上船(或飛機等)；開始、著手做	verb		中高級		
6078	embarrassment	難堪、窘迫	noun		中高級		
6079	embed	埋置、嵌入	verb		中高級		
6080	embody	體現、具體化	verb		中高級		
6081	embrace	欣然接受、包含	verb		中高級		5
6082	embrace	擁抱	verb/noun		中高級		5
6083	embryo	胚胎、初期	noun/adj.		中高級		
6084	emergence	出現	noun		中高級		
6085	emigrant	(移居國外的)移民	noun		中高級		6
6086	emigrate	移居(國外)	verb		中高級		6
6087	emigration	移民(國外)	noun		中高級		6
6088	emission	(氣體、熱、光等)排放或散發、排放物	noun		中高級		5
6089	emit	排放或散發(氣體、熱、光等)	verb		中高級		
6090	emphatic	強調的、堅決的、明確的	adj.		中高級		
6091	empirical	實證的、經驗主義的	adj.		中高級	L7	
6092	enact	制定、頒布	verb		中高級		
6093	enclosure	圈地、圍起來的區域；(信的)附件	noun		中高級		
6094	encyclopedia	百科全書	noun		中高級		6
6095	endeavor	努力	verb/noun	= endeavour (British English)	中高級		6
6096	endless	無盡的、無休止的	adj.		中高級		
6097	endorse	贊同、代言、(簽名)背書	verb		中高級		
6098	endow	捐贈、賦予	verb		中高級		
6099	endowment	捐贈、捐款、天賦	noun		中高級		6
6100	energize	使精力充沛、供給能量	verb		中高級		
6101	enforcement	執行（法律）	noun		中高級		
6102	engaged	忙於…的、訂婚的	adj.		中高級		
6103	engagement	訂婚、約定	noun		中高級		
6104	enlighten	啟發、教導	verb		中高級		
6105	enrich	使富裕、使豐富	verb		中高級		
6106	ensue	接著發生	verb		中高級		
6107	entail	牽涉、使必要	verb		中高級		
6108	enthusiast	熱衷…的人	noun		中高級		
6109	entity	實體、獨立存在體	noun		中高級	L5	5
6110	entrepreneur	企業家、創業者	noun		中高級		5
6111	environmentalist	環保主義者、環保人士	noun		中高級		
6112	envisage	想像、設想	verb		中高級		
6113	envoy	外交使節	noun		中高級		
6114	enzyme	酶、酵素	noun		中高級		
6115	epic	史詩；史詩的、壯麗的	noun/adj.		中高級		
6116	epidemic	流行疾病；氾濫的	noun/adj.		中高級		5
6117	episode	一個事件、一集(劇)	noun		中高級		5
6118	epoch	時代、紀元	noun		中高級		
6119	EQ	情緒商數	noun	= emotional quotient	中高級		
6120	equate	等於、使相等	verb		中高級	L2	6
6121	equation	方程式、平衡	noun		中高級		5
6122	equator	赤道	noun		中高級		
6123	equilibrium	平衡、均勢	noun		中高級		
6124	equity	公平、公正	noun		中高級		5
6125	erode	腐蝕、侵蝕	verb		中高級	L9	
6126	erosion	腐蝕、侵蝕	noun		中高級		
6127	erotic	色情的	adj.		中高級		
6128	erroneous	錯誤的	adj.		中高級	L4	
6129	erupt	(火山)爆發、突然發生	verb		中高級		5
6130	eruption	爆發	noun		中高級		
6131	escalate	逐步擴大、惡化	verb		中高級		
6132	escort	護衛者；護送	noun/verb		中高級		6
6133	essence	本質；精油	noun		中高級		5
6134	established	已確立的、著名的	adj.		中高級		
6135	establishment	建立、機構	noun		中高級		
6136	esteem	尊敬	noun/verb		中高級		6
6137	eternal	永恆的、永不停止的	adj.		中高級		5
6138	eternity	永恆、永生、漫長時間	noun		中高級		
6139	ethic	倫理準則	noun		中高級	L9	5
6140	ethical	倫理的、道德的	adj.		中高級	L9	5
6141	ethics	倫理(學)、倫理觀	noun		中高級		
6142	ethnic	種族的、民族的	adj.		中高級	L4	4
6143	evacuate	撤離、疏散	verb		中高級		6
6144	evacuation	撤離、疏散	noun		中高級		
6145	evaluation	評估、評價	noun		中高級		4
6146	evaporate	蒸發、消失	verb		中高級		
6147	evaporation	蒸發、消失	noun		中高級		
6148	evergreen	常青的；常青植物	adj./noun		中高級		6
6149	evoke	喚起、引起	verb		中高級		6
6150	exaggeration	誇張、誇大	noun		中高級		5
6151	examinee	應試者、受檢者	noun		中高級		6
6152	exceed	超出	verb		中高級	L6	5
6153	exceedingly	極度地	adv.		中高級		
6154	excel	勝過、優於	verb		中高級		
6155	excerpt	摘錄	noun/verb		中高級		6
6156	excess	過量的	adj.		中高級		6
6157	excess	過量、超過	noun		中高級		6
6158	excessive	過度的、過量的	adj.		中高級		5
6159	exclude	拒絕在外、排除	verb		中高級	L3	5
6160	exclusion	排除(之事物)	noun		中高級		6
6161	exclusive	除外的；專用的、獨有的	adj.		中高級		5
6162	exclusive	獨家新聞	noun		中高級		5
6163	execute	執行；處死	verb		中高級		5
6164	execution	執行；處以死刑	noun		中高級		5
6165	exemplify	為…典型、舉例說明	verb		中高級		
6166	exempt	豁免的、免除的；豁免、免除	adj./verb		中高級		6
6167	exert	施加、行使	verb		中高級		6
6168	exile	流亡(者)、放逐	noun/verb		中高級		5
6169	existing	現行的、現存的	adj.		中高級		
6170	exotic	異國的、奇特的	adj.		中高級		5
6171	expedition	遠征(隊)、探險(隊)	noun		中高級		5
6172	expel	驅逐、開除；排出	verb		中高級		
6173	expend	花費、耗費	verb		中高級		
6174	expenditure	支出、耗費	noun		中高級		6
6175	experienced	有經驗的	adj.		中高級		
6176	expertise	專業知識、專門技術	noun		中高級	L6	5
6177	expiration	到期、期滿	noun		中高級		6
6178	expire	到期、(期限)終止	verb		中高級		6
6179	explicit	詳盡的、明確的；露骨的、赤裸的	adj.		中高級	L6	5
6180	exploration	探索、研究調查	noun		中高級		5
6181	exposition	闡述；博覽會	noun		中高級		
6182	expressive	表現…的、富有表情的	adj.		中高級		3
6183	expulsion	驅逐、排出	noun		中高級		
6184	exquisite	精美的、精緻的	adj.		中高級		
6185	exterior	外表；外部的、外面的	noun/adj.		中高級		5
6186	external	外部的、外面的	adj.		中高級	L5	5
6187	externals	外貌、外觀	noun		中高級		
6188	extinguish	熄滅、使破滅	verb		中高級		
6189	extract	萃取物；摘要	noun		中高級	L7	6
6190	extract	抽出、提取	verb		中高級	L7	6
6191	extracurricular	課外的	adj.		中高級		6
6192	extradite	引渡(逃犯)	verb		中高級		
6193	extravagant	奢侈浪費的、過度的	adj.		中高級		
6194	extremist	極端分子(的)	noun/adj.		中高級		
6195	eyelash	睫毛	noun	= lash	中高級		6
6196	eyelid	眼皮	noun		中高級		6
6197	fabric	織品、布料；結構	noun		中高級		5
6198	fabricate	偽造、杜撰	verb		中高級		
6199	fabulous	驚人的、極好的	adj.		中高級		5
6200	facet	面、方面	noun		中高級		
6201	facilitate	使容易、促進	verb		中高級	L5	5
6202	faction	(組織內部的)派系	noun		中高級		6
6203	faculty	全體教職員；才能、(身體)機能	noun		中高級		5
6204	fad	一時的流行	noun		中高級		
6205	Fahrenheit	華氏溫度	noun		中高級		6
6206	falter	動搖、猶豫；蹣跚；結巴	verb		中高級		6
6207	familiarity	熟悉、親近	noun		中高級		6
6208	famine	饑荒	noun		中高級		
6209	fascination	魅力、著迷	noun		中高級		6
6210	fatigue	疲憊、勞累	noun		中高級		5
6211	fatty	肥胖的、脂肪多的	adj.		中高級		
6212	fearful	恐懼的、擔心的	adj.		中高級		3
6213	feasible	可行的	adj.		中高級		6
6214	feat	功績、英勇事蹟	noun		中高級		
6215	federation	聯邦政府(制度)聯盟	noun		中高級	L6	
6216	feeble	虛弱的、薄弱的	adj.		中高級		6
6217	feeder	支流的	adj.		中高級		
6218	feeder	餵食器	noun		中高級		
6219	fellowship	交情、合夥關係、團體	noun		中高級		
6220	feminine	女性(特質)的、陰性的	adj.		中高級		6
6221	feminism	女性主義	noun		中高級		
6222	feminist	女權主義(者的)	noun/adj.		中高級		
6223	fertility	肥沃；生殖力	noun		中高級		6
6224	fiancé	未婚夫	noun	未婚夫為fiancé，未婚妻為fiancée	中高級		
6225	fiber	纖維	noun	= fibre (British English)	中高級		5
6226	fiddle	小提琴	noun		中高級		
6227	fiddle	隨意擺弄；偽造	verb		中高級		
6228	fidelity	忠貞、忠誠、精確	noun		中高級		
6229	filter	過濾器	noun		中高級		5
6230	filter	過濾；穿透、滲入	verb		中高級		5
6231	fin	魚鰭	noun		中高級		6
6232	finding	發現、調查結果、研究結果	noun		中高級		
6233	finite	有限的	adj.		中高級	L7	6
6234	firecracker	鞭炮	noun		中高級		6
6235	firefighter	消防員	noun	= fireman	中高級		
6236	fireproof	防火的	adj.		中高級		6
6237	first-class	一流的(地)、頭等的(地)	adj./adv.	= first class	中高級		
6238	fiscal	財政的、會計的	adj.		中高級		5
6239	fishery	漁業、漁場	noun		中高級		6
6240	fitting	適合的、恰當的	adj.		中高級		
6241	fitting	試衣服	noun		中高級		
6242	fixed	固定的、不變的	adj.		中高級		
6243	fixture	(房屋內)固定裝置或裝潢	noun		中高級		
6244	flake	小薄片；(成片)脫落	noun/verb		中高級		6
6245	flank	側腹、側面；位於側面	noun/verb		中高級		
6246	flap	拍打聲；	noun		中高級		
6247	flap	拍打	verb		中高級		
6248	flare	火焰、照明彈；燃燒、爆發	noun/verb		中高級		
6249	flaw	缺點、瑕疵；使有缺陷	noun/verb		中高級		
6250	fleet	艦隊	noun		中高級		5
6251	flick	輕彈；彈掉(聲)	verb/noun		中高級		
6252	flicker	閃爍、一閃而過	verb/noun		中高級		
6253	fling	短暫的快樂時光	noun		中高級		
6254	fling	(用力)扔擲、猛烈地做	verb		中高級		
6255	flop	重重落下、失敗	verb/noun		中高級		
6256	flounder	比目魚	noun		中高級		
6257	flounder	掙扎、陷入困境	verb		中高級		
6258	flourish	(引起注意的)誇張動作	noun		中高級		6
6259	flourish	茁壯、繁盛	verb		中高級		6
6260	fluctuate	波動、變動	verb		中高級	L8	
6261	fluency	流利	noun		中高級		5
6262	fluid	液體；易變的、流暢的、流動的	noun/adj.		中高級		5
6263	flunk	(使)不及格	verb		中高級		6
6264	flutter	振翅、(旗)飄揚、不規則跳動	verb/noun		中高級		
6265	foe	敵人	noun		中高級		6
6266	foil	(金屬)箔；陪襯物	noun		中高級		
6267	foil	阻止	verb		中高級		
6268	folklore	民間傳說、民俗	noun		中高級		6
6269	follow-up	後續(行動)	noun		中高級		
6270	footage	一段影片	noun		中高級		
6271	footstep	腳步(聲)	noun		中高級		
6272	forbidden	禁止的	adj.		中高級		
6273	foremost	最重要的、最佳的	adj.		中高級		
6274	forge	熔鐵廠	noun		中高級		5
6275	forge	鍛造、偽造、創造	verb		中高級		5
6276	format	模式、格式；編排格式、格式化	noun/verb		中高級	L9	5
6277	formidable	令人敬畏的、難對付的	adj.		中高級		6
6278	formulate	制訂、構想、闡明	verb		中高級		6
6279	forsake	拋棄、摒棄	verb		中高級		6
6280	forthcoming	即將到來的	adj.		中高級	L10	6
6281	fortify	加強、增強	verb		中高級		6
6282	fortnight	兩星期	noun		中高級		
6283	forum	論壇、討論會	noun		中高級		5
6284	fossil	化石、守舊的人；化石的、守舊的	noun/adj.		中高級		4
6285	foster	寄養的；寄養、培養	adj./verb		中高級		5
6286	foul	糟糕的、粗鄙的	adj.		中高級		5
6287	foul	犯規	noun		中高級		5
6288	foul	犯規、弄髒	verb		中高級		5
6289	fowl	家禽、鳥	noun		中高級		6
6290	fraction	分數、小部分、一點點	noun		中高級		5
6291	fracture	斷裂、骨折	noun/verb		中高級		6
6292	fragile	易碎的、脆弱的、纖細的	adj.		中高級		4
6293	fragment	碎片；(使成)碎片	noun/verb		中高級		5
6294	fragrant	芳香的	adj.		中高級		6
6295	frail	虛弱的、易損壞的	adj.		中高級		
6296	framework	架構、體系	noun		中高級	L3	5
6297	franc	法郎	noun		中高級		
6298	franchise	加盟權、加盟商店；給予加盟權	noun/verb		中高級		5
6299	frantic	發狂似的、緊張忙亂的	adj.		中高級		6
6300	fraud	詐騙、騙子	noun		中高級		5
6301	freak	怪異的；怪人、怪物	adj./noun		中高級		6
6302	freak	嚇壞、極度激動	verb		中高級		6
6303	fret	苦惱、發愁	verb		中高級		
6304	friction	摩擦(力)、不和	noun		中高級		6
6305	fringe	邊緣；穗狀物	noun		中高級		
6306	fringe	邊緣有著	verb		中高級		
6307	front-page	頭版的、重要的	adj.		中高級		
6308	frontier	邊境；新領域	noun		中高級		5
6309	fruitful	有成果的、富饒多產的	adj.		中高級		
6310	frustration	沮喪、挫折	noun		中高級		4
6311	fume	發怒；冒煙	verb		中高級		6
6312	fumes	(有害的)煙、廢氣	noun		中高級		
6313	fundamentalism	基要主義、基本教義派	noun		中高級		
6314	fundamentalist	基要主義者、基本教義派人士；基要主義的、基本教義派的	noun/adj.		中高級		
6315	funding	基金、經費	noun		中高級		
6316	furnace	火爐、暖氣爐	noun		中高級		
6317	fury	狂怒、狂暴	noun		中高級		6
6318	fuse	保險絲、引線	noun		中高級		6
6319	fuse	熔合、結合	verb		中高級		6
6320	fusion	融合	noun		中高級		
6321	fuss	大驚小怪、(對小事)過於煩惱	noun/verb		中高級		6
6322	galaxy	星系、銀河(系)	noun		中高級		5
6323	gallop	(馬)疾馳	noun/verb		中高級		6
6324	garment	衣服、穿著	noun		中高級		6
6325	gaseous	氣體(狀態)的	adj.		中高級		
6326	gasp	倒抽一口氣、喘氣	noun/verb		中高級		5
6327	gathering	增加的	adj.		中高級		5
6328	gathering	集會; 收集	noun		中高級		5
6329	gauge	測量、判斷；測量儀器	verb/noun		中高級		6
6330	gel	膠化、凝膠	verb/noun		中高級		
6331	gender	性別	noun		中高級	L6	4
6332	generalize	概括、歸納	verb		中高級		
6333	generate	造成、創造、產生(熱、光、電)	verb		中高級	L5	5
6334	generator	發電機、產生器	noun		中高級		5
6335	genetic	基因的	adj.		中高級		5
6336	genetics	遺傳學	noun		中高級		5
6337	genre	(文藝作品)類型	noun		中高級		5
6338	geographical	地理的	adj.	= geographic	中高級		6
6339	geology	地質學	noun		中高級		
6340	geometry	幾何學	noun		中高級		6
6341	ghetto	貧民區	noun		中高級		
6342	gilt	鍍金的；鍍金	adj./noun		中高級		
6343	given	規定的、特定的	adj.		中高級		
6344	given	考慮到、鑒於	prep.		中高級		
6345	glacier	冰河	noun		中高級		6
6346	glamor	魅力	noun	= glamour (British English)	中高級		
6347	glamorous	富有魅力的、迷人的	adj.		中高級		6
6348	gland	腺	noun		中高級		
6349	glare	怒視、發出強光；刺眼的光	verb/noun		中高級		5
6350	glassware	玻璃器皿	noun		中高級		
6351	gleam	閃亮、閃爍；反光、閃光	verb/noun		中高級		6
6352	glee	高興、歡欣	noun		中高級		
6353	glisten	閃耀、閃亮	verb		中高級		
6354	glitter	閃爍、閃光；閃光、亮片	verb/noun		中高級		6
6355	gloom	憂鬱、陰暗	noun		中高級		6
6356	gloomy	憂鬱的、陰暗的	adj.		中高級		5
6357	gnaw	嚙、啃、折磨	verb		中高級		
6358	go-ahead	有進取心的	adj.		中高級		
6359	go-ahead	許可	noun		中高級		
6360	goalkeeper	守門員	noun		中高級		6
6361	gobble	狼吞虎嚥	verb		中高級		
6362	going	離去、進展；進行中的	noun/adj.		中高級		
6363	goodwill	親善、友好；商譽	noun		中高級		6
6364	gore	(動物)用角牴破；傷口凝血	verb/noun		中高級		
6365	gorge	峽谷	noun		中高級		
6366	gorge	塞飽、狼吞虎嚥	verb		中高級		
6367	gorgeous	漂亮的、極好的	adj.		中高級		5
6368	gorilla	大猩猩	noun		中高級		6
6369	gospel	福音(書)、教義	noun		中高級		6
6370	governmental	政府的	adj.		中高級		
6371	grammatical	合乎文法的、文法的	adj.		中高級		4
6372	graph	圖表	noun		中高級		4
6373	graphic	繪畫的、生動的	adj.		中高級		5
6374	grasshopper	蚱蜢、蝗蟲	noun		中高級		3
6375	grassy	長滿青草的	adj.		中高級		3
6376	grate	金屬爐架	noun		中高級		
6377	grate	磨碎、摩擦；使煩躁	verb		中高級		
6378	graze	擦傷	noun		中高級		6
6379	graze	(牛羊等)吃草；擦破(皮膚)	verb		中高級		6
6380	grease	油脂、油膩；塗油脂	noun/verb		中高級		6
6381	greed	貪心	noun		中高級		5
6382	grill	烤架；燒烤	noun/verb		中高級		5
6383	grim	令人沮喪的、憂愁嚴肅的	adj.		中高級		5
6384	grip	緊握、控制	noun		中高級		5
6385	grip	緊握、吸引注意力	verb		中高級		5
6386	groan	呻吟、抱怨	verb/noun		中高級		6
6387	grocer	食品雜貨商	noun		中高級		
6388	groove	溝、槽	noun		中高級		
6389	grope	摸索、探索、猥褻；猥褻	verb/noun		中高級		
6390	gross	總共的；噁心的	adj.		中高級		5
6391	gross	總共獲利、總額	verb/noun		中高級		5
6392	grove	小樹林、果園	noun		中高級		
6393	growl	(因憤怒)低沉吼叫；咆哮聲	verb/noun		中高級		6
6394	grumble	抱怨、(發)牢騷	verb/noun		中高級		6
6395	guaranteed	必定的、保證的	adj.		中高級	L7	
6396	guerrilla	游擊隊(員)	noun	= guerilla	中高級		
6397	guideline	指導方針	noun		中高級	L8	5
6398	guild	同業公會、協會	noun		中高級		
6399	guitarist	吉他手	noun		中高級		
6400	gulp	吞、嚥	noun		中高級		
6401	gulp	大口吃喝、倒吸氣	verb		中高級		
6402	gunman	持槍歹徒	noun		中高級		
6403	gust	一陣(強風)	noun		中高級		
6404	gust	強勁地吹	verb		中高級		
6405	gut	腸、內臟、勇氣、直覺	noun		中高級		5
6406	gut	取出內臟、拆毀	verb		中高級		5
6407	gymnasium	體育館	noun	= gym	中高級		2
6408	gypsy	吉普賽人、吉普賽語	noun		中高級		
6409	habitat	棲息地	noun		中高級		5
6410	hack	寫手、騎乘用的馬	noun		中高級		
6411	hack	劈砍、(遭)駭	verb		中高級		
6412	hacker	駭客	noun		中高級		6
6413	hail	雹、冰雹	noun		中高級		6
6414	hail	招喊、喝采、譽為、下冰雹	verb		中高級		6
6415	hairstyle	髮型	noun		中高級		
6416	half-time	中場休息	noun		中高級		
6417	halve	對分、減半	verb		中高級		
6418	hamper	有蓋的籃子	noun		中高級		6
6419	hamper	妨礙、牽制	verb		中高級		6
6420	handbook	手冊、指南	noun		中高級		
6421	handicraft	手工藝(品)	noun		中高級		6
6422	handout	講義、印刷品；施捨物、救濟款	noun		中高級		
6423	harass	煩擾、騷擾	verb		中高級		
6424	harassment	煩惱、騷擾	noun		中高級		
6425	hardline	強硬的、不妥協的	adj.	= hard-line	中高級		
6426	hardliner	強硬派	noun		中高級		
6427	hardwood	硬木、闊葉木	noun		中高級		
6428	hardy	吃苦耐勞的、(植物)耐寒的	adj.		中高級		
6429	harmless	無害的、無惡意的	adj.		中高級		
6430	harmonica	口琴	noun		中高級		6
6431	harness	馬具、繫帶	noun		中高級		6
6432	harness	(為馬)上輓具、利用	verb		中高級		6
6433	haste	急忙、匆忙	noun		中高級		4
6434	hasten	加速、趕緊	verb		中高級		4
6435	hateful	憎恨的、討厭的	adj.		中高級		3
6436	haul	(一次)漁獲量、非法獲得物	noun		中高級		5
6437	haul	拖、拉、搬運	verb		中高級		5
6438	haunt	常去的地方	noun		中高級		6
6439	haunt	鬧鬼、使困擾	verb		中高級		6
6440	haven	避風港、避難所	noun		中高級		
6441	hazard	危險、冒險；使遭受危險	noun/verb		中高級		5
6442	hazardous	危險的	adj.		中高級		
6443	head-on	迎頭、正面針對地；迎面的	adv./adj.		中高級		
6444	heading	標題	noun		中高級		
6445	healthful	有益健康的	adj.		中高級		6
6446	hearing	聽(力)、聽證會	noun		中高級		
6447	hearty	衷心熱忱的、精力充沛的、食物豐盛的	adj.		中高級		6
6448	heated	熱的、激昂的	adj.		中高級		
6449	heating	供暖系統、暖氣設備	noun		中高級		
6450	heave	(用力)舉起、起伏	verb/noun		中高級		
6451	heavyweight	重量級(選手、拳擊手)、重要的人	noun		中高級		
6452	hedge	籬笆、防備措施	noun		中高級		6
6453	hedge	圍住、迴避	verb		中高級		6
6454	heed	注意、聽從	verb/noun		中高級		
6455	heighten	加高、增強	verb		中高級		6
6456	heir	繼承者	noun		中高級		5
6457	helpless	無助的、無奈的、徒勞的	adj.		中高級		
6458	hemisphere	(地球)半球、範圍	noun		中高級		6
6459	henceforth	從今以後	adv.		中高級		
6460	herald	預示…來臨；預兆、預報者	verb/noun		中高級		
6461	herb	草本植物、藥草	noun		中高級		5
6462	hereafter	此後、今後；來世	adv./noun		中高級		
6463	heritage	遺產、傳統	noun		中高級		5
6464	hermit	隱士	noun		中高級		
6465	heroic	英雄的、英勇的	adj.		中高級		6
6466	heroin	海洛因	noun		中高級		6
6467	heterosexual	異性戀的；異性戀者	adj./noun		中高級		6
6468	hierarchy	階級制度	noun		中高級	L7	6
6469	highlight	最精彩突出的部分	noun		中高級	L8	5
6470	highlight	強調、使顯著	verb		中高級	L8	5
6471	hillside	小山坡	noun		中高級		
6472	hinder	阻礙	verb		中高級		
6473	hinge	安裝鉸鏈、取決於；鉸鏈	verb/noun		中高級		
6474	hiss	發出嘶嘶聲、發噓聲；嘶嘶聲、噓聲	verb/noun		中高級		
6475	hoarse	嗓音沙啞的	adj.		中高級		6
6476	hockey	曲棍球	noun		中高級		5
6477	holder	持有者、保持者	noun		中高級		3
6478	holding	持有股份、私有財產	noun		中高級		
6479	homeless	無家的；無家可歸者	adj./noun		中高級		
6480	homogeneous	同質的、同種的	adj.	= homogenous	中高級		
6481	homosexual	同性戀的；同性戀者	adj./noun		中高級		6
6482	honk	(汽車)喇叭聲；鳴(汽車)喇叭	noun/verb		中高級		
6483	honorary	名譽(職位)的	adj.		中高級		6
6484	hood	兜帽、防護罩、車篷	noun		中高級		
6485	hoof	蹄	noun		中高級		
6486	hopeless	無望的、絕望的	adj.		中高級		
6487	horizontal	水平的；水平面、橫切面	adj./noun		中高級		5
6488	hormone	賀爾蒙	noun		中高級		5
6489	horsepower	馬力	noun		中高級		
6490	hospitable	好客的、(氣候或環境)宜人的	adj.		中高級		6
6491	hospitality	好客	noun		中高級		6
6492	hospitalize	使住院治療	verb		中高級		6
6493	hostile	敵方的、懷敵意的	adj		中高級		5
6494	hostility	敵意、戰爭行動	noun		中高級		5
6495	hound	獵犬	noun		中高級		
6496	hound	跟蹤、煩擾	verb		中高級		
6497	hover	(鳥或直升機)盤旋、徘徊停留	verb		中高級		6
6498	howl	大聲叫喊、(風)呼嘯；號叫聲、呼嘯聲	verb/noun		中高級		5
6499	hull	船身、(果實的)殼	noun		中高級		
6500	hull	除去(水果、蔬菜等的)皮(或莖、葉)	verb		中高級		
6501	humanitarian	人道主義的；人道主義者	adj./noun		中高級		
6502	humiliate	羞辱、使難堪	verb		中高級		6
6503	humiliation	恥辱	noun		中高級		
6504	hunch	預感、直覺	noun		中高級		6
6505	hunch	使弓起、聳肩	verb		中高級		6
6506	hurdle	（跨欄比賽中的）欄架、障礙、難題；跨過	noun/verb		中高級		6
6507	hurl	猛力投擲、大聲叫罵	verb		中高級		
6508	hybrid	(動植物)雜種、混合物；雜種的、混合的	noun/adj.		中高級		6
6509	hygiene	衛生	noun		中高級		6
6510	hymn	聖歌、讚美詩；唱聖歌、唱讚美詩	noun/verb		中高級		
6511	hypocrisy	虛偽、偽善	noun		中高級		
6512	hypocrite	偽君子	noun		中高級		6
6513	hypothesis	假設	noun		中高級	L4	5
6514	hysterical	歇斯底里的	adj.		中高級		
6515	ideological	意識形態的	adj.		中高級	L7	
6516	ideology	思想體系、意識形態	noun		中高級	L7	5
6517	idiot	笨蛋	noun		中高級		5
6518	ignite	點燃、激起	verb		中高級		
6519	illuminate	照亮、闡明、使容光煥發	verb		中高級		6
6520	illusion	幻想、假象	noun		中高級		5
6521	immense	巨大的	adj.		中高級		5
6522	immerse	使浸沒、沉浸在	verb		中高級		
6523	immigrate	(從外地)移居	verb		中高級	L3	4
6524	imminent	即將發生的、逼近的	adj.		中高級		6
6525	immune	免疫的、免於…的	adj.		中高級		
6526	impair	損害、削弱	verb		中高級		
6527	impart	給予、傳授、透露	verb		中高級		
6528	imperative	重要緊急的、祈使語氣的	adj.		中高級		6
6529	imperative	必須履行的責任、必要的事	noun		中高級		6
6530	impetus	推動力、刺激	noun		中高級		
6531	implicit	不直接言明的、內含的、完全的	adj.		中高級	L8	6
6532	imposing	壯觀的、使印象深刻的	adj.		中高級		6
6533	imprison	監禁	verb		中高級		
6534	imprisonment	監禁	noun		中高級		
6535	impulse	一時衝動、推動力	noun		中高級		5
6536	impulsive	衝動的、易衝動的	adj.		中高級		
6537	inability	無能(力)	noun		中高級		
6538	inaugurate	為…舉行就職典禮、開展	verb		中高級		
6539	incense	（在宗教儀式上焚燒的）香	noun		中高級		
6540	incense	激怒	verb		中高級		
6541	incentive	鼓勵、誘因	noun		中高級	L6	5
6542	incidence	發生率、影響範圍	noun		中高級	L6	
6543	incidental	附帶的、偶然發生的、次要的	adj.		中高級		
6544	incidentally	順便提一句、偶然地	adv.		中高級		
6545	incline	傾斜、傾向；斜坡	verb/noun		中高級	L10	6
6546	inclusive	包含(全部費用)的、範圍廣泛的; 多元包容的	adj.		中高級		6
6547	incorporate	包含、使併入	verb		中高級	L6	5
6548	incumbent	在職者；現任的	noun/adj.		中高級		
6549	incur	招致、引起	verb		中高級		6
6550	indefinite	未確定的、無限期的	adj.		中高級		
6551	index	索引、指數；將…編入索引	noun/verb		中高級	L6	5
6552	indicative	標示的、表明的；陳述語氣	adj./noun		中高級		
6553	indicator	指示物、指標	noun		中高級		
6554	indictment	控告、刑事起訴書、(社會或制度)腐敗	noun		中高級		
6555	indifference	漠不關心、不感興趣	noun		中高級		6
6556	indifferent	漠不關心的、不感興趣的	adj.		中高級		5
6557	indigenous	本土的、土生土長的	adj.		中高級		5
6558	indignant	憤慨的、憤怒的	adj.		中高級		6
6559	indignation	憤慨、憤怒	noun		中高級		
6560	indispensable	不可或缺的	adj.		中高級		5
6561	induce	勸說、誘使、引起	verb		中高級	L8	6
6562	indulge	沉迷、滿足(慾望、興趣)、縱容	verb		中高級		5
6563	inertia	缺乏活力、惰性	noun		中高級		
6564	infantry	步兵	noun		中高級		
6565	infectious	傳染性的、患傳染病的、有感染力的	adj.		中高級		6
6566	infinite	極大的、無邊無限的	adj.		中高級	L7	5
6567	inflict	使遭受(打擊或損傷)、強加	verb		中高級		6
6568	infrastructure	基礎建設(如公路、鐵路等)	noun		中高級	L8	5
6569	ingenious	精巧的、新穎獨特的	adj.		中高級		
6570	ingenuity	獨創力、聰明才智	noun		中高級		
6571	inhabit	居住於、棲息於	verb		中高級		6
6572	inherent	固有的、內在的	adj.		中高級	L9	5
6573	inhibit	禁止、約束	verb		中高級	L6	
6574	inhibited	約束的、拘謹的	adj.		中高級	L6	
6575	inhibition	抑制、禁止	noun		中高級		
6576	initiate	創始、開始實施、使初步了解；新加入者	verb/noun		中高級	L6	5
6577	initiative	主動權、倡議、首創精神	noun		中高級		5
6578	injustice	不公正、非正義	noun		中高級		6
6579	inland	內陸的；在內陸	adj./adv.		中高級		6
6580	inlet	水灣	noun		中高級		
6581	inmate	(監獄中的)囚犯	noun		中高級		
6582	inning	(棒球)局、回合	noun		中高級		5
6583	innovation	革新、新方法	noun		中高級		5
6584	innovative	創新的	adj.		中高級		5
6585	innumerable	很多的	adj.		中高級		6
6586	insane	瘋狂的、精神失常的	adj.		中高級		5
6587	insecticide	殺蟲劑	noun		中高級		
6588	insecure	缺乏信心的、不安全的	adj.		中高級	L2	
6589	insider	知內情者、內部的人	noun		中高級		
6590	insight	洞察力、領悟	noun		中高級	L9	5
6591	insistence	堅決要求、堅持	noun		中高級		6
6592	insistent	堅持的、持續不斷的	adj.		中高級		
6593	inspection	視察、檢查	noun		中高級		4
6594	instability	(形勢)不穩定	noun		中高級	L5	
6595	installation	安裝、設備、(工業或軍事)設施	noun		中高級		5
6596	installment	(分期付款的)一期付款	noun	= instalment (British English)	中高級		
6597	instantaneous	立即的、瞬間的	adj.		中高級		
6598	instinctive	本能的、直覺的、天生的	adj.		中高級		6
6599	institutional	機構的	adj.		中高級		
6600	instrumental	起重要作用的、用樂器演奏的	adj.		中高級		
6601	insulate	使隔熱(音)、隔絕	verb		中高級		
6602	insure	投保、給…保險	verb		中高級		
6603	insurer	承保人、保險公司	noun		中高級		
6604	intact	完好無損的	adj.		中高級		5
6605	intake	(食物、飲料的)攝取量	noun		中高級		6
6606	integral	必需的、完整的	adj.		中高級	L9	
6607	integrate	合併、融入群體	verb		中高級	L4	5
6608	integration	結合、融合	noun		中高級		5
6609	integrity	誠實正直、完整	noun		中高級	L10	5
6610	intellect	智力、才智超群的人	noun		中高級		6
6611	intelligible	易懂的、容易理解的	adj.		中高級		
6612	intensity	強烈、劇烈	noun		中高級		4
6613	intent	熱切的、堅持要做的	adj.		中高級		5
6614	intent	意圖	noun		中高級		5
6615	inter	埋葬(遺體)	verb		中高級		
6616	interaction	交流、互動	noun		中高級		4
6617	intercourse	性交、(人、國家間的)往來	noun		中高級		
6618	interim	暫時的、間歇的	adj.		中高級		
6619	interim	過渡期間	noun		中高級		
6620	interior	內部；內部的	noun/adj.		中高級		5
6621	intermittent	間歇的	adj.		中高級		
6622	interruption	阻斷物、中止、打擾	noun		中高級		4
6623	intersection	交叉口、十字路口	noun		中高級		6
6624	intervene	干涉、介入	verb		中高級	L7	6
6625	intervention	干涉、介入	noun		中高級		5
6626	intimacy	親密、關係密切	noun		中高級		
6627	intimidate	恐嚇、威脅	verb		中高級		6
6628	intonation	語調、抑揚頓挫	noun		中高級		6
6629	intricate	錯綜複雜的	adj.		中高級		
6630	intrigue	陰謀詭計、引人入勝的複雜情節	noun		中高級		6
6631	intrigue	激起…的興趣	verb		中高級		6
6632	intrinsic	固有的、內在的、本身的	adj.		中高級	L10	
6633	intrusion	侵擾、闖入	noun		中高級		
6634	intuition	直覺	noun		中高級		4
6635	invalid	病弱的、無效的	adj.		中高級		
6636	invalid	病弱者	noun		中高級		
6637	invaluable	極有價值的	adj.		中高級		
6638	invariable	始終如一的、永無變化的	adj.		中高級	L1	
6639	inventory	詳細目錄、存貨(清單)	noun		中高級		6
6640	invert	使顛倒、使倒轉	verb		中高級		
6641	investigation	調查、研究	noun		中高級		4
6642	investigator	調查員	noun		中高級		5
6643	inviting	誘人的、吸引人的	adj.		中高級		
6644	involvement	參與、捲入	noun		中高級		
6645	inward	向中心、向自己	adv.	= inwards (British English)	中高級		
6646	IQ	智商	noun	= intelligence quotient	中高級		
6647	ironic	諷刺的、(因出乎意料而)好笑的	adj.		中高級		6
6648	irony	有諷刺意味的情況、反語	noun		中高級		5
6649	irresistible	不可遏止的、誘人的	adj.		中高級		
6650	irrespective	不考慮的、不管的	adj.		中高級		
6651	irrigation	灌溉	noun		中高級		
6652	irritable	易怒的、暴躁的	adj.		中高級		6
6653	irritate	使煩躁、激怒	verb		中高級		6
6654	irritation	惱怒、發炎	noun		中高級		
6655	isle	(常用於詩歌和名稱中)島	noun		中高級		6
6656	ivy	常春藤	noun		中高級		6
6657	jack	千斤頂、(紙牌)傑克、(電)插座	noun		中高級		
6658	jack	用起重機舉起、哄抬(價格等)	verb		中高級		
6659	jade	玉、翡翠、玉器	noun		中高級		6
6660	janitor	門房、管理員	noun		中高級		6
6661	jasmine	茉莉	noun		中高級		6
6662	jaywalk	(無視交通規則)亂穿越馬路	verb		中高級		
6663	jeer	嘲笑、譏諷；嘲笑或譏諷的言語	verb/noun		中高級		
6664	jeopardize	危害、損害	verb	= jeopardise (British English)	中高級		
6665	jerk	笨蛋	noun		中高級		
6666	jerk	猛地一拉(推、扔、動)	verb		中高級		
6667	jersey	球衣、針織衫	noun		中高級		
6668	jingle	發出叮噹聲；叮噹聲	verb/noun		中高級		6
6669	jobless	失業的	adj.		中高級		
6670	jockey	賽馬騎師、（設備、車輛的）操作者	noun		中高級		6
6671	jockey	運用各種手段謀利	verb		中高級		6
6672	journalism	新聞業、新聞工作	noun		中高級		5
6673	joyous	歡樂的、令人愉快的	adj.		中高級		6
6674	judicial	法庭的、審判的、司法的	adj.		中高級		5
6675	judiciary	審判人員、司法系統	noun		中高級		
6676	jug	(有柄有嘴的)壺、罐	noun		中高級		5
6677	jumper	跳躍者、跳躍動物；套頭衫	noun		中高級		
6678	junction	匯合、(公路或鐵路)交叉點	noun		中高級		6
6679	justification	正當理由、辯護	noun		中高級		
6680	justified	有正當理由的	adj.		中高級		
6681	justify	證明是正當的、為…辯護	verb		中高級	L3	5
6682	juvenile	少年；少年的、未成熟的	noun/adj.		中高級		5
6683	kernel	(堅果的)核、(主題的)中心	noun		中高級		
6684	killer	殺手、導致死亡的人(事物)	noun		中高級		
6685	killing	謀殺；致命的、使人精疲力盡的、滑稽的	noun/adj.		中高級		
6686	kin	(統稱)家屬、親戚	noun		中高級		6
6687	kindle	開始燃燒、激起(興趣、感情)	verb		中高級		6
6688	know-how	知識、實用技能、竅門	noun		中高級		
6689	knuckle	指關節、(豬)蹄膀；用指關節敲打	noun/verb		中高級		
6690	lad	小伙子、少年	noun		中高級		6
6691	lame	瘸的、站不住腳的、無說服力的	adj.		中高級		
6692	lament	輓歌；對…感到悲痛	noun/verb		中高級		
6693	landing	樓梯平台、降落、著陸	noun		中高級		
6694	large-scale	大規模的、大範圍的	adj.		中高級		
6695	lash	睫毛、鞭打；鞭打、猛擊、怒斥	noun/verb		中高級		6
6696	lasting	持久的	adj.		中高級		
6697	latent	潛在的、潛伏的	adj.		中高級		
6698	lava	(火山噴出的)熔岩、岩漿	noun		中高級		
6699	lavish	奢華的、豪華的；為…提供大量的（金錢）	adj./verb		中高級		6
6700	lawmaker	立法者	noun		中高級		5
6701	lawsuit	訴訟、起訴	noun		中高級		5
6702	layman	門外漢	noun		中高級		6
6703	layout	佈局、佈置、安排	noun		中高級		6
6704	LCD	液晶顯示器	noun	= liquid crystal display	中高級		
6705	lead-in	(主題、故事的)介紹、開場白	noun		中高級		
6706	lease	租約；租借、出租	noun/verb		中高級		6
6707	lee	背風處、避風處	noun/adj.		中高級		
6708	left-wing	左翼、左派	adj./noun		中高級		
6709	legacy	遺產、遺贈物	noun		中高級		5
6710	legislation	法規、法律	noun		中高級		5
6711	legislative	立法的、制定法律的	adj.		中高級		5
6712	legislator	立法者、立法委員	noun		中高級		6
6713	legislature	立法機關	noun		中高級		
6714	legitimate	正當合理的；合法的	adj.		中高級		5
6715	lengthy	長時間的、過長的	adj.		中高級		6
6716	lesbian	女同性戀者的；女同性戀	adj./noun		中高級		6
6717	lessen	使降低、使減少	verb		中高級		6
6718	lesser	較小的、次要的	adj.		中高級		
6719	lest	免得、以免	conj.		中高級		5
6720	lethal	致命的、具殺傷力的	adj.		中高級		6
6721	lever	控制桿；（用槓桿）撬動	noun/verb		中高級		
6722	levy	稅款；徵稅	noun/verb		中高級	L10	
6723	liability	（法律上對某事物的）責任	noun		中高級		5
6724	liable	可能（做某事）；負有償付責任	adj.		中高級		6
6725	libel	（文字）誹謗	noun/verb		中高級		
6726	liberalize	使自由化、放寬對…的限制	verb		中高級		
6727	liberation	解放	noun		中高級		6
6728	lieutenant	中尉、上尉	noun		中高級		6
6729	lifeboat	救生船	noun		中高級		
6730	lifeguard	救生員	noun		中高級		4
6731	lifelong	終身的、畢生的	adj.		中高級		6
6732	lighting	照明設備、光線、燈光	noun		中高級		
6733	lightweight	輕量的；輕量級拳擊手、無影響力的人	adj./noun		中高級		
6734	likelihood	可能、可能性	noun		中高級		5
6735	likewise	同樣地、類似地、也	adv.		中高級	L10	5
6736	lime	酸橙、萊姆	noun		中高級		
6737	limousine	豪華轎車	noun	= limo	中高級		
6738	limp	無力的、無精神的	adj.		中高級		6
6739	limp	跛行	verb/noun		中高級		6
6740	linear	直線的、線性的	adj.		中高級		
6741	liner	郵輪、襯裡	noun		中高級		6
6742	lineup	陣容、節目安排	noun		中高級		
6743	linger	繼續存留	verb		中高級		6
6744	linguist	通曉外語的人、語言學家	noun		中高級		
6745	lining	內襯、襯裡	noun		中高級		6
6746	literacy	讀寫能力	noun		中高級		6
6747	literal	字面意義的、缺乏想像力的	adj.		中高級		6
6748	literally	字面上、確實地	adv.		中高級		
6749	literate	有讀寫能力的、有文化的	adj.		中高級		6
6750	live-in	住在工作場所的、未婚同居者	adj.		中高級		
6751	livestock	牲畜、家畜	noun		中高級		6
6752	living	生計、收入；活著的、在使用的	noun/adj.		中高級		
6753	lizard	蜥蜴	noun		中高級		6
6754	llama	美洲駝	noun		中高級		
6755	loaded	滿的、富有的、意味深長的	adj.		中高級		
6756	locality	地區、地點	noun		中高級		
6757	locked	鎖住的、陷入困境、爭執的	adj.		中高級		
6758	locomotive	移動的、運動的	adj.		中高級		
6759	locomotive	機車、火車頭	noun		中高級		
6760	locust	蝗蟲	noun		中高級		
6761	lodge	鄉間小屋；（向當局）正式提出（聲明等）	noun/verb		中高級		6
6762	lofty	（建築、山）高聳的、（思想）崇高的	adj.		中高級		6
6763	logo	（公司或機構的）標誌、標識	noun		中高級		6
6764	lollipop	棒棒糖	noun		中高級		3
6765	lone	獨自的、單親的	adj.		中高級		2
6766	lonesome	孤獨的、寂寞的、人煙稀少的	adj.		中高級		6
6767	longevity	長壽、持久	noun		中高級		6
6768	longitude	經度	noun		中高級		6
6769	longtime	為時甚久的	adj.		中高級		
6770	loom	織布機	noun		中高級		
6771	loom	赫然聳現、逼近	verb		中高級		
6772	loot	（暴動、火災後）打劫；戰利品	verb/noun		中高級		
6773	lost	迷路的、失去的、不知所措的	adj.		中高級		
6774	lottery	彩票抽獎	noun		中高級		6
6775	lotus	蓮花	noun		中高級		6
6776	lounge	等候室；懶洋洋地站（或坐、躺）	noun/verb		中高級		5
6777	lubricate	給…上潤滑油	verb		中高級		
6778	lucrative	賺大錢的、獲利多的	adj.		中高級		6
6779	lumber	木材、木料	noun		中高級		
6780	lumber	採伐林木、緩慢笨拙行進、迫使擔負職責	verb		中高級		
6781	luminous	發亮的、鮮豔的	adj.		中高級		
6782	lump	塊、隆起；把…合併一起	noun/verb		中高級		5
6783	lunatic	精神錯亂者；瘋狂的、可笑的	noun/adj.		中高級		
6784	lunchtime	午餐時間	noun		中高級		
6785	lure	引誘、誘惑	verb/noun		中高級		6
6786	lush	(植物)茂盛的、繁茂的	adj.		中高級		6
6787	lynch	用私刑處死	verb		中高級		
6788	lyric	抒情的；抒情詩	adj./noun		中高級		
6789	made-up	化妝的、不真實的、編造的	adj.		中高級		
6790	mafia	小幫派、社會黑幫	noun		中高級		
6791	magistrate	地方執法官	noun		中高級		
6792	magnify	放大、增強	verb		中高級		6
6793	magnitude	重大、重要性	noun		中高級		
6794	maiden	初次的	adj.		中高級		6
6795	maiden	未婚女子	noun		中高級		6
6796	mainstream	(思想或行為的)主流	noun		中高級		5
6797	maintenance	維護、保養	noun		中高級		5
6798	majestic	雄偉壯觀的	adj.		中高級		6
6799	majesty	雄偉壯觀、莊嚴	noun		中高級		6
6800	making	生產、製造	noun		中高級		
6801	malaria	瘧疾	noun		中高級		
6802	mammal	哺乳動物	noun		中高級		5
6803	mandate	(政府或官員經選舉而獲得的)授權	noun		中高級		5
6804	mandate	強制執行	verb		中高級		5
6805	maneuver	操縱、控制；策略、花招、軍事演習	verb/noun	= manoeuvre (British English)	中高級		
6806	manifest	明顯的；表明(尤指態度、品質)	adj./verb		中高級		5
6807	manifest	（船或飛機的）貨單、旅客名單	noun		中高級		5
6808	manifesto	宣言	noun		中高級		
6809	manipulate	操縱、控制(某人的思想和行為)	verb		中高級	L8	5
6810	manuscript	手稿、底稿	noun		中高級		6
6811	maple	楓樹	noun		中高級		6
6812	mar	破壞、損毀	verb		中高級		6
6813	mare	母馬、母驢	noun		中高級		
6814	marginal	邊緣的；(議會的)邊緣席位	adj./noun		中高級	L5	6
6815	marine	海軍陸戰隊士兵；海的	noun/adj.		中高級		5
6816	marked	明顯的、顯著的	adj.		中高級		
6817	marketing	促銷、銷售	noun		中高級		
6818	marsh	溼地、沼澤	noun		中高級		
6819	marshal	結集、維持秩序；執行官	verb/noun		中高級		
6820	martial	軍事的、戰爭的	adj.		中高級		6
6821	marvel	令人驚異的人事；感到驚奇	noun/verb		中高級		6
6822	masculine	男人的、男子漢的	adj.		中高級		5
6823	mash	（煮軟的）穀物飼料；搗碎（食物）	noun/verb		中高級		
6824	massacre	屠殺、殺戮、（在比賽或競選中）徹底擊敗	noun/verb		中高級		
6825	massage	按摩	noun/verb		中高級		5
6826	massive	厚重的、巨大的、強烈的	adj.		中高級		5
6827	mastery	精通、熟練掌握	noun		中高級		6
6828	materialism	物質主義、唯物主義	noun		中高級		
6829	mattress	床墊	noun		中高級		5
6830	mayonnaise	蛋黃醬、美乃滋	noun		中高級		
6831	measurement	測量、尺寸	noun		中高級		
6832	mechanics	機械學	noun		中高級		
6833	mechanism	機械裝置、結構、機制	noun		中高級	L4	5
6834	mediate	調解分歧、爭端	verb		中高級	L9	6
6835	medication	藥物、藥劑	noun		中高級		5
6836	medieval	中世紀的、中古時期的	adj.		中高級		6
6837	meditate	冥想、暗自策劃	verb		中高級		6
6838	meditation	冥想、沉思	noun		中高級		6
6839	melancholy	憂鬱；傷悲、（令人）悲哀的	noun/adj.		中高級		6
6840	mellow	（色彩或聲音）柔和豐富的；成熟	adj./verb		中高級		
6841	menace	危險的事物；威脅、恐嚇	noun/verb		中高級		
6842	mentality	心態、思想狀況	noun		中高級	L5	6
6843	merchandise	商品；（用廣告等方式）推銷	noun/verb		中高級		6
6844	mercury	汞、水銀	noun		中高級		
6845	merge	使合併	verb		中高級		5
6846	merger	（公司、組織的）合併	noun		中高級		
6847	mermaid	（傳說中的）美人魚	noun		中高級		
6848	metallic	金屬般的	adj.		中高級		
6849	metaphor	暗喻、隱喻	noun		中高級		5
6850	metric	公制的	adj.		中高級		
6851	metropolitan	大城市的、大都會的	adj.		中高級		5
6852	midst	中部、中間	noun/prep.		中高級		5
6853	migrant	(為工作)移居者、移民	noun		中高級	L6	6
6854	migrate	移居、遷移	verb		中高級	L6	
6855	migration	移居、遷移	noun		中高級		5
6856	mileage	英里里程	noun		中高級		
6857	milestone	轉折點、里程碑	noun		中高級		5
6858	militant	好戰的；激進份子	adj./noun		中高級		
6859	militia	民兵隊伍、國民自衛隊	noun		中高級		
6860	miller	磨坊主、磨坊工人	noun		中高級		
6861	millimeter	毫米、千分之ㄧ米	noun	= millimetre (British English) = mm	中高級		
6862	millionaire	百萬富翁、大富豪	noun		中高級		4
6863	mimic	模仿；會模仿的人	verb/noun		中高級		6
6864	mingle	使混合、（尤指社交場所）相交往	verb		中高級		6
6865	miniature	小型的；微型畫、縮微模型	adj./noun		中高級		5
6866	minimal	極小的、最小的	adj.		中高級	L9	5
6867	minimize	把…減至最少量	verb		中高級		5
6868	mining	採礦(業)	noun		中高級		
6869	ministerial	部長的、大臣的	adj.		中高級		
6870	mint	（郵票、硬幣等）簇新的	adj.		中高級		5
6871	mint	薄荷、鑄幣廠；鑄造（硬幣）	noun/verb		中高級		5
6872	miraculous	奇蹟般的、不平凡的	adj.		中高級		6
6873	miscarriage	流產	noun		中高級		
6874	mischievous	頑皮的、招惹是非的、惡意的	adj.		中高級		6
6875	miser	吝嗇鬼、守財奴	noun		中高級		
6876	missionary	傳教士；傳教的	noun/adj.		中高級		5
6877	mistaken	不正確的、被誤解的	adj.		中高級		
6878	moan	呻吟、抱怨；呻吟聲	verb/noun		中高級		5
6879	mobilize	動員、調動	verb	= mobilise (British English)	中高級		6
6880	mock	模擬的；模擬考試	adj./noun		中高級		5
6881	mock	嘲笑	verb		中高級		5
6882	mode	方式、模式、眾數	noun		中高級	L7	5
6883	modernization	(制度、方法等)現代化	noun		中高級		6
6884	modernize	使(系統、建築等)現代化	verb		中高級		6
6885	modify	(略微地)修改	verb		中高級	L5	5
6886	mold	模具、霉	noun	= mould (British English)	中高級		
6887	mold	將…塑造成	verb		中高級		
6888	molecule	分子	noun		中高級		5
6889	momentum	動力	noun		中高級		6
6890	monarch	君主、帝王	noun		中高級		6
6891	monarchy	君主政體	noun		中高級		
6892	monetary	貨幣的、錢的	adj.		中高級		6
6893	monopoly	壟斷、專利	noun		中高級		5
6894	monotonous	單調乏味的	adj.		中高級		
6895	monotony	單調乏味、千篇一律	noun		中高級		6
6896	monstrous	怪異的、道德敗壞的、巨大的	adj.		中高級		6
6897	moody	喜怒無常的、脾氣壞的、感傷的	adj.		中高級		6
6898	moor	曠野、高沼地	noun		中高級		
6899	moor	使停泊	verb		中高級		
6900	morale	士氣、鬥志	noun		中高級		6
6901	morality	道德、道德標準	noun		中高級		5
6902	mortal	終將死亡的、致命的	adj.		中高級		6
6903	mortal	凡人、普通人	noun		中高級		6
6904	mortar	灰泥、砂漿、迫擊炮、研缽	noun		中高級		
6905	mortar	用迫擊砲攻擊	verb		中高級		
6906	mosque	清真寺	noun		中高級		
6907	moss	苔蘚、地衣	noun		中高級		
6908	motherhood	母親身分、母性	noun		中高級		6
6909	motive	動機、目的；引起運動的	noun/adj.		中高級	L6	5
6910	motorist	駕車者、開汽車的人	noun		中高級		
6911	motorway	(英國的)高速公路	noun		中高級		
6912	motto	座右銘、格言	noun		中高級		6
6913	mound	土墩、小丘、一堆	noun		中高級		6
6914	mount	增加、舉辦；山、托架	verb/noun		中高級		5
6915	mounted	(尤指士兵或警官)騎馬的、安裝好的	adj.		中高級		
6916	mourn	(因失去…而)哀悼、憂傷	verb		中高級		6
6917	mournful	憂傷的、悲痛的	adj.		中高級		6
6918	mouthpiece	(電話的)話筒、傳聲筒	noun		中高級		
6919	moving	令人感動的、移動的	adj.		中高級		
6920	mower	割草機	noun		中高級		
6921	mule	騾子	noun		中高級		4
6922	multinational	跨國的；跨國公司	adj./noun		中高級		
6923	multitude	眾多、大量	noun		中高級		
6924	mumble	嘟噥、喃喃自語	verb/noun		中高級		5
6925	municipal	市立的、地方政府的	adj.		中高級		5
6926	muscular	肌肉的、強壯的	adj.		中高級		5
6927	muse	沉思；(作家、畫家等)的靈感	verb/noun		中高級		6
6928	mustache	上唇的鬍子	noun		中高級		6
6929	mustard	芥末、芥末醬	noun		中高級		5
6930	mute	啞的(過時用法)、沉默；使聲音弱化；弱音器、靜音按鈕	adj./verb/noun		中高級		6
6931	mutter	嘀咕、發牢騷；低語聲	verb/noun		中高級		
6932	mutton	羊肉	noun		中高級		
6933	myth	神話故事、普遍卻錯誤的看法	noun		中高級		5
6934	mythology	(統稱)神話、普遍卻錯誤的看法	noun		中高級		
6935	nadir	最糟的時刻、最低點	noun		中高級		
6936	nag	嘮叨、不停抱怨；嘮叨的人	verb/noun		中高級		6
6937	naive	缺乏經驗的、天真的	adj.		中高級		5
6938	nanny	保母	noun		中高級		
6939	narrate	講(故事)、敘述	verb		中高級		6
6940	narrative	敘述；敘事的	noun/adj.		中高級		5
6941	narrator	敘述者、旁白員	noun		中高級		6
6942	nationalism	民族主義	noun		中高級		6
6943	nationalist	民族主義的；民族主義者	adj./noun		中高級		
6944	nationwide	全國性的/地	adj./adv.		中高級		
6945	navel	肚臍	noun		中高級		
6946	navigate	導航、航行、找到正確方法	verb		中高級		6
6947	navigation	導航、領航、航行	noun		中高級		6
6948	nearsighted	近視的	adj.	= short-sighted (American English)	中高級		6
6949	necessitate	使成為必要	verb		中高級		
6950	necktie	領帶	noun		中高級		3
6951	negligible	微不足道的、不值一提的	adj.		中高級		
6952	negotiator	協商者、談判代表	noun		中高級		
6953	neighboring	鄰近的	adj.	= neighbouring (British English)	中高級		
6954	neon	氖、霓虹燈	noun		中高級		
6955	neutral	中立的、中性色的；中立者	adj./noun		中高級	L6	5
6956	newly	新當選的、新成立的	adv.		中高級		
6957	newlywed	新婚者	noun		中高級		
6958	newscast	新聞節目、新聞廣播	noun		中高級		
6959	newsreel	新聞短片	noun		中高級		
6960	nibble	小口咬；一小口、(聚會中)點心	verb/noun		中高級		
6961	nick	使有缺口；刻痕；關鍵時刻	verb/noun		中高級		
6962	nickel	鎳、(美國和加拿大的)五分硬幣；鍍鎳於	noun/verb		中高級		6
6963	nightclub	夜店	noun		中高級		
6964	nightingale	夜鶯	noun		中高級		
6965	nil	零、(體育比賽)0分、無	noun		中高級		
6966	nitrogen	氮氣	noun		中高級		
6967	nominal	名義上的、象徵性的	adj.		中高級		
6968	nominate	提名、推薦、任命	verb		中高級		5
6969	nomination	提名、推薦、任命	noun		中高級		5
6970	nominee	被提名人	noun		中高級		
6971	nonviolent	(政策)非暴力的、不訴諸武力的	adj.		中高級		
6972	norm	常態、正常行為、規範	noun		中高級	L9	5
6973	nostril	鼻孔	noun		中高級		6
6974	notable	顯要的、值得注意的；顯要人物	adj./noun		中高級		6
6975	notably	尤其、特別、非常	adv.		中高級		
6976	notation	(數學、科學、音樂中的)符號	noun		中高級		
6977	noted	(以…)聞名	adj.		中高級		
6978	noticeable	明顯的、顯著的	adj.		中高級		5
6979	notify	(正式地)通知、告知	verb		中高級		5
6980	notion	觀念、看法	noun		中高級	L5	5
6981	notorious	聲名狼藉的、惡名昭彰的	adj.		中高級		6
6982	notwithstanding	雖然、儘管、儘管如此	prep./adv.		中高級	L10	
6983	novelty	新奇、新奇的事物	noun		中高級		
6984	novice	新手、初學者	noun		中高級		6
6985	nucleus	原子核、細胞核、(…的)核心	noun		中高級		6
6986	nude	裸體的；裸體畫、裸體人像	adj./noun		中高級		6
6987	nuisance	麻煩事、討厭的人	noun		中高級		
6988	numerical	數字的、用數字表示的	adj.		中高級		
6989	nurture	養育、培養、滋長	verb/noun		中高級		6
6990	nutritious	有營養的、營養豐富的	adj.		中高級		4
6991	oar	船槳	noun		中高級		
6992	oasis	綠洲、(困苦中)令人快慰的地方	noun		中高級		6
6993	oath	誓言、誓詞	noun		中高級		6
6994	oatmeal	燕麥粉、燕麥粥、淺棕色	noun		中高級		6
6995	obedience	服從	noun		中高級		4
6996	obituary	訃聞	noun		中高級		
6997	obligate	迫使、幫忙	verb		中高級		
6998	obligation	義務、職責、責任	noun		中高級		5
6999	obligatory	必須的、強制的	adj.		中高級		
7000	oblige	強迫、幫忙	verb		中高級		6
7001	oblong	矩形(的)、橢圓形(的)	adj./noun		中高級		
7002	obscene	猥褻的、下流的	adj.		中高級		
7003	obscure	鮮為人知的、費解的；使模糊	adj./verb		中高級		5
7004	observer	觀察者、觀察員	noun		中高級		5
7005	obsess	使癡迷、使著迷	verb		中高級		6
7006	obsession	癡迷、使人癡迷的人(或物)	noun		中高級		
7007	obstinate	固執的、難以去除的	adj.		中高級		6
7008	occurrence	發生的事、事件	noun		中高級		6
7009	octopus	章魚	noun		中高級		6
7010	odds	機率、逆境	noun		中高級	L10	5
7011	odor	(尤指難聞的)氣味、臭味	noun	= odour (British English)	中高級		6
7012	offering	禮物、供物、祭品	noun		中高級		5
7013	offset	用膠印法印；平板印刷的	noun/adj.		中高級	L8	
7014	offset	補償、抵銷	verb		中高級	L8	
7015	offshore	海上的、離岸的；(公司或銀行)境外/海外的	adj./adv.		中高級		6
7016	offspring	子女、後代	noun		中高級		6
7017	old-fashioned	老式的、過時的	adj.		中高級		
7018	olive	橄欖；橄欖綠的	noun/adj.		中高級		5
7019	one-time	從前的、一次性的	adj.	= onetime	中高級		
7020	ongoing	繼續進行的、不斷發展的	adj.		中高級	L10	3
7021	opaque	不透明的、難懂、模糊	adj.		中高級		
7022	openly	公開地、毫不隱瞞地	adv.		中高級		
7023	operational	操作的、營運的、可使用的	adj.		中高級		5
7024	operative	可使用	adj.		中高級		6
7025	operative	操作員	noun		中高級		6
7026	opposed	強烈反對、截然不同的、完全相反的	adj.		中高級		
7027	oppress	壓迫、欺壓、使窒息	verb		中高級		6
7028	oppression	壓迫、壓制	noun		中高級		6
7029	opt	選擇、挑選	verb		中高級		5
7030	optical	光學的、視覺的	adj.		中高級		
7031	optimism	樂觀	noun		中高級		5
7032	optimum	最佳、最適宜的	adj.	= optimal	中高級		
7033	optional	可選擇的、選修的	adj.		中高級	L4	5
7034	orchard	果園	noun		中高級		5
7035	ordeal	磨難、折磨、嚴酷的考驗	noun		中高級		6
7036	ore	礦石	noun		中高級		
7037	organism	有機體、生物	noun		中高級		5
7038	organizer	籌辦者	noun		中高級		6
7039	Orient	東方(尤指中國和日本)	noun	= East	中高級	L5	6
7040	orient	朝向、確定方位、熟悉	verb	= orientate	中高級	L5	6
7041	oriental	東方的、東方人的	adj.	= eastern	中高級		6
7042	Oriental	東方人、東亞國家的人	noun		中高級		6
7043	orientation	方向、觀點、(任職前的)培訓	noun		中高級		4
7044	oriented	以…為導向的、以…為目的的	adj.		中高級		
7045	originality	獨創性、創造力	noun		中高級		5
7046	originate	發源、開始	verb		中高級		6
7047	ornament	裝飾品、擺設；裝飾、點綴	noun/verb		中高級		6
7048	orthodox	普遍接受的、正統的、傳統的	adj.		中高級		6
7049	ostrich	鴕鳥、逃避現實的人	noun		中高級		
7050	oust	剝奪、免、革職	verb		中高級		
7051	outbreak	(戰爭或疾病的)突然發生	noun		中高級		6
7052	outdo	勝過、優於	verb		中高級		
7053	outfit	全套服裝	noun		中高級		5
7054	outfit	為…提供配備	verb		中高級		5
7055	outgoing	外向的、將卸任的、離開的	adj.		中高級		6
7056	outing	(集體)出外遊玩、遠足	noun		中高級		6
7057	outlaw	宣佈…不合法；亡命徒	verb/noun		中高級		6
7058	outlet	(感情、思想的)出路、專營店	noun		中高級		5
7059	outlook	觀點、前景、景致	noun		中高級		6
7060	outnumber	在數量上勝過	verb		中高級		6
7061	outrage	使震怒；憤怒	verb/noun		中高級		6
7062	outrageous	駭人的、無法容忍的	adj.		中高級		6
7063	outright	完全的；公開地	adj./adv.		中高級		6
7064	outset	開端	noun		中高級		6
7065	outsider	局外人、非成員	noun		中高級		5
7066	outskirts	邊緣地帶、市郊	noun		中高級		6
7067	overdo	做得過分、濫用、烹煮時間過長	verb		中高級		6
7068	overeat	吃的過量	verb		中高級		
7069	overhear	偶然聽到	verb		中高級		6
7070	overlap	重疊；重疊部分	verb/noun		中高級	L9	6
7071	oversee	監督、監視	verb		中高級		5
7072	oversleep	睡過頭、睡得太久	verb		中高級		
7073	overt	公開的、明顯的	adj.		中高級		
7074	overturn	使翻倒	verb		中高級		5
7075	overwhelm	徹底擊敗、難以承受、淹沒	verb		中高級		5
7076	overwhelming	巨大的、無法抗拒的	adj.		中高級		
7077	overwork	使工作過度；過勞	verb/noun		中高級		6
7078	oxide	氧化物	noun		中高級		
7079	oyster	牡蠣、蠔	noun		中高級		6
7080	ozone	臭氧	noun		中高級		6
7081	packaging	包裝材料	noun		中高級		
7082	packed	非常擁擠的	adj.		中高級		
7083	packing	包裝、收拾行李；包裝材料	noun		中高級		
7084	pact	條約、協議	noun		中高級		
7085	paddle	船槳；用槳划船	noun/verb		中高級		6
7086	pagan	異教徒的；異教徒	adj./noun		中高級		
7087	paid	付費的、有報酬的	adj.		中高級		
7088	pail	桶	noun		中高級		
7089	pamphlet	小冊子、手冊	noun		中高級		
7090	pane	(一片)窗玻璃	noun		中高級		
7091	paperback	平裝書	noun		中高級		6
7092	par	標準、平均	noun		中高級		
7093	paradox	矛盾的人(或事物)、悖論	noun		中高級		6
7094	paralysis	麻痺、癱瘓	noun		中高級		
7095	paralyze	使麻痹、使癱瘓	verb	= paralyse (British English)	中高級		6
7096	parameter	決定因素、規範	noun		中高級	L4	
7097	parish	教區、(英國)鄉村的行政小區	noun		中高級		
7098	parliamentary	議會的、國會的	adj.		中高級		
7099	parlor	(私人住房的)起居室、客廳	noun	= parlour	中高級		
7100	parsley	歐芹、荷蘭芹	noun		中高級		
7101	participation	參加、參與	noun		中高級		4
7102	particle	微粒、粒子	noun		中高級		5
7103	partition	隔牆、隔板；分隔、隔開	noun/verb		中高級		
7104	partly	一定程度上、部分地	adv.		中高級		5
7105	passing	暫時的、瞬間的；(時間)流逝	adj./noun		中高級		
7106	passionate	情感強烈的、具有強烈信念的	adj.		中高級		5
7107	password	暗號、口令、密碼	noun		中高級		2
7108	pastime	消遣、娛樂	noun		中高級		6
7109	pastry	油酥點心、糕餅	noun		中高級		5
7110	pasture	牧場；放牧	noun/verb		中高級		
7111	patch	補丁、菜園；縫補、言歸於好	noun/verb		中高級		5
7112	patent	專利證書；獲得專利權；專利的	noun/verb/adj.		中高級		5
7113	pathetic	可悲的、不成功的	adj.		中高級		5
7114	patriot	愛國者	noun		中高級		6
7115	patrol	巡邏；巡邏兵	verb/noun		中高級		5
7116	patron	贊助者、老主顧	noun		中高級		5
7117	patronage	資助、光顧	noun		中高級		
7118	pavement	(馬路邊的)人行道	noun		中高級		
7119	peacekeeping	維護和平	noun		中高級		
7120	peacock	(公)孔雀	noun		中高級		6
7121	peck	啄、匆匆地輕吻；匆匆的吻	verb/noun		中高級		
7122	peddle	挨戶銷售、宣傳(思想、消息)	verb		中高級		
7123	peddler	毒品販子	noun		中高級		
7124	pedestrian	行人；行人的、乏味的	noun/adj.		中高級		5
7125	peek	偷看、微露出；偷看	verb/noun		中高級		6
7126	peg	釘子、掛衣鉤；用釘子釘住	noun/verb		中高級		
7127	pending	待定、即將發生的；直到…為止	adj./prep.		中高級		6
7128	pendulum	鐘擺	noun		中高級		
7129	penetrate	刺入、穿透	verb		中高級		5
7130	peninsula	半島	noun		中高級		6
7131	penis	陰莖	noun		中高級		
7132	pension	退休金；准許/強迫某人退休	noun/verb		中高級		5
7133	pensioner	領養老金者、退休人員	noun		中高級		
7134	perceive	意識到、注意到	verb		中高級	L2	5
7135	perception	感知、洞察力	noun		中高級		5
7136	perch	棲息、坐在…(的邊緣)；(鳥)棲息地	verb/noun		中高級		6
7137	perennial	長久的、持續的；多年生植物	adj./noun		中高級		
7138	perfect	使完善、使完美	verb		中高級		2
7139	peril	嚴重危險；危及	noun/verb		中高級		6
7140	periodic	間歇性的、定期的、週期的	adj.		中高級	L1	
7141	periodical	週期性的	adj.		中高級		
7142	periodical	(學術)期刊	noun		中高級		
7143	perish	暴死、喪失、毀滅	verb		中高級		6
7144	permeate	滲透、瀰漫、(思想等)傳播	verb		中高級		
7145	permissible	容許的、許可的	adj.		中高級		6
7146	perpetual	不間斷、持續的	adj.		中高級		
7147	perplex	迷惑、使困惑	verb		中高級		
7148	perseverance	毅力、不屈不撓的精神	noun		中高級		
7149	persevere	堅持、孜孜以求	verb		中高級		6
7150	persistence	堅持、執意	noun		中高級		6
7151	persistent	堅持的、持續存在的	adj.		中高級		6
7152	personnel	(公司的)員工	noun		中高級		5
7153	perspective	(思考問題的)角度、觀點	noun		中高級	L5	5
7154	pertain	有關、從屬	verb		中高級		
7155	pertinent	有關的、恰當的	adj.		中高級		
7156	pessimism	悲觀、悲觀主義	noun		中高級		5
7157	pesticide	殺蟲劑、農藥	noun		中高級		
7158	petition	請願書；請求、請願	noun/verb		中高級		5
7159	petroleum	石油	noun		中高級		6
7160	petty	瑣碎的、次要的、小氣的	adj.		中高級		5
7161	pharmaceutical	製藥的、賣藥的；藥物	adj./noun		中高級		
7162	pharmacist	藥師	noun		中高級		6
7163	pharmacology	藥物學、藥理學	noun		中高級		
7164	pharmacy	藥房、藥劑學	noun		中高級		6
7165	phase	階段；分階段進行	noun/verb		中高級	L4	5
7166	physiological	生理學的	adj.		中高級		
7167	physiology	生理學	noun		中高級		
7168	pickle	醃菜；醃漬	noun/verb		中高級		4
7169	pickpocket	扒手、小偷	noun		中高級		6
7170	pickup	取（貨）、接（人）；好轉	noun		中高級		5
7171	picturesque	風景如畫的、(地方)美麗的	adj.		中高級		
7172	pier	突堤碼頭	noun		中高級		5
7173	pierce	刺破、(光、聲)穿過	verb		中高級		
7174	piercing	銳利的、刻骨的	adj.		中高級		
7175	piety	虔誠	noun		中高級		
7176	pillar	柱子、中流砥柱、核心	noun		中高級		5
7177	pimple	(長在臉上的)粉刺	noun		中高級		6
7178	pinch	捏、擰；一撮	verb/noun		中高級		6
7179	pious	虔誠的、虔敬的、偽善的	adj.		中高級		
7180	pipeline	(地下的)導管、輸油管；渠道	noun		中高級		5
7181	piss	撒尿；尿	verb/noun		中高級		
7182	pistol	手槍	noun		中高級		
7183	pitcher	(棒球的)投手、(帶柄和嘴的)壺	noun		中高級		5
7184	plague	瘟疫、災害；不斷困擾、折磨	noun/verb		中高級		6
7185	plantation	種植園、林場	noun		中高級		6
7186	plaster	水泥、石膏；用水泥抹牆、貼滿、塗滿	noun/verb		中高級		
7187	plateau	高原、(發展增長後的)穩定期	noun		中高級		
7188	plausible	有道理的、可信的、巧言令色的	adj.		中高級		
7189	playful	有趣的、愛玩的、鬧著玩的	adj.		中高級		3
7190	playwright	劇作家	noun		中高級		6
7191	plea	懇求、申訴	noun		中高級		5
7192	plead	乞求、(在法庭)辯護、解釋	verb		中高級		5
7193	pledge	保證、諾言；正式承諾	noun/verb		中高級		5
7194	plight	困境、苦境	noun		中高級		
7195	plow	犁；犁地	noun/verb	= plough (British English)	中高級		6
7196	pluck	摘、拔、解救；膽識	verb/noun		中高級		
7197	plunge	(價值或程度)暴跌、驟降、跳入	verb/noun		中高級		5
7198	pneumonia	肺炎	noun		中高級		6
7199	poach	水煮；(在他人地界)偷獵、盜用、挖走(人員)	verb		中高級		
7200	pocketbook	（女用）手提包；財力；筆記本	noun		中高級		
7201	poetic	詩歌的、像詩ㄧ般的	adj.		中高級		5
7202	pointed	尖的、尖銳的、明確的	adj.		中高級		
7203	poised	準備好(做某事)、泰然自若的	adj.		中高級		
7204	poke	戳、探出、搜查、戳	verb/noun		中高級		5
7205	polar	極地的、完全相反的	adj.		中高級		6
7206	pollutant	污染物質	noun		中高級		
7207	ponder	沉思、考慮	verb		中高級		6
7208	pope	教宗、教皇	noun		中高級		
7209	popularity	普及、受歡迎、聲望	noun		中高級		4
7210	populate	居住於、構成…的人口、移居	verb		中高級		6
7211	porcelain	瓷、瓷器	noun	= china 瓷器	中高級		3
7212	porch	門廊、門廳	noun		中高級		5
7213	pore	(皮膚的)毛孔、氣孔；仔細審視	noun/verb		中高級		
7214	portfolio	文件夾、作品選集	noun		中高級		5
7215	postulate	假定、假設	verb/noun		中高級		
7216	posture	姿勢、立場；故作姿態	noun/verb		中高級		6
7217	postwar	(尤指)第二次世界大戰以後的	adj.		中高級		
7218	potent	有強效的、有力的	adj.		中高級		6
7219	potter	陶工	noun		中高級		
7220	practicable	可行的	adj.		中高級		
7221	practitioner	(尤指醫學或法律的)從業人員	noun		中高級	L8	5
7222	prairie	北美草原、新大陸北部草原	noun		中高級		
7223	preach	講道、宣揚教義	verb		中高級		6
7224	precaution	預防措施、預防	noun		中高級		5
7225	precede	在…之前發生、先於	verb		中高級	L6	6
7226	precedent	先前出現的事例、前例	noun		中高級		6
7227	precipitate	使突然降臨、加速；魯莽的	verb/adj.		中高級		
7228	precisely	準確地、仔細地、的確如此	adv.		中高級		
7229	precision	精確、準確、細緻	noun		中高級		6
7230	preclude	使行不通、防止、排除	verb		中高級		
7231	predator	掠食者、食肉動物	noun		中高級		5
7232	predecessor	前任、前身	noun		中高級		6
7233	predictable	可預料的、老套乏味的	adj.		中高級		
7234	predominant	顯著的、盛行的、主導的	adj.		中高級	L8	
7235	predominantly	主要地、多數情況下	adv.		中高級		
7236	preface	書的前言；為…寫序言	noun/verb		中高級		
7237	preference	偏愛、愛好	noun		中高級		5
7238	prehistoric	史前的、有文字記載以前的	adj.		中高級		6
7239	prejudice	偏見、歧視；使有成見	noun/verb		中高級		5
7240	preliminary	初步的；預備性措施	adj./noun		中高級	L9	5
7241	premature	未成熟的、早產的、草率的	adj.		中高級		5
7242	premier	總理、首相 ；最高的、首位的	noun/adj.		中高級		5
7243	premiere	(電影的)首映、(戲劇的)首演	noun/verb		中高級		6
7244	premise	(法律用語)房屋、土地；經營場地	noun		中高級		5
7245	premise	（作為先決條件的）假定、前提; 假定、以…為前提	noun/verb		中高級		5
7246	premium	稀少、優質的	adj.		中高級		5
7247	premium	保險費	noun		中高級		5
7248	preposition	介係詞	noun		中高級		
7249	prescribe	给…開處方、規定、命令	verb		中高級		5
7250	prescription	處方、醫生開的藥	noun		中高級		5
7251	present	贈送、頒發	verb		中高級		1
7252	preservation	保存、保護	noun		中高級		4
7253	preside	主持會議、擔任主席	verb		中高級		6
7254	presidency	主席、總統的職位(任期)	noun		中高級		5
7255	president-elect	候任總統	noun		中高級		
7256	prestige	聲望；受尊重的、令人敬仰的	noun/adj.		中高級		6
7257	prestigious	有威望的	adj.		中高級		
7258	presumably	很可能、大概	adv.		中高級	L6	5
7259	presume	假設、推定	verb		中高級	L6	5
7260	pretext	藉口、託辭	noun		中高級		
7261	prevail	普遍存在、流行、戰勝	verb		中高級		5
7262	prevailing	普遍的、盛行的	adj.		中高級		
7263	prevalent	普遍的、流行的	adj.		中高級		
7264	preventive	預防性的、防備的；預防措施或藥物	adj./noun		中高級		6
7265	prey	獵物；捕食	noun/verb		中高級		5
7266	priceless	極其貴重的、無價的	adj.		中高級		6
7267	prick	刺、扎；針刺感	verb/noun		中高級		
7268	primarily	主要地	adv.		中高級	L2	
7269	prior	先前的；小修道院男院長	adj./noun		中高級	L4	5
7270	priority	優先處理的事、優先權	noun		中高級	L7	4
7271	privatize	使私有化、將…私營化	verb		中高級		6
7272	pro	職業選手； 職業的、專業的	noun/adj.		中高級		
7273	pro	擁護、支持	prep.		中高級		
7274	probability	可能性、很可能發生的事、機率	noun		中高級		
7275	probe	追問、詳盡； 調查、探針	verb/noun		中高級		6
7276	proceeding	訴訟、事件	noun		中高級		
7277	proceeds	收益	noun		中高級		
7278	procession	(人或車)行列、一隊人	noun		中高級		6
7279	processor	加工機、處理器	noun		中高級		
7280	proclaim	宣佈、聲明	verb		中高級		5
7281	produce	(尤指)農產品	noun		中高級		2
7282	productivity	生產率、生產量	noun		中高級		5
7283	proficiency	熟練、精通	noun		中高級		6
7284	proficient	熟練的、精通的	adj.		中高級		
7285	profile	側面像、人物簡介；寫…的概況	noun/verb		中高級		5
7286	profound	深遠的、知識淵博的、艱深的	adj.		中高級		5
7287	prohibition	(尤指通過法律的)禁止、禁令	noun		中高級		6
7288	project	計畫、估計、投射、展現	verb		中高級	L4	2
7289	projection	預測、投射	noun		中高級		5
7290	proliferate	迅速繁殖、猛增	verb		中高級		
7291	prolong	延長	verb		中高級		5
7292	prone	易於遭受、有做(壞事)的傾向	adj.		中高級		5
7293	pronoun	代名詞	noun		中高級		
7294	prop	(戲劇或電影中的)道具	noun		中高級		
7295	prop	支撐	verb		中高級		
7296	propaganda	宣傳、鼓吹	noun		中高級		5
7297	propagate	宣傳、繁殖	verb		中高級		
7298	propel	推動、驅使	verb		中高級		6
7299	propeller	螺旋槳	noun		中高級		
7300	prophet	先知、預言者、倡導者	noun		中高級		5
7301	proportional	相稱的、成比例的	adj.		中高級		
7302	proposition	提議、主張；求歡	noun/verb		中高級		
7303	prose	散文	noun		中高級		6
7304	prosecute	起訴、控告	verb		中高級		6
7305	prosecution	(被)刑事起訴、原告律師	noun		中高級		5
7306	prosecutor	檢察官、控方律師	noun		中高級		
7307	prospect	探礦、勘探	verb		中高級	L8	5
7308	prospective	可能的、潛在的	adj.		中高級	L8	6
7309	prostitute	賣淫者；濫用才能、糟蹋自己	noun/verb		中高級		
7310	prostitution	賣淫	noun		中高級		
7311	prototype	(新型汽車、機器的)原型	noun		中高級		6
7312	provided	如果、假如、在…條件下	conj.	provided that= providing that	中高級		
7313	provincial	省的、首都外的、心胸狹隘的；鄉巴佬	adj./noun		中高級		6
7314	provision	供給、供應品；為…提供物品	noun/verb		中高級		5
7315	provisional	臨時的、暫定的	adj.		中高級		6
7316	provocative	挑釁的、煽動性的、引誘的	adj.		中高級		
7317	provoke	激起、引起	verb		中高級		5
7318	prowl	潛行(為捕獵)；悄然潛行	verb/noun		中高級		
7319	proximity	(時間或空間)鄰近	noun		中高級		
7320	prune	梅子乾	noun		中高級		
7321	prune	修剪樹枝、裁減	verb		中高級		
7322	psychiatric	精神病學的、精神病治療的	adj.		中高級		
7323	psychiatrist	精神科醫生	noun		中高級		
7324	psychiatry	精神病學	noun		中高級		6
7325	psychic	超自然的、通靈的；通靈的人	adj./noun	adj.= psychical	中高級		6
7326	publicize	公佈、宣傳	verb		中高級		6
7327	puff	吸、抽；抽(香煙等)、使噴出	noun/verb		中高級		6
7328	pulse	脈搏；跳動、洋溢著(激情等)	noun/verb		中高級		5
7329	punk	龐克搖滾樂；龐克的	noun/adj.		中高級		
7330	purely	純粹地、僅僅	adv.		中高級		
7331	purify	使潔淨、淨化(心靈)	verb		中高級		6
7332	purity	純潔、純淨	noun		中高級		6
7333	put-down	令人難堪的話、貶損的話	noun		中高級		
7334	putt	(高爾夫球的)推球入洞；輕輕擊球	noun/verb		中高級		
7335	pyramid	金字塔、金字塔型的物體	noun		中高級		5
7336	quack	(鴨子的)呱呱聲、庸醫； 呱呱叫	noun/verb		中高級		
7337	quake	(因恐懼或緊張)顫抖；地震	verb/noun	noun= earthquake	中高級		6
7338	qualifier	合格者、資格賽	noun		中高級		
7339	qualitative	質量的、定性的	adj.		中高級	L9	
7340	quantify	以數量表示、量化	verb		中高級		
7341	quantitative	數量的、量化的	adj.		中高級		
7342	quantum	量子	noun		中高級		
7343	quarrelsome	愛爭吵的、好口角的	adj.		中高級		
7344	quart	夸脫	noun		中高級		
7345	quarter-final	半準決賽	noun		中高級		
7346	quarterly	每季的、按季的；季刊	adj./adv./noun		中高級		
7347	quartet	四重奏樂團、四重唱組合	noun	= quartette	中高級		
7348	quartz	石英	noun		中高級		
7349	queer	反常的；同性戀者；破壞計劃	adj./noun/verb		中高級		3
7350	quench	解渴、撲滅	verb		中高級		
7351	query	詢問；表示疑慮	noun/verb		中高級		
7352	quest	(長期的)探索、追求	noun/verb		中高級		5
7353	questionnaire	調查表、問卷	noun		中高級		5
7354	quiver	輕微顫動、哆嗦；顫抖	verb/noun		中高級		5
7355	quota	定額、配額	noun		中高級		5
7356	quotation	引文、語錄；報價、行情	noun		中高級	L7	4
7357	racing	賽馬、速度比賽	noun		中高級		
7358	racism	種族歧視、種族主義	noun		中高級		5
7359	racist	種族主義的；種族主義者	adj./noun		中高級		
7360	rack	架子	noun		中高級		5
7361	rack	使痛苦不堪、使受折磨	verb		中高級		5
7362	radiant	容光煥發的、燦爛的	adj.		中高級		6
7363	radiate	流露、煥發	verb		中高級		6
7364	radiator	散熱器、暖氣片	noun		中高級		
7365	radioactive	放射性的、有輻射的	adj.		中高級		6
7366	radish	蘿蔔	noun		中高級		6
7367	radius	半徑、半徑範圍、周圍	noun		中高級		6
7368	raft	筏、橡皮艇、大量；漂筏	noun/verb		中高級		
7369	rag	抹布	noun		中高級		3
7370	rag	嘲笑、捉弄	verb		中高級		3
7371	ragged	破舊的、衣衫襤褸的、不流暢的	adj.		中高級		5
7372	raid	突襲、劫掠、搜查	verb/noun		中高級		5
7373	rail	欄杆、軌道；譴責；抱怨	noun/verb		中高級		5
7374	rally	大型公眾集會；召集、集合	noun/verb		中高級		5
7375	ranch	牧場、大農場	noun		中高級		5
7376	random	隨機的、隨意的；隨機、隨意	adj./noun		中高級	L8	5
7377	ranking	地位高的、高級的；排名	adj/noun		中高級		
7378	ransom	贖金；(為某人)交付贖金	noun/verb		中高級		
7379	rap	饒舌音樂	noun		中高級		6
7380	rap	敲擊、批評、指責	verb		中高級		6
7381	rape	強暴、強姦； 強姦罪	verb/noun		中高級		
7382	rascal	無賴、壞蛋、淘氣鬼	noun		中高級		
7383	rash	急躁的、魯莽的	adj.		中高級		6
7384	rash	皮疹	noun		中高級		6
7385	ratify	正式批准、使正式生效	verb		中高級		
7386	rating	等級、程度	noun		中高級		
7387	ratio	(兩個數量間的)比例	noun		中高級	L5	5
7388	rational	(想法、決定等)合理的、理性的	adj.		中高級	L6	5
7389	rattle	發出喀噠聲、使緊張； 喀噠聲	verb/noun		中高級		5
7390	ravage	毀壞、損壞	verb		中高級		
7391	rave	狂歡晚會	noun		中高級		
7392	rave	極力誇獎；高度稱讚的	verb/adj.		中高級		
7393	reactor	核反應堆、反應器	noun		中高級		
7394	realism	實務作風、現實主義	noun		中高級		5
7395	realization	領會、領悟、(目標等的)實現	noun	= realisation (British English)	中高級		6
7396	realm	領域、場所	noun		中高級		5
7397	reap	取得成果、收穫	verb		中高級		6
7398	reassure	使安心、使消除疑慮	verb		中高級		5
7399	rebellion	造反、叛亂	noun		中高級		5
7400	rebellious	反叛的、叛亂的、反對權威的	adj.		中高級		
7401	recipient	受方、接受者	noun		中高級		5
7402	reciprocal	互惠的、相應的	adj.		中高級		
7403	reckless	魯莽的、無所顧忌的	adj.		中高級		6
7404	reckon	認為、以為、估算	verb		中高級		6
7405	reclaim	取回(以付的金錢)、恢復	verb		中高級		
7406	recommendation	正式建議、提議	noun		中高級		5
7407	reconcile	使配合、使和解	verb		中高級		6
7408	reconciliation	調解、和解	noun		中高級		
7409	reconstruction	修復、(尤指戰後的)重建	noun		中高級		
7410	recording	(音樂、演說或影像的)錄製品	noun		中高級		
7411	recreational	娛樂、消遣的	adj.		中高級		6
7412	recruit	招收新成員；新兵	verb/noun		中高級		5
7413	rectangular	長方形的、矩形的	adj.		中高級		
7414	rectify	糾正、矯正	verb		中高級		
7415	recur	再發生、反覆出現	verb		中高級		
7416	redundancy	(因勞動力過剩而造成的)裁員、多餘	noun		中高級		6
7417	redundant	被裁減的、多餘的	adj.		中高級		
7418	reef	礁、礁脈	noun		中高級		6
7419	reel	捲軸； 捲、繞	noun/verb		中高級		
7420	referee	裁判、調解人；擔任裁判	noun/verb		中高級		6
7421	referendum	公民投票	noun		中高級		6
7422	refine	精煉、改進	verb		中高級	L9	
7423	reflective	沉思的、反光的	adj.		中高級		6
7424	reformer	改革者	noun		中高級		
7425	refrain	疊句、副歌	noun		中高級		
7426	refrain	避免、克制	verb		中高級		
7427	refreshment	活力恢復、零食飲料	noun		中高級		6
7428	refuge	庇護、收容所	noun		中高級		5
7429	refund	退款	noun/verb		中高級		4
7430	refute	駁斥、否認	verb		中高級		6
7431	regain	重新獲得、返回	verb		中高級		
7432	reggae	雷鬼(音樂)	noun		中高級		
7433	regime	政權、組織方法	noun		中高級	L4	5
7434	regiment	軍團、一大群(人、物)	noun		中高級		
7435	regulator	監督者、自動調節器	noun		中高級		
7436	rehabilitate	恢復、重建	verb		中高級		6
7437	reign	君王統治、支配；統治(期間)	verb/noun		中高級		6
7438	rein	韁繩；嚴格控制	noun/verb		中高級		
7439	reinforce	加強、鞏固	verb		中高級	L8	5
7440	rejection	拒絕、駁回	noun		中高級		4
7441	rejoice	高興、慶賀	verb		中高級		6
7442	relativity	相對論、相對性	noun		中高級		
7443	relay	接力賽、接替(人員)；轉達	noun/verb		中高級		6
7444	relegate	使貶職、使降級	verb		中高級		
7445	relentless	不放棄的、無情的	adj.		中高級		6
7446	relevant	相關的、有價值的	adj.		中高級	L2	4
7447	reliability	可靠程度、可信賴性	noun		中高級	L3	
7448	reliance	依賴、依靠	noun		中高級		6
7449	relic	遺物、遺跡、遺俗	noun		中高級		6
7450	relieved	感到放心的、心情放鬆的	adj.		中高級		
7451	relish	喜歡、品味；樂趣、調味佐料	verb/noun		中高級		
7452	remainder	其餘人或物、殘餘；廉價出售（剩書等）	noun/verb		中高級		6
7453	remaining	剩餘的、仍需處理的	adj.		中高級		
7454	remains	剩餘物、遺跡、遺體	noun		中高級		
7455	reminiscent	懷舊的、使憶起的	adj.		中高級		6
7456	remnant	殘餘、遺跡、剩料（零頭布）；剩餘的	noun/adj.		中高級		
7457	removal	移除、清除	noun		中高級		5
7458	renaissance	文藝復興、復興	noun		中高級		
7459	render	使成為、使處於某狀態、提供	verb		中高級		5
7460	renewable	（能源）可再生的；可展期的	adj.		中高級		
7461	renewal	更新、恢復、續訂(契約)	noun		中高級		
7462	renowned	聞名的、受尊敬的	adj.		中高級		6
7463	rental	租金、出租；租用的	noun/adj.		中高級		5
7464	reopen	重新開業、重新處理	verb		中高級		
7465	reorganize	重組、整頓	verb	= reorganise (British English)	中高級		
7466	repatriate	遣返	verb		中高級		
7467	repay	償還、報答	verb		中高級		5
7468	repayment	償還、分期付款額	noun		中高級		
7469	repel	擊退、趕走	verb		中高級		
7470	repertoire	可表演曲目、全部才能	noun		中高級		
7471	replacement	更換、替代品、接替者	noun		中高級		
7472	replay	重新比賽、重播	verb/noun		中高級		
7473	reportedly	據說、據傳聞	adv.		中高級		
7474	repress	壓抑、鎮壓	verb		中高級		
7475	repression	鎮壓、抑制	noun		中高級		
7476	reproach	指責；責備(的話)、恥辱	verb/noun		中高級		
7477	reproduce	複製、再現、繁殖	verb		中高級		6
7478	reproduction	繁衍、複製	noun		中高級		
7479	reptile	爬蟲類；爬蟲類的	noun/adj.		中高級		6
7480	resemblance	相似	noun		中高級		5
7481	resent	對…感到憤慨、怨恨	verb		中高級		
7482	resentment	憤恨、怨恨	noun		中高級		
7483	reserved	預訂的、含蓄寡言的	adj.		中高級		
7484	reservoir	水庫、蓄水池、儲液槽	noun		中高級		5
7485	reside	居住在、存在於、隸屬於	verb		中高級	L2	6
7486	residential	住宅的、提供住宿的	adj.		中高級		5
7487	resigned	逆來順受的、死心的	adj.		中高級		
7488	resolute	堅決的、有決心的	adj.		中高級		
7489	resonance	宏亮、引起共鳴	noun		中高級		
7490	resonant	宏亮的、響遍的、產生共鳴的	adj.		中高級		
7491	resort	旅遊勝地	noun		中高級		5
7492	resort	訴諸於、憑藉、採用	verb		中高級		5
7493	respectable	值得尊敬的、相當好的	adj.		中高級		4
7494	respected	受尊敬的、被認為重要的	adj.		中高級		
7495	respectful	表示敬意的、尊敬的	adj.		中高級		4
7496	respective	分別的、各自的	adj.		中高級		6
7497	respectively	分別、各自、依序是	adv.		中高級		
7498	restrain	阻止、約束(自己)	verb		中高級	L9	6
7499	restrained	克制的、樸素的	adj.		中高級	L9	
7500	restraint	約束力、控制、克制	noun		中高級		6
7501	restructure	調整結構、改組	verb		中高級	L1	
7502	resultant	因而發生的	adj.		中高級		
7503	resume	(中斷後)繼續、恢復	verb		中高級		5
7504	retail	零售；以零售方式；零售	noun/adv./verb		中高級		5
7505	retailer	零售商、零售店	noun		中高級		
7506	retaliate	報復、反擊	verb		中高級		
7507	retention	保持、維持、記憶力	noun		中高級		
7508	retirement	退休、退休生活	noun		中高級		
7509	retort	反擊、反駁、頂嘴	verb/noun		中高級		6
7510	retrieval	取回、索回	noun		中高級		
7511	retrieve	取回、(電腦)檢索資料	verb		中高級		6
7512	retrospect	回顧、回憶	noun		中高級		
7513	retrospection	回顧、回憶	noun		中高級		
7514	retrospective	回顧的、溯及既往的	adj.		中高級		
7515	reunion	重聚、團聚	noun		中高級		4
7516	revealing	揭露真相的、過分暴露的	adj.		中高級		
7517	revelation	被揭露的真相、揭露、天啟	noun		中高級		6
7518	revenue	財政收入、收益	noun		中高級	L5	5
7519	reverse	顛倒、轉向；相反、反面；反面的、逆轉的	verb/noun/adj.		中高級	L7	5
7520	revival	振興、復興	noun		中高級		6
7521	revive	甦醒、復活、使重做	verb		中高級		6
7522	revolt	反叛、厭惡；造反、嫌惡	noun/verb		中高級		6
7523	revolve	旋轉、(天體)公轉	verb		中高級		6
7524	rhetoric	修辭學、華而不實的言語	noun		中高級		5
7525	rhetorical	修辭學的、反詰的、誇張的	adj.		中高級		
7526	rhinoceros	犀牛	noun	= rhino	中高級		
7527	rhythmic	有節奏的、節奏規律的	adj.		中高級		
7528	rib	肋骨；嘲笑	noun/verb		中高級		5
7529	ridge	山脊、隆起；隆起、成脊狀	noun/verb		中高級		5
7530	ridicule	揶揄(的話)；嘲笑、奚落	noun/verb		中高級		
7531	rig	(以不正當手段)操縱、裝配；裝備、鑽井設備	verb/noun		中高級		
7532	right-wing	右翼的、右派的；右派	adj./noun	名詞為right wing	中高級		
7533	rigid	死板的、僵硬的、堅硬的	adj.		中高級	L9	5
7534	rigor	嚴酷、艱苦、嚴謹	noun	= rigour	中高級		
7535	rigorous	嚴格的、嚴密的、嚴酷的	adj.		中高級		6
7536	rim	(圓形物的)邊緣	noun		中高級		5
7537	riot	暴亂、騷動；掀起暴動	noun/verb		中高級		5
7538	riotous	暴亂的、狂歡的	adj.		中高級		
7539	rip	撕裂、扯開；裂縫、破綻	verb/noun		中高級		5
7540	ripple	漣漪；起漣漪	noun/verb		中高級		6
7541	risky	有危險的、有風險的	adj.		中高級		5
7542	rite	(宗教)儀式	noun		中高級		
7543	ritual	儀式、慣例；儀式的、祭典的、老套的	noun/adj.		中高級		5
7544	rivalry	競爭、較量	noun		中高級		6
7545	roach	蟑螂	noun	蟑螂= cockroach	中高級		2
7546	roam	閒逛、漫步；漫遊、閒逛	verb/noun		中高級		6
7547	robin	知更鳥	noun		中高級		
7548	robust	強健的、信心十足的	adj.		中高級		6
7549	rocky	岩石的；困難的	adj.		中高級		2
7550	roller	滾筒、捲髮器	noun		中高級		
7551	roommate	室友	noun	= room-mate	中高級		
7552	rotary	旋轉的	adj.	= rotatory	中高級		
7553	rotate	旋轉、(天體)自轉、輪班	verb		中高級		6
7554	rotation	(天體)自轉、輪換	noun		中高級		6
7555	rouge	胭脂、口紅；擦胭脂、塗口紅	noun/verb		中高級		
7556	rouse	喚醒、鼓舞	verb		中高級		
7557	row	吵架、口角；爭吵、吵鬧	noun/verb		中高級		1
7558	royalty	王室成員；版稅	noun		中高級		6
7559	ruby	紅寶石、深紅色	noun		中高級		
7560	rugby	橄欖球運動	noun		中高級		
7561	rugged	崎嶇的、粗獷的、耐用的	adj.		中高級		6
7562	ruling	統治的、占優勢的；裁決	adj./noun		中高級		
7563	rumble	隆隆響、發出低沉聲；轟隆聲	verb/noun		中高級		
7564	run-up	(重要事情的)準備、助跑	noun		中高級		
7565	runner-up	亞軍	noun		中高級		
7566	rupture	破裂；使破裂	noun/verb		中高級		
7567	rustle	急忙行動	verb		中高級		
7568	rustle	(使)沙沙作響；窸窣聲	verb/noun		中高級		
7569	ruthless	殘酷無情的	adj.		中高級		6
7570	résumé	概述、(求職)簡歷	noun		中高級		
7571	sacred	神聖的、受崇敬的	adj.		中高級		5
7572	saddle	馬鞍；肩負重任	noun/verb		中高級		5
7573	safari	(在非洲)遊獵、長途旅行	noun		中高級		
7574	safeguard	保衛；安全措施	verb/noun		中高級		
7575	saint	聖人、聖人般的人	noun		中高級		5
7576	salmon	鮭魚	noun		中高級		5
7577	salon	美髮廳、沙龍	noun		中高級		5
7578	saloon	轎車、酒吧	noun		中高級		
7579	salutation	招呼致意、(信函開頭)稱呼語	noun		中高級		
7580	salute	向…行禮；敬禮	verb/noun		中高級		6
7581	salvage	搶救、打撈；搶救、廢物利用	verb/noun		中高級		6
7582	salvation	救贖、救助(的途徑)	noun		中高級		
7583	sanctuary	庇護、避難所、禁獵區	noun		中高級		
7584	sandal	涼鞋	noun		中高級		5
7585	sandy	含沙的、淺棕色的	adj.		中高級		
7586	sane	神智健全的、明智的	adj.		中高級		
7587	sanitation	衛生設備	noun		中高級		6
7588	satisfied	滿意的、信服的	adj.		中高級		
7589	saturate	使濕透、使飽和	verb		中高級		
7590	Saudi Arabia	沙烏地阿拉伯	noun		中高級		
7591	savage	兇猛的、野蠻的；野蠻人；猛烈攻擊	adj./noun/verb		中高級		6
7592	scandal	醜聞	noun		中高級		5
7593	scar	傷疤、創傷；結疤、留下疤痕	noun/verb		中高級		5
7594	scarecrow	稻草人	noun		中高級		
7595	scattered	分散的、稀疏的	adj.		中高級		
7596	scenario	設想的情況、情節	noun		中高級	L9	5
7597	scenic	風景優美的	adj.		中高級		6
7598	scent	香味；聞到	noun/verb		中高級		5
7599	scope	範圍、能力範圍	noun		中高級	L6	5
7600	scorn	輕蔑、鄙視	noun/verb		中高級		6
7601	scramble	攀爬、爭搶	verb/noun		中高級		5
7602	scrap	碎片、廢料；廢棄、取消	noun/verb		中高級		5
7603	scrape	刮掉、削去、擦傷	verb/noun		中高級		6
7604	screwdriver	螺絲起子	noun		中高級		6
7605	script	劇本、筆跡；為(電影、戲劇等)寫稿	noun/verb		中高級		5
7606	scroll	卷軸、捲屏；滾動	noun/verb		中高級		6
7607	scrutiny	仔細檢查	noun		中高級		6
7608	sculptor	雕刻家	noun		中高級		6
7609	sculpture	雕塑、雕刻	verb	= sculpt	中高級		4
7610	seam	接縫、礦層	noun		中高級		
7611	seasonable	應時的、合時令的	adj.		中高級		
7612	seasonal	季節性的	adj.		中高級		
7613	seasoned	經驗老道的、調好味的	adj.		中高級		
7614	seasoning	調味料	noun		中高級		
7615	secrecy	秘密、保密	noun		中高級		
7616	secretary general	秘書長、總幹事	noun		中高級		
7617	seduce	誘惑、誘騙	verb		中高級		6
7618	seduction	誘惑、魅力	noun		中高級		
7619	seductive	誘惑的、有魅力的	adj.		中高級		
7620	seeming	看似的、表面上的	adj.		中高級		
7621	segment	部分、分段；分裂、分割	noun/verb		中高級		5
7622	segregate	(種族、宗教)隔離	verb		中高級		
7623	segregation	隔離政策	noun		中高級		
7624	selective	有選擇的、仔細挑選的	adj.		中高級		6
7625	self-esteem	自尊心	noun		中高級		
7626	semi-final	準決賽	noun		中高級		
7627	semiconductor	半導體	noun		中高級		
7628	seminar	專題討論課、研討會	noun		中高級		5
7629	senate	參議院	noun		中高級		
7630	senator	參議員	noun		中高級		5
7631	sensation	感覺、知覺；轟動	noun		中高級		5
7632	sensational	聳動的、煽情的	adj.		中高級		
7633	sensitivity	體貼、敏感	noun		中高級		5
7634	sentiment	情操、多愁善感	noun		中高級		5
7635	sentimental	情感的、多愁善感的	adj.		中高級		5
7636	separatism	分離主義、獨立主義	noun		中高級		
7637	separatist	分離主義的；獨立主義者	adj./noun		中高級		
7638	sequence	一系列、次序	noun		中高級	L3	5
7639	serene	平靜的、安詳的	adj.		中高級		6
7640	serenity	平靜、安詳	noun		中高級		
7641	sergeant	軍士、中士、巡佐	noun		中高級		6
7642	serial	連續劇；連續的	noun/adj.		中高級		6
7643	seriously	嚴重地、說實在地	adv.		中高級		
7644	sermon	佈道	noun		中高級		6
7645	server	侍者、服務生	noun		中高級		5
7646	serviceman	軍人	noun		中高級		
7647	servicewoman	女軍人、女兵	noun		中高級		
7648	serving	(一份)食物	noun		中高級		6
7649	setback	阻礙、障礙	noun		中高級		6
7650	setting	情節背景；(儀器)調節	noun		中高級		5
7651	settled	穩定的、安定的	adj.		中高級		
7652	sewer	汙水管、下水道	noun		中高級		
7653	sexuality	性徵、性慾、性行為	noun		中高級		
7654	shabby	破舊的、不公正的	adj.		中高級		6
7655	shaft	井狀通道、一束(光)；虧待	noun/verb		中高級		
7656	shape	塑造	verb		中高級		1
7657	shareholder	股東	noun		中高級		5
7658	shatter	破碎、粉碎	verb		中高級		5
7659	shear	剪羊毛；(修剪枝葉用)大剪刀	verb/noun		中高級		
7660	shed	棚子；擺脫、使落下	noun/verb		中高級		5
7661	sheriff	郡保安官	noun		中高級		5
7662	sherry	雪利酒	noun		中高級		
7663	shield	盾牌；保護	noun/verb		中高級		5
7664	shilling	先令	noun		中高級		
7665	shipment	運輸、運輸的貨物	noun		中高級		
7666	shipping	運輸、船運	noun		中高級		
7667	shiver	顫抖；哆嗦	verb/noun		中高級		5
7668	shooting	槍擊、(電影)拍攝	noun		中高級		
7669	shoplift	在商店順手牽羊	verb		中高級		
7670	shove	推擠、亂放、挪動身體；推	verb/noun		中高級		5
7671	shred	撕碎；碎片	verb/noun		中高級		6
7672	shrewd	精明的、高明的	adj.		中高級		
7673	shriek	尖叫；尖叫聲	verb/noun		中高級		6
7674	shrine	聖地、神廟	noun		中高級		
7675	shrub	灌木	noun		中高級		6
7676	shudder	發抖、劇烈震動	verb/noun		中高級		
7677	shuffle	拖著腳走；洗牌	verb/noun		中高級		6
7678	shun	避開、迴避	verb		中高級		
7679	shutter	百葉窗；相機快門	noun		中高級		6
7680	shutter	關上...的百葉窗或快門；停止營業	verb		中高級		6
7681	sibling	兄弟姊妹	noun		中高級		5
7682	side effect	副作用	noun		中高級		
7683	sideways	橫斜地、橫向一邊地；橫斜的、橫向一邊的	adv./adj.		中高級		
7684	siege	圍城、封鎖	noun		中高級		5
7685	signify	意味著、表示	verb		中高級		
7686	silicon	矽	noun		中高級		
7687	silkworm	蠶	noun		中高級		
7688	simmer	充滿(怒氣)、用文火燉煮；(情緒)快要爆發、快沸騰的狀態	verb/noun		中高級		
7689	simplicity	簡單、質樸	noun		中高級		6
7690	simulate	假裝、冒充、模擬	verb		中高級	L7	
7691	simulation	模擬、冒充	noun		中高級		
7692	simultaneous	同時的、同步的	adj.		中高級		6
7693	sincerity	真誠、誠懇	noun		中高級		4
7694	sinister	邪惡的、不祥的	adj.		中高級		
7695	sit-down	坐在餐桌前的、靜坐抗議的	adj.		中高級		
7696	sit-down	坐下休息	noun		中高級		
7697	sit-in	靜坐示威、靜坐罷工	noun		中高級		
7698	situated	坐落於...的、處於…境地的	adj.		中高級		
7699	skeleton	骨架、骨骼標本；只有輪廓的	noun/adj.		中高級		5
7700	skeptical	懷疑的	adj.	= sceptical (British English), skeptic, sceptic	中高級		6
7701	skilled	有技能的、熟練的	adj.		中高級		2
7702	skipper	(小船)船長、(運動隊)隊長；當隊長	noun/verb		中高級		
7703	skirt	環繞…的四週、避開(話題)	verb		中高級		1
7704	skull	頭蓋骨、腦筋	noun		中高級		5
7705	slack	鬆弛的、蕭條的、懈怠的	adj.		中高級		
7706	slack	(繩索等的)鬆弛部分、蕭條期、懈怠	noun		中高級		
7707	slack	放鬆、變鬆弛、減緩	verb		中高級		
7708	slam	砰然關上、使勁擲於；猛關或猛撞(的聲音)	verb/noun		中高級		5
7709	slap	正好、恰好	adv.		中高級		5
7710	slap	拍、掌摑；輕拍、(一記)耳光	verb/noun		中高級		5
7711	slash	砍、劈、大幅削減；砍、劈、長而窄的切口	verb/noun		中高級		6
7712	slate	石板	noun		中高級		
7713	slate	預定；(在報紙評論中)抨擊	verb		中高級		
7714	slaughter	屠宰、殺戮	verb/noun		中高級		6
7715	slay	殺死、殘害、謀殺	verb		中高級		6
7716	sled	雪橇；乘雪橇	noun/verb	= sledge (British English)	中高級		
7717	sleigh	(馬拉的)雪橇；乘雪橇	noun/verb		中高級		
7718	slick	光滑的、熟練的、巧妙的；熟練地、靈巧地	adj/adv		中高級		
7719	slick	水面浮油	noun		中高級		
7720	slick	使光滑平整	verb		中高級		
7721	slit	在…直直畫一刀、切開；狹長的切口	verb/noun		中高級		
7722	sloppy	馬虎的、凌亂的	adj.		中高級		6
7723	slot	狹縫；(自動販賣機等的)投幣口；(計畫表中的)時間	noun		中高級		5
7724	slot	在...上開狹長的孔；投放、插入；為...安排時間	verb		中高級		5
7725	slum	平民窟；過簡樸生活	noun/verb		中高級		6
7726	slump	驟降、衰退	noun		中高級		6
7727	slump	驟降、衰退、重重地坐下	verb		中高級		6
7728	sly	狡詐的、詭祕的	adj.		中高級		6
7729	smack	掌摑、打；打巴掌；砰然作響地、不偏不倚地	verb/noun/adv.		中高級		
7730	smallpox	天花	noun		中高級		
7731	smash	打碎、猛烈碰撞；破碎	verb/noun		中高級		5
7732	smother	悶死	verb		中高級		
7733	smuggle	走私、偷運	verb		中高級		6
7734	snare	陷阱、騙局；設陷阱	noun/verb		中高級		
7735	snarl	齜牙低吼、咆哮；毛髮糾結、混亂	noun		中高級		
7736	snarl	齜牙低吼、咆哮；把...纏作一團	verb		中高級		
7737	snatch	奪去、搶走；抓、奪	verb/noun		中高級		5
7738	sneer	嘲笑、譏笑	noun/verb		中高級		
7739	sniff	嗅、聞；嗅、聞、吸氣聲	verb/noun		中高級		5
7740	snore	打呼聲；打呼	noun/verb		中高級		6
7741	snorkel	潛水；潛水用呼吸管	verb/noun		中高級		
7742	snort	鼻息聲、哼聲；從鼻中噴氣作聲	noun/verb		中高級		
7743	so-called	所謂的	adj.		中高級	L10	
7744	soak	浸泡、使濕透；浸泡	verb/noun		中高級		5
7745	soar	急升、高飛	verb		中高級		5
7746	sober	未醉的、冷靜的；使冷靜、使清醒	adj./verb		中高級		5
7747	socialism	社會主義	noun		中高級		6
7748	socialist	社會主義(相關)的；社會主義者	adj./noun		中高級		6
7749	socialize	交際、使適應社會	verb	= socialise	中高級		6
7750	sociology	社會學	noun		中高級		6
7751	sodium	鈉	noun		中高級		
7752	soften	軟化、變溫和	verb		中高級		5
7753	sole	唯一的	adj.		中高級	L7	5
7754	sole	腳底、鞋底；給(鞋)換底	noun/verb		中高級	L7	5
7755	solemn	莊重的、嚴肅的	adj.		中高級		6
7756	solicitor	(市鎮)法務官、訴狀律師	noun		中高級		
7757	solidarity	團結、相互支持	noun		中高級		6
7758	solitary	獨自的、獨處的；隱士	adj./noun		中高級		6
7759	solitude	獨處、獨居	noun		中高級		6
7760	solo	單人表演；獨自的；獨自地	noun/adj./adv.		中高級		5
7761	soluble	可溶的、可解決的	adj.		中高級		
7762	someday	有朝一日、將來	adv.		中高級		3
7763	soothe	安慰、緩解	verb		中高級		6
7764	sophisticated	見多識廣的、精密的	adj.		中高級		5
7765	sophomore	(大學、中學)二年級學生	noun		中高級		5
7766	sorrowful	悲傷的、悲痛的	adj.		中高級		6
7767	soundtrack	(電影)配樂、原聲帶	noun		中高級		
7768	sovereign	有主權的；君主、元首	adj./noun		中高級		6
7769	sovereignty	主權、獨立自主	noun		中高級		5
7770	spacious	(房間)寬敞的	adj.		中高級		5
7771	span	一段時間、跨度；橫跨、持續	noun/verb		中高級		6
7772	spatial	空間的	adj.		中高級		
7773	specialist	專家、專科醫師	noun		中高級		5
7774	specialize	專攻、專門研究	verb	= specialise (British English)	中高級		5
7775	specially	專門地、特意	adv.	= especially	中高級		
7776	specialty	地方特產、專長	noun	= speciality (British English)	中高級		5
7777	specification	規格、規範	noun		中高級		
7778	specify	具體說明、明確規定	verb		中高級	L3	5
7779	specimen	樣品、標本、檢體	noun		中高級		5
7780	spectacle	精彩的表演、壯觀的景象、眼鏡(複數)	noun		中高級		6
7781	spectacular	壯觀的、壯麗的；精彩的表演	adj./noun		中高級		5
7782	spectrum	光譜、頻譜、範圍	noun		中高級		5
7783	speculate	推測、投機	verb		中高級		5
7784	speculation	推測、投機買賣	noun		中高級		
7785	sperm	精子、精液	noun		中高級		
7786	sphere	(幾何學)球體、範圍、領域	noun		中高級	L9	5
7787	spike	尖刺、釘鞋；(通常指在下跌前)非常高的數量	noun		中高級		
7788	spike	用尖物刺入；上升至非常高的數量	verb		中高級		
7789	spine	脊椎、刺、書背	noun		中高級		5
7790	spiral	螺旋；螺旋的；螺旋式上升(下降)、急劇增長	noun/adj./verb		中高級		6
7791	spire	(教堂)尖塔、尖頂	noun		中高級		
7792	splendor	壯麗、華麗	noun	= splendour (British English)	中高級		6
7793	spokesperson	發言人	noun	= spokesman, spokeswoman	中高級		2
7794	sponge	海綿；用海綿(濕布)清洗	noun/verb		中高級		5
7795	sponsorship	資助、贊助款	noun		中高級		5
7796	spontaneous	自發的、自然的	adj.		中高級		6
7797	sporting	體育運動的、有運動員風範的	adj.		中高級		
7798	spotlight	聚光燈、(大眾的)注目；特別關注	noun/verb		中高級		6
7799	spouse	配偶	noun		中高級		5
7800	sprain	扭傷	verb/noun		中高級		
7801	sprawl	(伸開四肢)躺臥、蔓延；隨意擴展	verb/noun		中高級		
7802	spring	跳躍起、反彈、湧出	verb		中高級		1
7803	sprint	短跑；全速衝刺	noun/verb		中高級		
7804	spur	激勵鼓舞；馬刺、靴刺	verb/noun		中高級		6
7805	squad	(軍警)班、小組、(運動)代表隊	noun		中高級		5
7806	squash	壓扁、塞入；壁球	verb/noun		中高級		5
7807	squat	蹲坐、占用(房子、地方)；矮胖的；蹲坐、偷住的房子	verb/adj./noun		中高級		5
7808	stability	穩定(性)	noun		中高級		5
7809	stabilize	穩定、穩固	verb		中高級		6
7810	stack	一疊、大量；堆疊	noun/verb		中高級		5
7811	stagger	踉蹌、使動搖、使震驚；蹣跚	verb/noun		中高級		6
7812	stain	汙漬；給…染色	noun/verb		中高級		5
7813	stainless	無汙點的、不生鏽的	adj.		中高級		
7814	stale	不新鮮的、陳腐的；變不新鮮	adj./verb		中高級		3
7815	stalk	葉柄、花梗、莖	noun		中高級		
7816	stalk	跟蹤、潛近	verb		中高級		
7817	stall	貨攤、馬廄、牛棚	noun		中高級		5
7818	stall	熄火、拋錨、拖延時間	verb		中高級		5
7819	stammer	口吃、結巴	verb/noun		中高級		
7820	stance	立場、站姿	noun		中高級		5
7821	stand-up	直立的；(喜劇)單口表演	adj./noun		中高級		
7822	standpoint	立場、觀點	noun		中高級		
7823	stanza	(詩的)節、段	noun		中高級		
7824	staple	基本的、主要的	adj.		中高級		6
7825	staple	釘書針；用釘書針裝釘	noun/verb		中高級		6
7826	stapler	釘書機	noun		中高級		
7827	starch	澱粉；(衣服)上漿	noun/verb		中高級		
7828	stark	嚴酷的、鮮明的、赤裸的；完全地	adj./adv.		中高級		
7829	starter	開胃菜、起跑者、起步階段	noun		中高級		
7830	startle	使驚嚇	verb		中高級		5
7831	statesman	政治家	noun		中高級		6
7832	stateswoman	女政治家	noun		中高級		
7833	static	靜止的、靜力的	adj.		中高級		
7834	static	靜電、靜力學	noun		中高級		
7835	station	駐紮、部署、配置	verb		中高級		1
7836	stationary	靜止的、穩定的	adj.		中高級		6
7837	statistic	統計數字、統計資料	noun		中高級	L4	4
7838	statistical	統計分析的	adj.		中高級	L4	5
7839	statistician	統計學家	noun		中高級		
7840	statistics	統計資料、統計學	noun		中高級		
7841	stature	聲望、身高	noun		中高級		6
7842	statutory	法定的	adj.		中高級		
7843	steamer	汽船、蒸鍋	noun		中高級		
7844	steep	浸泡	verb		中高級		3
7845	stepchild	繼子、繼女	noun		中高級		6
7846	stereotype	刻版印象；使…成為定型	noun/verb		中高級		5
7847	sterling	優秀的	adj.		中高級		
7848	sterling	英鎊	noun		中高級		
7849	stern	嚴厲的、嚴峻的	adj.		中高級		
7850	stern	船尾	noun		中高級		
7851	stew	燉、思考、擔憂；燉菜	verb/noun		中高級		5
7852	steward	(飛機輪船等)服務員、統籌人	noun	= stewardess = attendant	中高級		
7853	still	(電影)劇照；(釀酒用的)蒸餾器	noun		中高級		1
7854	stimulating	有啟發性的、能激發靈感的	adj.		中高級		
7855	stimulation	刺激、促進	noun		中高級		6
7856	stimulus	刺激、刺激物	noun		中高級		5
7857	stink	發出異味、令人厭惡；惡臭	verb/noun		中高級		5
7858	stoop	俯身、彎腰；駝背	verb/noun		中高級		
7859	storage	儲藏(空間)、保管	noun		中高級		5
7860	stout	粗壯結實的、勇敢的、頑強的	adj.		中高級		
7861	straighten	使變直、挺直	verb		中高級		5
7862	straightforward	簡單易懂的、坦誠的	adj.		中高級	L10	5
7863	strain	壓力、拉傷、品種；拉傷、盡力	noun/verb		中高級		5
7864	strained	緊張的、不自然的	adj.		中高級		
7865	strait	海峽、(經濟)困境	noun		中高級		6
7866	strangle	勒死、壓制	verb		中高級		6
7867	strap	帶子；用帶子繫好	noun/verb		中高級		5
7868	strategic	戰略性的	adj.		中高級	L2	5
7869	stray	迷路、離題；走失的；走失的家畜	verb/adj./noun		中高級		6
7870	streak	條紋；(負面)性格	noun		中高級		
7871	streak	使佈滿條紋；飛奔	verb		中高級		
7872	stride	大步走；大步、進步	verb/noun		中高級		6
7873	striker	罷工者、(足球)前鋒	noun		中高級		
7874	striking	醒目的、顯著的、標致的	adj.		中高級		5
7875	stripe	條紋、線條	noun		中高級		4
7876	stroll	散步、閒逛	verb/noun		中高級		6
7877	structural	結構上的	adj.		中高級		5
7878	stuck	卡住、困於	adj.		中高級		
7879	stumble	絆倒、失足；錯誤	noun		中高級		5
7880	stumble	摔倒；犯錯；結巴地說；偶然遇到	verb		中高級		5
7881	stump	(樹倒或被砍後遺留下的)殘幹、殘肢、(鉛筆)頭、(菸)蒂	noun		中高級		
7882	stump	砍去...的樹幹；笨重地行走；遊說	verb		中高級		
7883	stun	使昏迷、使震驚	verb		中高級		6
7884	stunning	極有魅力的、令人印象深刻的	adj.		中高級		
7885	stunt	特技表演、噱頭	noun		中高級		
7886	stunt	阻礙發展、遏制	verb		中高級		
7887	sturdy	堅固的、強壯的、堅決的	adj.		中高級		5
7888	stutter	口吃、結巴	verb/noun		中高級		6
7889	stylish	時髦的、高雅的	adj.		中高級		6
7890	stylistic	風格上的、文體上的	adj.		中高級		
7891	sub	替補隊員、代理人、會費	noun		中高級		
7892	sub	臨時代替他人做...	verb		中高級		
7893	subjective	主觀的、主語的	adj.		中高級		6
7894	submerge	潛入水中、淹沒、掩蓋(情感)	verb		中高級		
7895	submersion	潛入水中、淹沒	noun		中高級		
7896	submit	提交、屈服	verb		中高級	L7	5
7897	subordinate	部屬；從屬的；置於次要地位	noun/adj./verb		中高級	L9	6
7898	subscribe	定期訂閱、訂購、申請	verb		中高級		6
7899	subscription	訂閱(報刊)、捐款	noun		中高級		6
7900	subsequent	隨後的、後來的	adj.		中高級	L4	5
7901	subsidiary	子公司；輔助的	noun/adj.		中高級	L6	
7902	subsidize	補助、發津貼	verb		中高級		6
7903	subsidy	補貼、補助金	noun		中高級	L6	5
7904	substantial	大量的、重大的、堅固的	adj.		中高級		5
7905	substantially	非常、大體上	adv.		中高級		
7906	substitution	代理、代用、候補者	noun		中高級		
7907	subtle	不易察覺的、巧妙的	adj.		中高級		5
7908	subtlety	巧妙、微妙之處	noun		中高級		
7909	suburban	郊區的、呆板的	adj.		中高級		5
7910	succession	連續、繼承	noun		中高級	L7	6
7911	successive	連續的、相繼的	adj.		中高級		
7912	successor	繼任者、接替的事物	noun		中高級	L7	5
7913	sue	控告、提起告訴	verb		中高級		4
7914	suffocate	窒息、悶死	verb		中高級		6
7915	suite	套房、一套傢具、組曲	noun		中高級		5
7916	sulfur	硫磺	noun	= sulphur (British English)	中高級		
7917	summon	傳喚出庭、召喚	verb		中高級		6
7918	sunshine	陽光、歡樂	noun		中高級		
7919	superficial	膚淺的、表面的	adj.		中高級		6
7920	superintendent	監管人、大樓管理員	noun		中高級		
7921	superiority	優越性、優勢	noun		中高級		6
7922	superpower	超級大國	noun		中高級		
7923	supersonic	超音速的	adj.		中高級		
7924	superstition	迷信、迷信觀念	noun		中高級		5
7925	superstitious	迷信的、有迷信觀念的	adj.		中高級		6
7926	supervise	監督、管理	verb		中高級		5
7927	supervision	監督、管理	noun		中高級		5
7928	supplement	補充、添加；添加物	verb/noun		中高級	L9	6
7929	supplementary	補充的	adj.		中高級	L9	
7930	supplier	供貨商、供應者	noun		中高級		
7931	supportive	支持的、鼓勵的	adj.		中高級		
7932	suppress	鎮壓、抑制	verb		中高級		6
7933	surge	大浪、波濤；(海浪的)洶湧、奔騰	noun		中高級		6
7934	surge	(數量)激增、(人群)蜂擁而入；(海浪)洶湧、奔騰	verb		中高級		6
7935	surgical	外科的、外科手術的	adj.		中高級		6
7936	surpass	超過、勝過	verb		中高級		6
7937	surplus	盈餘；剩餘的	noun/adj.		中高級		5
7938	surveillance	監視、看守、監督	noun		中高級		5
7939	susceptible	敏感的、容許…的	adj.		中高級		
7940	suspense	不確定的狀態、懸疑	noun		中高級		6
7941	sustain	維持、遭受	verb		中高級	L5	5
7942	sustainable	可持續的；能長期保持的	adj.		中高級		5
7943	swamp	沼澤	noun		中高級		6
7944	swamp	淹沒、應接不暇	verb		中高級		6
7945	swap	交換；交換物	verb/noun		中高級		5
7946	swarm	(昆蟲等的)群、蜂群、一大批	noun		中高級		6
7947	swarm	蜂擁、成群結隊地移動	verb		中高級		6
7948	sway	使搖擺、動搖、說服；搖擺、支配	verb/noun		中高級		4
7949	swollen	膨脹的、腫大的	adj.		中高級		
7950	syllabus	教學大綱	noun		中高級		
7951	symbolic	象徵性的、作為象徵的	adj.	= symbolical	中高級	L5	5
7952	symbolism	象徵主義、象徵手法	noun		中高級		
7953	symmetrical	對稱的	adj.		中高級		
7954	symmetry	對稱、相等	noun		中高級		6
7955	symposium	研討會、座談會	noun		中高級		
7956	syndicate	財團；組成企業聯盟	noun/verb		中高級		
7957	syndrome	綜合症狀、典型表現	noun		中高級		5
7958	synonym	同義詞	noun		中高級		6
7959	synonymous	同義的、等同於的	adj.		中高級		
7960	syntactic	句法上的	adj.		中高級		
7961	syntax	句法、語構	noun		中高級		
7962	synthesis	綜合、合成	noun		中高級		
7963	synthetic	人造的、合成的；合成物、合成纖維	adj./noun		中高級		6
7964	tablespoon	餐匙	noun		中高級		
7965	tableware	餐具	noun		中高級		
7966	tabloid	通俗小報	noun		中高級		
7967	taboo	禁忌、避諱	noun		中高級		
7968	tackle	(美式足球中的)擒抱阻截	noun		中高級		5
7969	tackle	著手對付(或處理)、與...交涉；(美式足球中)擒抱阻截	verb		中高級		5
7970	taco	墨西哥煎玉米粉捲	noun		中高級		
7971	tact	老練、圓通、機智	noun		中高級		
7972	tactic	策略、手段	noun		中高級		5
7973	tactical	策略上的、戰術上的	adj.		中高級		
7974	tactics	戰術、兵法	noun		中高級		
7975	tailor-made	特製的、訂做的	adj.		中高級		
7976	takeaway	外賣餐館	noun	= carryout, takeout	中高級		
7977	takeover	收購、接管	noun		中高級		
7978	tally	記錄；吻合、相符	noun/verb		中高級		
7979	tan	棕褐色、皮膚經日曬而成的褐色；曬黑	noun/verb		中高級		6
7980	tangle	糾結；纏結成一團	noun/verb		中高級		5
7981	tango	(跳)探戈舞	noun		中高級		
7982	tanker	油罐車、油槽車	noun		中高級		
7983	tar	瀝青、尼古丁；用柏油鋪	noun/verb		中高級		
7984	tardy	遲緩的、遲到的	adj.		中高級		
7985	tariff	關稅、價目表	noun		中高級		
7986	tart	水果餡餅	noun		中高級		
7987	tasteful	有審美眼光的、高雅的	adj.		中高級		
7988	tasteless	無味的、粗俗的	adj.		中高級		
7989	tattoo	刺青	noun		中高級		
7990	taunt	嘲笑的言詞；嘲笑、奚落	noun/verb		中高級		
7991	tavern	酒館、小旅店、客棧	noun		中高級		
7992	tax-free	免稅的	adj.		中高級		
7993	taxation	稅金、稅制、課稅	noun		中高級		
7994	taxpayer	納稅人	noun		中高級		
7995	teammate	隊友	noun		中高級		
7996	teamwork	聯合作業、協調合作	noun		中高級		
7997	teaspoon	茶匙	noun		中高級		
7998	tedious	冗長的、單調乏味的、囉嗦的	adj.		中高級		6
7999	teens	十幾歲、青少年們	noun		中高級		2
8000	telecommunication	電信、電訊	noun		中高級		
8001	teller	出納員、提款機、敘述者	noun		中高級		6
8002	temperament	氣質、性情	noun		中高級		
8003	tempest	暴風雨、暴風雪	noun		中高級		
8004	tempo	節奏、速度	noun		中高級		6
8005	tempt	引誘、誘惑、勸誘	verb		中高級		5
8006	temptation	引誘、誘惑	noun		中高級		5
8007	tentative	暫定的、不確定的、猶豫不定的	adj.		中高級		6
8008	terminate	結束、終止	verb		中高級	L8	
8009	termination	結束、終止	noun		中高級		
8010	terminology	術語、專門用語	noun		中高級		
8011	termite	白蟻	noun		中高級		
8012	terrace	露天平台、階梯看台、梯田	noun		中高級		6
8013	terrain	地勢、地形	noun		中高級		
8014	terrestrial	陸棲的、地球上的	adj.		中高級		
8015	territorial	陸地的、陸生的；陸地生物	adj./noun		中高級		
8016	terrorism	恐怖主義	noun		中高級		2
8017	terrorist	恐怖份子、恐怖主義者	noun		中高級		2
8018	tertiary	第三的、第三級的	adj.		中高級		
8019	testament	證據、證明	noun		中高級		
8020	testify	作證、成為證據	verb		中高級		5
8021	testimony	證據、口供	noun		中高級		
8022	textile	紡織品	noun		中高級		6
8023	textual	文本的	adj.		中高級		
8024	texture	質地、口感	noun		中高級		5
8025	theatrical	戲劇的、誇張的	adj.		中高級		
8026	theoretical	理論上的	adj.		中高級	L1	5
8027	therapist	治療師	noun		中高級		5
8028	thereafter	此後、以後	adv.		中高級		6
8029	thereby	因此、從而	adv.		中高級	L8	5
8030	thermal	熱量的、保暖的；上升暖氣流	adj./noun		中高級		
8031	thermometer	溫度計、體溫計	noun		中高級		6
8032	thermos	保溫瓶	noun		中高級		
8033	thesaurus	同義詞詞典	noun		中高級		
8034	thesis	學位論文	noun		中高級	L7	5
8035	thicken	變厚、變濃、變稠	verb		中高級		
8036	thickness	厚、厚度	noun		中高級		
8037	thigh	大腿	noun		中高級		5
8038	thorn	(植物)刺、荊棘	noun		中高級		
8039	thorny	棘手的、引起爭議的、多刺的	adj.		中高級		
8040	threshold	門檻、閾值	noun		中高級		5
8041	thrift	節約、節儉	noun		中高級		
8042	thrifty	節約的、節儉的	adj.		中高級		
8043	thrill	興奮感；使非常激動	noun/verb		中高級		5
8044	thriller	驚悚小說(電影)	noun		中高級		5
8045	thrive	繁榮、茁壯成長	verb		中高級		5
8046	throb	抽動、抽痛、(強烈有節奏地)跳動；抽動、抽痛	verb/noun		中高級		
8047	throne	寶座、王位	noun		中高級		5
8048	throng	一大群人；群集、擁向	noun/verb		中高級		
8049	thrust	猛推、驅動力；(論據)要點、目標	noun		中高級		
8050	thrust	猛推、刺、塞	verb		中高級		
8051	thunderbolt	雷電、晴天霹靂	noun		中高級		
8052	thunderous	雷鳴般的、怒氣沖沖的	adj.		中高級		
8053	tick	滴答聲；勾號	noun		中高級		5
8054	tick	發出滴答聲；打勾	verb		中高級		5
8055	tile	磁磚、地磚、瓦片；鋪瓦、貼磁磚	noun/verb		中高級		5
8056	tilt	傾斜、偏向	verb/noun		中高級		6
8057	timeless	無時間性的、永久的	adj.		中高級		
8058	timely	及時的、適時的	adj.		中高級		
8059	timeout	(運動)暫停、(工作)休息時間	noun		中高級		
8060	timer	計時器	noun		中高級		
8061	timing	定時、時間的安排、時機的掌握、節奏	noun		中高級		
8062	tinkle	發出叮噹聲	verb		中高級		
8063	tint	淺色彩、(一層)淡色、染髮劑	noun		中高級		
8064	toad	蟾蜍、討厭的人	noun		中高級		
8065	toady	馬屁精；拍馬屁	noun/verb		中高級		
8066	toddle	(幼兒)蹣跚行走、溜躂	verb		中高級		
8067	toddler	學步的兒童	noun		中高級		
8068	toil	辛勞工作、跋涉；苦工	verb/noun		中高級		
8069	token	裝樣子的、敷衍的；代幣、象徵	adj./noun		中高級		6
8070	toll	通行費；傷亡人數；鳴(喪)鐘	noun		中高級		5
8071	toll	向...徵收捐稅(或通行費等)	verb		中高級		5
8072	tollbooth	收費站	noun		中高級		
8073	tollway	收費公路	noun		中高級		
8074	tonic	奎寧水、補藥、使人振作之物	noun		中高級		
8075	tonne	公噸	noun		中高級		
8076	topical	熱門話題的	adj.		中高級	L7	
8077	topping	(食物)上面的配料	noun		中高級		
8078	topple	倒塌、打翻	verb		中高級		
8079	torment	痛苦、煩惱；使痛苦、煩擾	noun/verb		中高級		5
8080	torrent	急流、連續不斷	noun		中高級		6
8081	torture	拷打、使痛苦；酷刑、折磨	verb/noun		中高級		4
8082	touching	令人同情的、感人的	adj.		中高級		
8083	touchy	易怒的、敏感的	adj.		中高級		
8084	tournament	錦標賽	noun		中高級		5
8085	township	鎮區、(南非種族隔離時期)黑人區	noun		中高級		
8086	toxic	有毒的、引起中毒的	adj.		中高級		5
8087	tract	(連通身體組織器官的)管道、大面積的土地	noun		中高級		
8088	tractor	拖拉機、牽引機	noun		中高級		
8089	trade-in	折舊換新	noun		中高級		
8090	trade-off	權衡、協調	noun		中高級		
8091	trailer	拖車；電影預告片	noun		中高級		
8092	trainee	實習生	noun		中高級		
8093	trait	(個性)特徵	noun		中高級		5
8094	traitor	叛徒、賣國賊	noun		中高級		5
8095	traitorous	背叛的、叛國的	adj.		中高級		
8096	tramp	沉重的腳步聲；流浪漢	noun		中高級		
8097	tramp	重步行走	verb		中高級		
8098	trample	踐踏	verb/noun		中高級		
8099	tranquil	平靜的、靜謐的	adj.		中高級		
8100	tranquilize	使鎮定	verb		中高級		
8101	tranquilizer	鎮定劑	noun		中高級		
8102	transaction	交易、辦理	noun		中高級		5
8103	transcend	超出、超越界線	verb		中高級		
8104	transcendent	卓越的、傑出的	adj.		中高級		
8105	transcribe	抄錄、轉錄(為另一種形式)	verb		中高級		
8106	transcript	抄本、謄本、成績單	noun		中高級		6
8107	transcription	抄寫、謄寫	noun		中高級		
8108	transformation	(徹底的)變化、改革	noun		中高級	L6	5
8109	transformer	變壓器	noun		中高級		
8110	transient	短暫的、稍縱即逝的、過往的；短期住客	adj./noun	= transitory	中高級		
8111	transistor	電晶體	noun		中高級		
8112	transit	運輸(系統)、過境；運送過、通過	noun/verb		中高級	L5	5
8113	transition	過渡、轉變	noun		中高級		5
8114	transmission	傳送、傳染、(電台或電視)播送	noun		中高級	L7	5
8115	transmit	播送、傳染、傳導(熱、光)	verb		中高級	L7	6
8116	transparency	透明度、幻燈片	noun		中高級		
8117	transparent	透明的、易看穿的	adj.		中高級		5
8118	trauma	精神創傷、外傷	noun		中高級		5
8119	traumatic	痛苦難忘的、造成精神創傷的	adj.		中高級		
8120	traverse	穿過、橫越	verb/noun		中高級		
8121	treacherous	凶險的、不忠的	adj.		中高級		
8122	tread	踩、踏；步伐、腳步聲	verb/noun		中高級		
8123	treason	叛國罪	noun		中高級		
8124	treasury	財政部、寶庫	noun		中高級		6
8125	trek	長途跋涉、徒步旅行	verb/noun		中高級		6
8126	tremor	顫抖、輕微地震	noun		中高級		
8127	trench	溝、戰壕；挖掘戰壕	noun/verb		中高級		
8128	trespass	擅自進入、侵占	verb/noun		中高級		
8129	tribal	部落的、部族的	adj.		中高級		4
8130	tribunal	特別法庭	noun		中高級		
8131	tribute	頌詞、進貢	noun		中高級		5
8132	trifle	少量、瑣事；輕視、戲弄	noun/verb		中高級		6
8133	trigger	扳機、誘因；觸發、起動	noun/verb		中高級	L9	5
8134	trillion	兆、大量	noun		中高級		6
8135	trim	苗條的、整齊的	adj.		中高級		5
8136	trim	修剪、削減	verb/noun		中高級		5
8137	trio	三人(個)一組、三重奏	noun		中高級		
8138	triple	三部分的、三倍的；增至三倍	adj./verb		中高級		5
8139	triumphant	大獲全勝的、歡欣鼓舞的	adj.		中高級		
8140	trivial	不重要的、瑣碎的	adj.		中高級		5
8141	trolley	手推車、電車	noun	= tram, tramcar, streetcar	中高級		
8142	trophy	獎品、獎盃、戰利品	noun		中高級		5
8143	tropic	回歸線、熱帶；熱帶的	noun/adj.		中高級		6
8144	trot	小跑、快步走	verb/noun		中高級		
8145	trout	鱒魚	noun		中高級		6
8146	truant	逃學生；怠忽職守的；曠課、逃學	noun/adj./verb		中高級		
8147	truce	停戰協定	noun		中高級		
8148	truly	真誠的、確實	adv.		中高級		
8149	trustee	受託人、信託公司	noun		中高級		6
8150	tuberculosis	結核病	noun	= TB	中高級		
8151	tuck	把…塞進；打褶	verb/noun		中高級		6
8152	tug-of-war	拔河、激烈競爭	noun		中高級		
8153	tuition	學費、教學	noun		中高級		5
8154	tumor	腫瘤、腫塊	noun	= tumour (British English)	中高級		5
8155	tuna	鮪魚	noun		中高級		5
8156	turbine	渦輪機、汽輪機	noun		中高級		
8157	turbulent	動盪的、猛烈的	adj.		中高級		
8158	turmoil	動亂、騷動、焦慮	noun		中高級		6
8159	turnover	營業額、翻轉、周轉率	noun		中高級		
8160	twig	明白、領悟	verb		中高級		4
8161	twilight	暮色、黃昏	noun		中高級		6
8162	two-thirds	三分之二	noun/pron./adj./adv.	= two thirds	中高級		
8163	typically	通常、典型地、不出所料	adv.		中高級		
8164	tyranny	暴虐、暴政	noun		中高級		
8165	tyrant	暴君、君主專制	noun		中高級		
8166	ulcer	潰瘍	noun		中高級		
8167	ultimate	最後的、極端的、基本的；極品、最終的事物、終極、極限	adj./noun		中高級	L7	5
8168	ultimately	最終、終究、最基本地	adv.		中高級	L7	
8169	ultraviolet	紫外線的	adj.		中高級		
8170	umpire	裁判員；當裁判、裁決	noun/verb		中高級		
8171	unacceptable	不能接受的、無法同意的	adj.		中高級		
8172	unanimous	意見一致的、一致同意的	adj.		中高級		6
8173	unbeaten	未嘗敗績的	adj.		中高級		
8174	uncertainty	不確定性	noun		中高級		
8175	unchanged	無變化的、未改變的	adj.		中高級		
8176	unconditional	無條件的、絕對的	adj.		中高級		6
8177	uncover	揭開蓋子、揭露、揭發	verb		中高級		5
8178	underestimate	低估、輕視	verb		中高級		6
8179	undergo	經歷、遭受	verb		中高級	L10	5
8180	undergraduate	大學生	noun		中高級		5
8181	underlie	構成的基礎、作為的原因	verb		中高級	L6	
8182	underlying	根本的、潛在的	adj.		中高級		3
8183	undermine	逐漸削弱、破壞	verb		中高級		5
8184	underneath	在…之下；在下方；下面的；底部	prep./adv./adj./noun		中高級		
8185	understandable	合情理的、易懂的	adj.		中高級		
8186	underway	已開始的、在進行中的	adj.		中高級		6
8187	underwrite	承擔經濟責任、承保	verb		中高級		
8188	undo	拆開、消除、打敗	verb		中高級		5
8189	undoubted	無疑的、確實的	adj.		中高級		
8190	uneasy	不安的、不自在的、拘束的	adj.		中高級		
8191	unemployed	失業的、待業的；失業者	adj./noun		中高級		
8192	unemployment	失業、失業人數	noun		中高級		5
8193	unfold	展開、透露	verb		中高級		5
8194	unidentified	未知的、不明的	adj.		中高級		
8195	unification	統一、單一化	noun		中高級	L9	6
8196	unify	統一、使成一體	verb		中高級	L9	6
8197	unleash	鬆開(狗)的皮帶、發洩(情感)、使爆發	verb		中高級		
8198	unload	卸貨、推卸責任	verb		中高級		
8199	unlock	開鎖、揭開	verb		中高級		5
8200	unpack	打開(包裹、行李)、取出東西	verb		中高級		
8201	unprecedented	前所未有的、空前的	adj.		中高級		5
8202	unrest	動盪、騷動	noun		中高級		
8203	unusually	特別地、非常、不尋常地	adv.		中高級		
8204	unveil	揭幕、首次公開	verb		中高級		6
8205	unwanted	多餘的、意外的	adj.		中高級		
8206	up	增加、起身離開	verb		中高級		1
8207	up-to-date	最新(式)的、現代的、尖端的	adj.	= up to date	中高級		
8208	upbringing	撫育、教育	noun		中高級		
8209	update	使現代化、更新、為…補充最新資料；最新的情況	verb/noun		中高級		5
8210	upgrade	使升級、提升；升級、上坡	verb/noun		中高級		5
8211	uphold	維護(正義)、維持(判決)	verb		中高級		
8212	upright	挺直的、正直的；立柱	adj./noun		中高級		6
8213	uprising	起義、暴動	noun		中高級		6
8214	uranium	鈾	noun		中高級		
8215	urgency	迫切(的樣子)、急迫、緊急(性)	noun		中高級		6
8216	urine	尿、小便	noun		中高級		
8217	usher	引座員、(婚禮)招待；引導、開創	noun/verb		中高級		6
8218	utensil	(家庭)用具、器皿	noun		中高級		6
8219	utility	多用途的、多功能的	adj.		中高級		5
8220	utility	效用、公共事業(水、電、瓦斯等)	noun		中高級		5
8221	utilize	使用、利用	verb		中高級		5
8222	utmost	最大的、極度的；最大量、極限、最大可能	adj./noun		中高級		
8223	utter	十足的	adj.		中高級		6
8224	utter	出聲	verb		中高級		6
8225	vacancy	空缺、空房	noun		中高級		4
8226	vaccine	疫苗、痘苗	noun		中高級		6
8227	vacuum	真空、真空吸塵器；用吸塵器吸	noun/verb		中高級		5
8228	valiant	勇敢的、堅定的	adj.		中高級		
8229	valid	有效的、合理的	adj.		中高級	L3	5
8230	validity	有效、合理	noun		中高級		
8231	valve	閥、瓣膜	noun		中高級		
8232	vanilla	香草、香草香精	noun		中高級		6
8233	vanity	虛榮心、自負	noun		中高級		6
8234	variable	多變的；可變因素、變數	adj./noun		中高級		5
8235	variation	變異、變更	noun		中高級		5
8236	varied	各種各樣的、多變的	adj.		中高級		
8237	vegetation	植物、植被	noun		中高級		
8238	veil	面紗；掩蓋	noun		中高級		
8239	veil	戴面紗；遮掩、掩飾	verb		中高級		
8240	vein	靜脈、脈絡	noun		中高級		5
8241	velocity	速度、高速	noun		中高級		
8242	velvet	絲絨、天鵝絨	noun		中高級		6
8243	vend	販賣、兜售	verb		中高級		
8244	vent	通風口；表達、發洩(憤怒)	noun/verb		中高級		
8245	ventilate	使通風、公開表達	verb		中高級		
8246	venue	集會場所、舉辦地點	noun		中高級		5
8247	verbal	關於言詞的、口頭的	adj.		中高級		5
8248	verdict	判決、結論	noun		中高級		5
8249	verge	邊緣；路肩	noun		中高級		
8250	verge	瀕臨	verb		中高級		
8251	verify	核實、證明	verb		中高級		
8252	versatile	多才多藝的、多功能的	adj.		中高級		6
8253	versus	對抗、…與…對比	prep.	= vs.	中高級		5
8254	vertical	垂直的；縱軸	adj./noun		中高級		5
8255	veteran	老手、老兵、退伍軍人	noun		中高級		5
8256	veterinarian	獸醫	noun	= vet	中高級		6
8257	veto	反對；否決權	verb/noun		中高級		6
8258	via	經由、通過	prep.		中高級	L8	5
8259	viable	可實行的、能獨立生存的	adj.		中高級		5
8260	vibrate	震動、顫動、擺動	verb		中高級		6
8261	vibration	震動、共鳴、振幅	noun		中高級		6
8262	vicar	(聖公會)牧師	noun		中高級		
8263	vice	罪行、惡行	noun		中高級		6
8264	vice president	副總統、副總裁	noun		中高級		
8265	vicinity	週圍地區、附近	noun		中高級		
8266	vicious	殘暴的、惡劣的	adj.		中高級		5
8267	victimize	使受害、使受苦	verb		中高級		
8268	victor	勝利者、獲勝者	noun		中高級		6
8269	victorious	勝利的、戰勝的	adj.		中高級		
8270	viewer	電視觀眾、觀察者	noun		中高級		5
8271	viewpoint	看法、觀點	noun		中高級		5
8272	villa	渡假別墅、豪宅	noun		中高級		6
8273	villager	村民、鄉下人	noun		中高級		
8274	villain	反派主角、壞人	noun		中高級		6
8275	vine	葡萄藤、藤蔓	noun		中高級		6
8276	vineyard	葡萄園、釀酒廠	noun		中高級		6
8277	vintage	(尤指過去某個時期)最典型的、優質的	adj.		中高級		
8278	vintage	(特定年分或地方)釀造的酒、釀造年分	noun		中高級		
8279	vinyl	黑膠唱片	noun		中高級		
8280	virtual	(透過電腦)虛擬的	adj.		中高級	L8	5
8281	virtually	差不多、事實上	adv.		中高級	L8	
8282	visa	(護照)簽證	noun		中高級		5
8283	visualize	視覺化、想像	verb		中高級		
8284	vitality	生命力	noun		中高級		6
8285	vocal	嗓音的、直言不諱的；聲樂作品	adj./noun		中高級		5
8286	vocation	天職、職業	noun		中高級		6
8287	vocational	職業的、職業技術的	adj.		中高級		6
8288	vogue	流行、時髦	noun		中高級		
8289	void	缺乏...的；無效的、不合法的	adj.		中高級		
8290	void	空虛感	noun		中高級		
8291	void	使空出；使無效、作廢	verb		中高級		
8292	volatile	易變的、不穩的	adj.		中高級		
8293	volt	伏特(電壓單位)	noun		中高級		
8294	voltage	電壓	noun		中高級		
8295	vomit	嘔吐；嘔吐(物)	verb/noun		中高級		5
8296	voucher	代幣、優惠券	noun		中高級		5
8297	vow	發誓；誓言	verb/noun		中高級		5
8298	vulgar	粗俗的、下流的	adj.		中高級		
8299	vulnerable	易受傷的、易受攻擊的	adj.		中高級		5
8300	wade	跋涉、介入	verb/noun		中高級		
8301	wag	搖(尾巴)、搖頭(手指)表示反對；擺動	verb/noun		中高級		6
8302	wail	哭叫聲、哀號；(因悲傷或疼痛)哭號	noun/verb		中高級		
8303	wallpaper	壁紙；貼壁紙	noun/verb		中高級		
8304	walnut	核桃、核桃樹	noun		中高級		6
8305	wardrobe	衣櫥、全部衣物	noun		中高級		6
8306	ware	用某材料製造的物品、小販出售的物品	noun		中高級		
8307	warehouse	倉庫；把...存入倉庫	noun/verb		中高級		5
8308	warrant	使有必要；正當的理由、執行令	verb/noun		中高級		6
8309	warranty	(商品)保修期	noun		中高級		6
8310	warring	戰爭的、敵對的	adj.		中高級		
8311	warrior	武士、戰士	noun		中高級		5
8312	wartime	戰時、戰爭時代	noun		中高級		
8313	wary	小心的、謹慎的	adj.		中高級		5
8314	watertight	防水的、(論點)無懈可擊的	adj.		中高級		
8315	watt	瓦特(電功率單位)	noun		中高級		
8316	way-out	非傳統的、前衛的	adj.		中高級		
8317	weakness	軟弱、弱點	noun		中高級		
8318	weary	疲勞的；使疲勞、失去熱情	adj./verb		中高級		6
8319	wed	結婚、使…結合	verb		中高級		3
8320	wedge	將…擠入、插入；楔子	verb/noun		中高級		
8321	wee	極小的、微量的	adj.		中高級		
8322	wee	撒尿；尿液	verb/noun		中高級		
8323	weird	奇異的、怪異的	adj.		中高級		5
8324	weld	使緊密結合、焊接；焊接點	verb/noun		中高級		
8325	well-being	健康、安樂	noun		中高級		
8326	wharf	碼頭	noun		中高級		6
8327	whatsoever	(用於負面強調)毫無	adv.		中高級		5
8328	wheelchair	輪椅	noun		中高級		5
8329	whereabouts	在哪裡；下落、所在之處	adv./noun		中高級		5
8330	whereas	(用以對比兩個事實)然而、但是	conj.		中高級	L5	5
8331	whereby	憑此、藉以	adv.		中高級	L10	
8332	whilst	當…的時候	conj.		中高級		
8333	whine	啜泣聲、牢騷；啜泣、發牢騷	noun/verb		中高級		5
8334	whirl	旋轉；接連不斷的活動	verb/noun		中高級		
8335	whisk	攪拌(雞蛋等)；攪拌器	verb/noun		中高級		
8336	whiskey	威士忌(烈酒)	noun	= whisky	中高級		6
8337	wholesale	批發價; 大批地；大批的；批發	noun/adv./adj./verb		中高級		6
8338	wholesome	有益健康的、有道德的	adj.		中高級		6
8339	widow	寡婦；使喪偶	noun/verb		中高級		6
8340	widower	鰥夫	noun		中高級		6
8341	wig	假髮	noun		中高級		5
8342	windshield	擋風玻璃	noun		中高級		5
8343	winger	邊鋒球員	noun		中高級		
8344	winning	獲勝的、迷人的；贏得物(錢)	adj./noun		中高級		
8345	withdrawal	撤走、退出、提款	noun		中高級		
8346	wither	枯萎、(希望)破滅	verb		中高級		5
8347	withhold	拒絕給予、保留	verb		中高級		6
8348	withstand	承受、耐得住	verb		中高級		
8349	witty	機智的、言語詼諧的	adj.		中高級		5
8350	woe	問題、困難、哀傷	noun		中高級		6
8351	woo	懇請…的支持、求愛	verb		中高級		
8352	woodland	樹林、林區	noun		中高級		
8353	woodpecker	啄木鳥	noun		中高級		6
8354	workforce	全體員工、勞動力	noun		中高級		6
8355	workman	勞工、工匠	noun		中高級		
8356	workplace	工作場所	noun		中高級		4
8357	worsen	惡化、變得更糟	verb		中高級		
8358	worship	崇拜、熱愛	verb/noun		中高級		5
8359	would-be	想成為…的	adj.		中高級		
8360	wreath	花圈、花環	noun		中高級		
8361	wrench	(離別的)痛苦	noun		中高級		
8362	wrench	猛拉、猛扭	verb		中高級		
8363	wrestle	摔角、鬥爭；摔角、全力對付	noun/verb		中高級		6
8364	wretched	感到不適的、極壞的	adj.		中高級		
8365	wring	擰、絞出(水) 、(因焦急或煩惱)扭絞雙手；絞、擰、扭	verb/noun		中高級		
8366	yacht	遊艇、快艇	noun		中高級		5
8367	yarn	紗線；編造的故事、奇談	noun		中高級		
8368	yarn	編造故事、長談	verb		中高級		
8369	yearn	渴求、渴望	verb		中高級		6
8370	yeast	酵母、酵母菌	noun		中高級		
8371	yen	日元	noun		中高級		
8372	yen	渴望	verb		中高級		
8373	yield	產量、利潤	noun		中高級		5
8374	yield	服從、屈服；出產、產生(效果、收益)	verb		中高級		5
8375	yoga	瑜珈	noun		中高級		6
8376	yoke	軛、枷鎖	noun		中高級		
8377	yoke	使結合	verb		中高級		
8378	yucky	討厭的、令人厭惡的	adj.		中高級		
8379	zeal	熱情、激情	noun		中高級		
8380	zinc	鋅	noun		中高級		
8381	zip	拉拉鍊、快速移動	verb	= ZIP/zone improvement plan/zip code	中高級		
8382	zoom	快速移動、急劇增長；(車輛)疾馳的聲音	verb/noun		中高級		6
8383	align	使對齊；使一致；使結盟	v.	高中英文參考詞彙表（111學年度起適用）	高中		6
8384	against	反對；靠著；對抗	prep.	高中英文參考詞彙表（111學年度起適用）	高中		2
8385	aluminum	鋁	n.	高中英文參考詞彙表（111學年度起適用）	高中		6
8386	aspire	渴望；立志	v.	高中英文參考詞彙表（111學年度起適用）	高中		6
8387	armed	武裝的；配有武器的	adj.	高中英文參考詞彙表（111學年度起適用）	高中		3
8388	backyard	後院	n.	高中英文參考詞彙表（111學年度起適用）	高中		5
8389	bulb	燈泡；球莖	n.	高中英文參考詞彙表（111學年度起適用）	高中		3
8390	boxing	拳擊	n.	高中英文參考詞彙表（111學年度起適用）	高中		6
8391	businessman	商人；男企業家	n.	高中英文參考詞彙表（111學年度起適用）	高中		2
8392	calculation	計算；估算	n.	高中英文參考詞彙表（111學年度起適用）	高中		4
8393	cellular	細胞的；行動通訊的	adj.	高中英文參考詞彙表（111學年度起適用）	高中		6
8394	catalogue	目錄；編入目錄	n./v.	高中英文參考詞彙表（111學年度起適用）	高中		4
8395	chairman/chairwoman	主席；男主席／女主席	n.	高中英文參考詞彙表（111學年度起適用）	高中		6
8396	chili	辣椒；辣味燉肉	n.	高中英文參考詞彙表（111學年度起適用）	高中		6
8397	citizenship	公民身分；公民權	n.	高中英文參考詞彙表（111學年度起適用）	高中		5
8398	cognitive	認知的	adj.	高中英文參考詞彙表（111學年度起適用）	高中		5
8399	compliance	遵守；服從；符合	n.	高中英文參考詞彙表（111學年度起適用）	高中		5
8400	database	資料庫	n.	高中英文參考詞彙表（111學年度起適用）	高中		3
8401	dialogue	對話；對白	n.	高中英文參考詞彙表（111學年度起適用）	高中		2
8402	discourse	論述；談話；話語	n.	高中英文參考詞彙表（111學年度起適用）	高中		5
8403	earphone	耳機	n.	高中英文參考詞彙表（111學年度起適用）	高中		4
8404	draught	氣流；一口飲料；吃水深度	n.	高中英文參考詞彙表（111學年度起適用）	高中		6
8405	drawing	繪畫；圖畫；抽籤	n.	高中英文參考詞彙表（111學年度起適用）	高中		2
8406	envision	想像；展望	v.	高中英文參考詞彙表（111學年度起適用）	高中		5
8407	equalize	使相等；使平衡	v.	高中英文參考詞彙表（111學年度起適用）	高中		6
8408	excited	興奮的；激動的	adj.	高中英文參考詞彙表（111學年度起適用）	高中		1
8409	exciting	令人興奮的	adj.	高中英文參考詞彙表（111學年度起適用）	高中		1
8410	finally	最後；終於	adv.	高中英文參考詞彙表（111學年度起適用）	高中		1
8411	fireman/firewoman	消防員	n.	高中英文參考詞彙表（111學年度起適用）	高中		2
8412	farther	更遠地；更遠的	adv./adj.	高中英文參考詞彙表（111學年度起適用）	高中		3
8413	fiance	未婚夫	n.	高中英文參考詞彙表（111學年度起適用）	高中		6
8414	flexibility	彈性；靈活性	n.	高中英文參考詞彙表（111學年度起適用）	高中		5
8415	flip	翻轉；輕彈；快速翻動	v./n.	高中英文參考詞彙表（111學年度起適用）	高中		5
8416	freight	貨運；貨物；運送貨物	n./v.	高中英文參考詞彙表（111學年度起適用）	高中		5
8417	fries	薯條	n.	高中英文參考詞彙表（111學年度起適用）	高中		2
8418	glamour	魅力；迷人的吸引力	n.	高中英文參考詞彙表（111學年度起適用）	高中		6
8419	headphone(s)	耳罩式耳機；耳機	n.	高中英文參考詞彙表（111學年度起適用）	高中		6
8420	icon	圖示；偶像；代表性人物	n.	高中英文參考詞彙表（111學年度起適用）	高中		5
8421	interested	感興趣的	adj.	高中英文參考詞彙表（111學年度起適用）	高中		1
8422	interesting	有趣的；引人興趣的	adj.	高中英文參考詞彙表（111學年度起適用）	高中		1
8423	junior	較年輕的；資淺的；晚輩	adj./n.	高中英文參考詞彙表（111學年度起適用）	高中		3
8424	invariably	總是；一貫地	adv.	高中英文參考詞彙表（111學年度起適用）	高中		6
8425	invasion	入侵；侵略	n.	高中英文參考詞彙表（111學年度起適用）	高中		4
8426	jolly	愉快的；非常；使高興	adj./adv./v./n.	高中英文參考詞彙表（111學年度起適用）	高中		6
8427	married	已婚的	adj.	高中英文參考詞彙表（111學年度起適用）	高中		1
8428	mentor	導師；指導者	n.	高中英文參考詞彙表（111學年度起適用）	高中		5
8429	miscellaneous	各式各樣的；混雜的	adj.	高中英文參考詞彙表（111學年度起適用）	高中		6
8430	mortality	死亡率；死亡	n.	高中英文參考詞彙表（111學年度起適用）	高中		5
8431	mostly	主要地；大部分	adv.	高中英文參考詞彙表（111學年度起適用）	高中		3
8432	nonprofit	非營利的	adj.	高中英文參考詞彙表（111學年度起適用）	高中		5
8433	placement	安置；配置；實習安排	n.	高中英文參考詞彙表（111學年度起適用）	高中		5
8434	psychotherapy	心理治療	n.	高中英文參考詞彙表（111學年度起適用）	高中		6
8435	respondent	受訪者；答覆者	n.	高中英文參考詞彙表（111學年度起適用）	高中		5
8436	restoration	恢復；修復；復原	n.	高中英文參考詞彙表（111學年度起適用）	高中		6
8437	reliant	依賴的	adj.	高中英文參考詞彙表（111學年度起適用）	高中		6
8438	saleswoman	女售貨員；女性業務員	n.	高中英文參考詞彙表（111學年度起適用）	高中		2
8439	sensor	感測器；傳感器	n.	高中英文參考詞彙表（111學年度起適用）	高中		5
8440	scared	害怕的	adj.	高中英文參考詞彙表（111學年度起適用）	高中		2
8441	sheer	完全的；陡峭的；垂直地	adj./adv.	高中英文參考詞彙表（111學年度起適用）	高中		5
8442	shortsighted	近視的；缺乏遠見的	adj.	高中英文參考詞彙表（111學年度起適用）	高中		6
8443	spokeswoman	女發言人	n.	高中英文參考詞彙表（111學年度起適用）	高中		6
8444	statute	法令；成文法	n.	高中英文參考詞彙表（111學年度起適用）	高中		6
8445	strand	使擱淺；使陷入困境；一縷	v./n.	高中英文參考詞彙表（111學年度起適用）	高中		5
8446	supposedly	據說；據稱	adv.	高中英文參考詞彙表（111學年度起適用）	高中		5
8447	surname	姓氏	n.	高中英文參考詞彙表（111學年度起適用）	高中		6
8448	surprised	感到驚訝的	adj.	高中英文參考詞彙表（111學年度起適用）	高中		1
8449	telecommunications	電信；遠距通訊	n.	高中英文參考詞彙表（111學年度起適用）	高中		6
8450	telegraph	電報；以電報傳送	n./v.	高中英文參考詞彙表（111學年度起適用）	高中		4
8451	theology	神學	n.	高中英文參考詞彙表（111學年度起適用）	高中		5
8452	tired	疲倦的；厭倦的	adj.	高中英文參考詞彙表（111學年度起適用）	高中		1
8453	undoubtedly	無疑地；確實地	adv.	高中英文參考詞彙表（111學年度起適用）	高中		5
